dataset,model,n_features,fold_best_params,fold_thresholds,median_threshold,tp_mean,tp_std,fp_mean,fp_std,tn_mean,tn_std,fn_mean,fn_std,auc_mean,auc_std,accuracy_mean,accuracy_std,balanced_accuracy_mean,balanced_accuracy_std,recall_mean,recall_std,sensitivity_mean,sensitivity_std,specificity_mean,specificity_std,f1_mean,f1_std,mcc_mean,mcc_std,threshold_mean,threshold_std
enterococcus_vancomycin_cdhit_train,HistGB,32,"[{'clf__l2_regularization': 0.0, 'clf__learning_rate': 0.05, 'clf__max_depth': 3, 'clf__max_leaf_nodes': 31, 'clf__min_samples_leaf': 10}, {'clf__l2_regularization': 0.0, 'clf__learning_rate': 0.05, 'clf__max_depth': 3, 'clf__max_leaf_nodes': 31, 'clf__min_samples_leaf': 10}, {'clf__l2_regularization': 0.0, 'clf__learning_rate': 0.1, 'clf__max_depth': 3, 'clf__max_leaf_nodes': 31, 'clf__min_samples_leaf': 10}, {'clf__l2_regularization': 1.0, 'clf__learning_rate': 0.05, 'clf__max_depth': 3, 'clf__max_leaf_nodes': 31, 'clf__min_samples_leaf': 10}, {'clf__l2_regularization': 0.0, 'clf__learning_rate': 0.05, 'clf__max_depth': 3, 'clf__max_leaf_nodes': 31, 'clf__min_samples_leaf': 10}]","[0.8906030729779352, 0.7490633837847208, 0.982444720851967, 0.8549271832037827, 0.30906421101640424]",0.854927183,70.2,1.166190379,0.8,0.748331477,46.4,0.8,1.2,0.979795897,0.996204592,0.004051873,0.983150548,0.011874209,0.983122107,0.012034527,0.983176839,0.013736796,0.983176839,0.013736796,0.983067376,0.015899224,0.985933381,0.009878597,0.965101773,0.024769037,0.757220514,0.236209252
enterococcus_vancomycin_cdhit_train,RBF SVM,32,"[{'clf__C': 10, 'clf__gamma': 0.1}, {'clf__C': 100, 'clf__gamma': 'auto'}, {'clf__C': 10, 'clf__gamma': 'scale'}, {'clf__C': 100, 'clf__gamma': 0.01}, {'clf__C': 100, 'clf__gamma': 0.01}]","[0.7370758746257084, 0.4801883556851462, 0.8729033329883549, 0.7969184012701447, 0.8374354554197723]",0.796918401,70,1.414213562,0.8,0.748331477,46.4,0.8,1.4,1.496662955,0.990349366,0.009489642,0.981469876,0.017128479,0.98175278,0.016479606,0.980438185,0.020808476,0.980438185,0.020808476,0.983067376,0.015899224,0.98447665,0.014365551,0.961760453,0.03538735,0.744904284,0.13984781
enterococcus_vancomycin_cdhit_train,Balanced Random Forest,32,"[{'clf__max_depth': None, 'clf__min_samples_leaf': 1, 'clf__min_samples_split': 5, 'clf__n_estimators': 200}, {'clf__max_depth': None, 'clf__min_samples_leaf': 1, 'clf__min_samples_split': 2, 'clf__n_estimators': 200}, {'clf__max_depth': None, 'clf__min_samples_leaf': 1, 'clf__min_samples_split': 2, 'clf__n_estimators': 200}, {'clf__max_depth': None, 'clf__min_samples_leaf': 1, 'clf__min_samples_split': 5, 'clf__n_estimators': 500}, {'clf__max_depth': None, 'clf__min_samples_leaf': 1, 'clf__min_samples_split': 10, 'clf__n_estimators': 500}]","[0.5131687062937064, 0.53, 0.5224962121212122, 0.405, 0.5314587301587305]",0.522496212,69.8,1.166190379,0.8,0.748331477,46.4,0.8,1.6,1.356465997,0.995662272,0.002976864,0.979789204,0.015569114,0.980363891,0.015119747,0.977660407,0.018846223,0.977660407,0.018846223,0.983067376,0.015899224,0.983078049,0.013067954,0.958287004,0.032169515,0.50042473,0.04815235
enterococcus_vancomycin_cdhit_train,Random Forest,32,"[{'clf__max_depth': 10, 'clf__min_samples_leaf': 1, 'clf__min_samples_split': 10, 'clf__n_estimators': 500}, {'clf__max_depth': None, 'clf__min_samples_leaf': 1, 'clf__min_samples_split': 2, 'clf__n_estimators': 200}, {'clf__max_depth': None, 'clf__min_samples_leaf': 1, 'clf__min_samples_split': 2, 'clf__n_estimators': 200}, {'clf__max_depth': None, 'clf__min_samples_leaf': 1, 'clf__min_samples_split': 10, 'clf__n_estimators': 200}, {'clf__max_depth': 10, 'clf__min_samples_leaf': 1, 'clf__min_samples_split': 5, 'clf__n_estimators': 200}]","[0.5131435973483492, 0.555, 0.585, 0.4677256087347012, 0.5605046405800792]",0.555,69.8,1.166190379,0.8,0.748331477,46.4,0.8,1.6,1.356465997,0.994411564,0.003898092,0.979789204,0.015569114,0.980363891,0.015119747,0.977660407,0.018846223,0.977660407,0.018846223,0.983067376,0.015899224,0.983078049,0.013067954,0.958287004,0.032169515,0.536274769,0.041342249
enterococcus_vancomycin_cdhit_train,LogReg (L2),32,"[{'clf__C': 1}, {'clf__C': 100}, {'clf__C': 100}, {'clf__C': 10}, {'clf__C': 10}]","[0.3761706504080206, 0.7029873618622375, 0.5944960410943436, 0.4971037632676441, 0.6326377197903844]",0.594496041,69.8,0.748331477,0.8,0.748331477,46.4,0.8,1.6,1.019803903,0.991931792,0.006279221,0.979789204,0.011375893,0.980363891,0.011442239,0.977660407,0.014172478,0.977660407,0.014172478,0.983067376,0.015899224,0.983117446,0.009457071,0.958241981,0.02377599,0.560679107,0.113717599
enterococcus_vancomycin_cdhit_train,LogReg (L1),32,"[{'clf__C': 1}, {'clf__C': 10}, {'clf__C': 10}, {'clf__C': 1}, {'clf__C': 1}]","[0.6967444181728797, 0.7292600421959796, 0.7717411060610119, 0.6508940744535027, 0.6581600924661685]",0.696744418,69.6,0.8,0.8,0.748331477,46.4,0.8,1.8,1.166190379,0.989894866,0.008202964,0.978108532,0.011369578,0.978975002,0.011075937,0.974882629,0.01618442,0.974882629,0.01618442,0.983067376,0.015899224,0.981679028,0.009469047,0.954930272,0.023662122,0.701359947,0.045091591
enterococcus_vancomycin_cdhit_train,SGD Logistic,32,"[{'clf__alpha': 1e-05}, {'clf__alpha': 0.0001}, {'clf__alpha': 0.0001}, {'clf__alpha': 0.001}, {'clf__alpha': 0.001}]","[0.8273249375142243, 0.6661676290854361, 0.7134470961774604, 0.5849793879854869, 0.571508874529668]",0.666167629,69.4,1.496662955,0.8,0.748331477,46.4,0.8,2,1.414213562,0.991691223,0.006221704,0.976427859,0.01537728,0.977527428,0.014810743,0.97198748,0.019864405,0.97198748,0.019864405,0.983067376,0.015899224,0.980158403,0.013037819,0.951578083,0.031570545,0.672685585,0.093323542
enterococcus_vancomycin_cdhit_train,Extra Trees,32,"[{'clf__max_depth': None, 'clf__min_samples_leaf': 1, 'clf__min_samples_split': 10, 'clf__n_estimators': 200}, {'clf__max_depth': 10, 'clf__min_samples_leaf': 1, 'clf__min_samples_split': 10, 'clf__n_estimators': 200}, {'clf__max_depth': None, 'clf__min_samples_leaf': 1, 'clf__min_samples_split': 2, 'clf__n_estimators': 500}, {'clf__max_depth': None, 'clf__min_samples_leaf': 1, 'clf__min_samples_split': 2, 'clf__n_estimators': 500}, {'clf__max_depth': None, 'clf__min_samples_leaf': 1, 'clf__min_samples_split': 10, 'clf__n_estimators': 200}]","[0.5256232803829095, 0.5191229546962622, 0.6612475247524753, 0.57, 0.5911478714044782]",0.57,69.4,1.496662955,0.8,0.748331477,46.4,0.8,2,1.414213562,0.993803067,0.005411884,0.97638513,0.017162271,0.977527428,0.016694043,0.97198748,0.019698428,0.97198748,0.019698428,0.983067376,0.015899224,0.980160966,0.014395869,0.951349663,0.035437833,0.573428326,0.051521536
enterococcus_vancomycin_cdhit_train,Linear SVM,32,"[{'clf__C': 1}, {'clf__C': 0.1}, {'clf__C': 100}, {'clf__C': 1}, {'clf__C': 1}]","[-0.09250202091158344, 0.0060942943945032635, 0.8064513242722473, -0.05520688164555437, 0.21117622947653325]",0.006094294,70,1.414213562,1.6,1.743559577,45.6,1.854723699,1.4,1.496662955,0.991392801,0.007075807,0.974747187,0.01402754,0.973242142,0.016380325,0.980438185,0.020808476,0.980438185,0.020808476,0.966046099,0.037127931,0.979123746,0.011452726,0.948276018,0.028517017,0.175202589,0.332602155
enterococcus_vancomycin_cdhit_train,AdaBoost,32,"[{'clf__learning_rate': 1.0, 'clf__n_estimators': 100}, {'clf__learning_rate': 0.5, 'clf__n_estimators': 500}, {'clf__learning_rate': 0.5, 'clf__n_estimators': 500}, {'clf__learning_rate': 0.1, 'clf__n_estimators': 500}, {'clf__learning_rate': 1.0, 'clf__n_estimators': 50}]","[0.5303932202158778, 0.5134487628233925, 0.550686823996086, 0.5193285519095299, 0.5081646101147097]",0.519328552,69,1.414213562,1,0.632455532,46.2,0.748331477,2.4,1.624807681,0.992094529,0.005657374,0.971371599,0.01727886,0.972641553,0.016159975,0.966471049,0.022592195,0.966471049,0.022592195,0.978812057,0.013457669,0.975885814,0.01465258,0.941209364,0.035343509,0.524404394,0.015074168
enterococcus_vancomycin_cdhit_train,Decision Tree,32,"[{'clf__max_depth': None, 'clf__min_samples_leaf': 2, 'clf__min_samples_split': 10}, {'clf__max_depth': None, 'clf__min_samples_leaf': 5, 'clf__min_samples_split': 2}, {'clf__max_depth': None, 'clf__min_samples_leaf': 1, 'clf__min_samples_split': 2}, {'clf__max_depth': None, 'clf__min_samples_leaf': 2, 'clf__min_samples_split': 10}, {'clf__max_depth': None, 'clf__min_samples_leaf': 2, 'clf__min_samples_split': 10}]","[1.0, 0.7682926829268292, 1.0, 0.7251798561151079, 0.5701357466063349]",0.768292683,68.6,0.489897949,0.8,0.748331477,46.4,0.8,2.8,0.748331477,0.987568674,0.013430465,0.969676684,0.008500139,0.971952311,0.009122115,0.960837246,0.010259347,0.960837246,0.010259347,0.983067376,0.015899224,0.97446596,0.007099941,0.937892212,0.017672289,0.812721657,0.16651233
enterococcus_vancomycin_cdhit_train,Gradient Boosting,32,"[{'clf__learning_rate': 0.01, 'clf__max_depth': 2, 'clf__n_estimators': 500}, {'clf__learning_rate': 0.01, 'clf__max_depth': 2, 'clf__n_estimators': 500}, {'clf__learning_rate': 0.01, 'clf__max_depth': 3, 'clf__n_estimators': 100}, {'clf__learning_rate': 0.01, 'clf__max_depth': 2, 'clf__n_estimators': 500}, {'clf__learning_rate': 0.1, 'clf__max_depth': 1, 'clf__n_estimators': 500}]","[0.8460948508683052, 0.8175413091241696, 0.8486886299444644, 0.8442795960256027, 0.7882822862849349]",0.844279596,68,4.604345773,0.8,0.748331477,46.4,0.8,3.4,4.841487375,0.987822146,0.015674517,0.96464891,0.045819699,0.96784433,0.040224947,0.952621283,0.067181597,0.952621283,0.067181597,0.983067376,0.015899224,0.968952663,0.041233268,0.931000558,0.086665576,0.828977334,0.023248971
enterococcus_vancomycin_cdhit_train,KNN,32,"[{'clf__n_neighbors': 3, 'clf__p': 1, 'clf__weights': 'distance'}, {'clf__n_neighbors': 11, 'clf__p': 1, 'clf__weights': 'distance'}, {'clf__n_neighbors': 11, 'clf__p': 1, 'clf__weights': 'distance'}, {'clf__n_neighbors': 5, 'clf__p': 1, 'clf__weights': 'distance'}, {'clf__n_neighbors': 9, 'clf__p': 1, 'clf__weights': 'distance'}]","[0.375, 0.5945945945945946, 0.5294117647058824, 0.6000000000000001, 0.35294117647058826]",0.529411765,68.4,1.356465997,1.8,0.979795897,45.4,1.019803903,3,1.264911064,0.991283546,0.007282558,0.95949295,0.017296779,0.959930327,0.017589337,0.957981221,0.01775644,0.957981221,0.01775644,0.961879433,0.020813519,0.966036217,0.014617343,0.916208416,0.03571354,0.490389507,0.106398007
enterococcus_vancomycin_cdhit_train,BernoulliNB,32,"[{'clf__alpha': 1.0, 'clf__binarize': None}, {'clf__alpha': 10.0, 'clf__binarize': None}, {'clf__alpha': 1.0, 'clf__binarize': None}, {'clf__alpha': 1.0, 'clf__binarize': None}, {'clf__alpha': 10.0, 'clf__binarize': None}]","[0.9747140246427382, 0.5492528499534991, 0.8420417626635087, 0.8960116475544007, 0.5300396366947062]",0.842041763,62.8,1.939071943,0.4,0.489897949,46.8,0.4,8.6,2.244994432,0.964292195,0.015708185,0.924156103,0.019102175,0.935636425,0.016199495,0.879694836,0.030853144,0.879694836,0.030853144,0.991578014,0.010315736,0.932926872,0.017666249,0.855403196,0.034008525,0.758411984,0.183638587
enterococcus_vancomycin_cdhit+phenotypeseeker_train,HistGB,1032,"[{'clf__l2_regularization': 0.0, 'clf__learning_rate': 0.05, 'clf__max_depth': 3, 'clf__max_leaf_nodes': 31, 'clf__min_samples_leaf': 10}, {'clf__l2_regularization': 0.0, 'clf__learning_rate': 0.1, 'clf__max_depth': 6, 'clf__max_leaf_nodes': 31, 'clf__min_samples_leaf': 10}, {'clf__l2_regularization': 0.0, 'clf__learning_rate': 0.1, 'clf__max_depth': 6, 'clf__max_leaf_nodes': 31, 'clf__min_samples_leaf': 10}, {'clf__l2_regularization': 1.0, 'clf__learning_rate': 0.05, 'clf__max_depth': 3, 'clf__max_leaf_nodes': 31, 'clf__min_samples_leaf': 10}, {'clf__l2_regularization': 0.0, 'clf__learning_rate': 0.1, 'clf__max_depth': 3, 'clf__max_leaf_nodes': 31, 'clf__min_samples_leaf': 10}]","[0.8606484843302181, 0.7930812330563247, 0.9702912176289695, 0.5121644920187541, 0.5717409381547222]",0.793081233,70.8,0.979795897,0.4,0.489897949,46.8,0.748331477,0.6,1.2,0.998571571,0.001749532,0.991582396,0.013018463,0.991578014,0.012239181,0.991666667,0.016666667,0.991666667,0.016666667,0.991489362,0.010423361,0.992967596,0.01090983,0.982632474,0.026819843,0.741585273,0.173559952
enterococcus_vancomycin_cdhit+phenotypeseeker_train,AdaBoost,1032,"[{'clf__learning_rate': 0.1, 'clf__n_estimators': 500}, {'clf__learning_rate': 0.5, 'clf__n_estimators': 50}, {'clf__learning_rate': 1.0, 'clf__n_estimators': 50}, {'clf__learning_rate': 0.1, 'clf__n_estimators': 500}, {'clf__learning_rate': 1.0, 'clf__n_estimators': 200}]","[0.5101813754558571, 0.5076031744900078, 0.5340666437993922, 0.5310149868865244, 0.5220137337335432]",0.522013734,70.8,0.4,0.6,0.489897949,46.6,0.489897949,0.6,0.489897949,0.999285786,0.000874766,0.98988748,0.003347253,0.989475119,0.003867459,0.991627543,0.006836456,0.991627543,0.006836456,0.987322695,0.010352242,0.991607978,0.002748702,0.979009124,0.007087776,0.520975983,0.010663766
enterococcus_vancomycin_cdhit+phenotypeseeker_train,Gradient Boosting,1032,"[{'clf__learning_rate': 0.01, 'clf__max_depth': 2, 'clf__n_estimators': 500}, {'clf__learning_rate': 0.01, 'clf__max_depth': 2, 'clf__n_estimators': 500}, {'clf__learning_rate': 0.05, 'clf__max_depth': 1, 'clf__n_estimators': 500}, {'clf__learning_rate': 0.05, 'clf__max_depth': 1, 'clf__n_estimators': 500}, {'clf__learning_rate': 0.2, 'clf__max_depth': 1, 'clf__n_estimators': 500}]","[0.6151553018415679, 0.7238886124753375, 0.8848340149478128, 0.54252548720209, 0.968123340498704]",0.723888612,70.8,0.4,0.6,0.489897949,46.6,0.489897949,0.6,0.489897949,0.999170496,0.000686202,0.98988748,0.003347253,0.989475119,0.003867459,0.991627543,0.006836456,0.991627543,0.006836456,0.987322695,0.010352242,0.991607978,0.002748702,0.979009124,0.007087776,0.746905351,0.159762755
enterococcus_vancomycin_cdhit+phenotypeseeker_train,LogReg (L2),1032,"[{'clf__C': 10}, {'clf__C': 100}, {'clf__C': 100}, {'clf__C': 10}, {'clf__C': 100}]","[0.7838922982529207, 0.33291393037228506, 0.29879214134756743, 0.7578116778076631, 0.7192588388284468]",0.719258839,70.6,1.496662955,0.6,0.8,46.6,0.489897949,0.8,1.166190379,0.999222106,0.001266206,0.988164079,0.012672287,0.988071871,0.01249991,0.988732394,0.016425217,0.988732394,0.016425217,0.987411348,0.016711875,0.990089497,0.010662426,0.975666665,0.026034493,0.578533777,0.215731649
enterococcus_vancomycin_cdhit+phenotypeseeker_train,LogReg (L1),1032,"[{'clf__C': 10}, {'clf__C': 10}, {'clf__C': 1}, {'clf__C': 10}, {'clf__C': 1}]","[0.5817048762910491, 0.6719197996714068, 0.5463139762804357, 0.6957711148034831, 0.7235154037333769]",0.6719198,70.6,1.019803903,0.6,0.489897949,46.6,0.489897949,0.8,0.748331477,0.999161755,0.001533013,0.988178322,0.004186566,0.988047107,0.003647535,0.988771518,0.010529709,0.988771518,0.010529709,0.987322695,0.010352242,0.990149443,0.003539895,0.975579222,0.008590966,0.643845034,0.068125743
enterococcus_vancomycin_cdhit+phenotypeseeker_train,Linear SVM,1032,"[{'clf__C': 0.1}, {'clf__C': 1}, {'clf__C': 10}, {'clf__C': 10}, {'clf__C': 1}]","[0.1217996321281824, 0.08486662421868008, 0.20094458209522598, 0.17558894060886104, 0.220158973790313]",0.175588941,70.8,0.748331477,0.8,0.748331477,46.4,0.489897949,0.6,0.489897949,0.999761096,0.000224036,0.988192565,0.006737158,0.987372224,0.007849486,0.991588419,0.006868398,0.991588419,0.006868398,0.983156028,0.015639062,0.990209103,0.005570759,0.975490074,0.014018779,0.160671751,0.050280438
enterococcus_vancomycin_cdhit+phenotypeseeker_train,Decision Tree,1032,"[{'clf__max_depth': None, 'clf__min_samples_leaf': 5, 'clf__min_samples_split': 20}, {'clf__max_depth': None, 'clf__min_samples_leaf': 1, 'clf__min_samples_split': 2}, {'clf__max_depth': None, 'clf__min_samples_leaf': 2, 'clf__min_samples_split': 10}, {'clf__max_depth': None, 'clf__min_samples_leaf': 5, 'clf__min_samples_split': 2}, {'clf__max_depth': None, 'clf__min_samples_leaf': 2, 'clf__min_samples_split': 10}]","[0.7058521560574949, 1.0, 1.0, 0.7251798561151079, 1.0]",1,70.8,0.748331477,1,1.095445115,46.2,0.748331477,0.6,0.8,0.989608514,0.007340099,0.986526136,0.010069841,0.985308452,0.011503949,0.991627543,0.011130931,0.991627543,0.011130931,0.978989362,0.022822806,0.988849224,0.008314848,0.972190617,0.020761339,0.886206402,0.13950208
enterococcus_vancomycin_cdhit+phenotypeseeker_train,SGD Logistic,1032,"[{'clf__alpha': 0.01}, {'clf__alpha': 0.001}, {'clf__alpha': 0.001}, {'clf__alpha': 0.01}, {'clf__alpha': 0.001}]","[0.3741826218165627, 0.8319879106305316, 0.40441297797170933, 0.34932441678126136, 0.7722401202353226]",0.404412978,69.6,0.8,0.6,0.8,46.6,0.489897949,1.8,0.979795897,0.99531557,0.004323026,0.979760718,0.004146739,0.981127426,0.004235022,0.974843505,0.01364153,0.974843505,0.01364153,0.987411348,0.016711875,0.98303754,0.003524711,0.958605411,0.008508726,0.546429609,0.210343593
enterococcus_vancomycin_cdhit+phenotypeseeker_train,RBF SVM,1032,"[{'clf__C': 100, 'clf__gamma': 'auto'}, {'clf__C': 100, 'clf__gamma': 'auto'}, {'clf__C': 100, 'clf__gamma': 'scale'}, {'clf__C': 100, 'clf__gamma': 'auto'}, {'clf__C': 100, 'clf__gamma': 'auto'}]","[0.6601570652618397, 0.7129840739905094, 0.6710000299686201, 0.473471231558472, 0.7701268905637325]",0.67100003,70.2,0.748331477,1,0.894427191,46.2,0.748331477,1.2,0.748331477,0.999048547,0.001083486,0.981455633,0.008222237,0.981058336,0.009337092,0.983215962,0.0104676,0.983215962,0.0104676,0.978900709,0.018834428,0.984594021,0.006769673,0.961573795,0.017326623,0.657547858,0.099819022
enterococcus_vancomycin_cdhit+phenotypeseeker_train,Random Forest,1032,"[{'clf__max_depth': None, 'clf__min_samples_leaf': 1, 'clf__min_samples_split': 5, 'clf__n_estimators': 500}, {'clf__max_depth': None, 'clf__min_samples_leaf': 1, 'clf__min_samples_split': 2, 'clf__n_estimators': 200}, {'clf__max_depth': 10, 'clf__min_samples_leaf': 1, 'clf__min_samples_split': 2, 'clf__n_estimators': 500}, {'clf__max_depth': None, 'clf__min_samples_leaf': 1, 'clf__min_samples_split': 5, 'clf__n_estimators': 200}, {'clf__max_depth': None, 'clf__min_samples_leaf': 1, 'clf__min_samples_split': 2, 'clf__n_estimators': 200}]","[0.5006695774794467, 0.55, 0.3795945849838343, 0.5879941785319007, 0.515]",0.515,69,2.097617696,1.2,1.469693846,46,1.549193338,2.4,1.959591794,0.998186994,0.001483932,0.969619712,0.020429605,0.970455208,0.020584269,0.966353678,0.027632475,0.966353678,0.027632475,0.974556738,0.031282646,0.974489198,0.017302671,0.937966665,0.041446308,0.506651668,0.070348652
enterococcus_vancomycin_cdhit+phenotypeseeker_train,Balanced Random Forest,1032,"[{'clf__max_depth': 5, 'clf__min_samples_leaf': 1, 'clf__min_samples_split': 2, 'clf__n_estimators': 200}, {'clf__max_depth': None, 'clf__min_samples_leaf': 1, 'clf__min_samples_split': 2, 'clf__n_estimators': 200}, {'clf__max_depth': None, 'clf__min_samples_leaf': 1, 'clf__min_samples_split': 10, 'clf__n_estimators': 200}, {'clf__max_depth': None, 'clf__min_samples_leaf': 1, 'clf__min_samples_split': 2, 'clf__n_estimators': 200}, {'clf__max_depth': None, 'clf__min_samples_leaf': 1, 'clf__min_samples_split': 2, 'clf__n_estimators': 500}]","[0.6089885608337087, 0.445, 0.3781210317460318, 0.535, 0.45]",0.45,68.2,1.6,1,1.095445115,46.2,1.166190379,3.2,1.469693846,0.996745247,0.002623544,0.964606181,0.020854766,0.966988188,0.021133232,0.955164319,0.020521603,0.955164319,0.020521603,0.978812057,0.023308017,0.970088161,0.017556904,0.927524863,0.0430526,0.483421919,0.080135916
enterococcus_vancomycin_cdhit+phenotypeseeker_train,Extra Trees,1032,"[{'clf__max_depth': None, 'clf__min_samples_leaf': 1, 'clf__min_samples_split': 5, 'clf__n_estimators': 200}, {'clf__max_depth': None, 'clf__min_samples_leaf': 1, 'clf__min_samples_split': 5, 'clf__n_estimators': 500}, {'clf__max_depth': 10, 'clf__min_samples_leaf': 1, 'clf__min_samples_split': 5, 'clf__n_estimators': 200}, {'clf__max_depth': None, 'clf__min_samples_leaf': 2, 'clf__min_samples_split': 10, 'clf__n_estimators': 200}, {'clf__max_depth': None, 'clf__min_samples_leaf': 1, 'clf__min_samples_split': 5, 'clf__n_estimators': 200}]","[0.6477074411087983, 0.5557637366354223, 0.5097083129672698, 0.6425896489524865, 0.5197424084214722]",0.555763737,67.4,2.576819745,0.8,0.748331477,46.4,0.8,4,2.607680962,0.997504412,0.002472901,0.959507193,0.025860006,0.96354073,0.023403016,0.944014085,0.036595634,0.944014085,0.036595634,0.983067376,0.015899224,0.965308732,0.022572012,0.918832021,0.050792377,0.57510231,0.059230262
enterococcus_vancomycin_cdhit+phenotypeseeker_train,KNN,1032,"[{'clf__n_neighbors': 7, 'clf__p': 1, 'clf__weights': 'distance'}, {'clf__n_neighbors': 5, 'clf__p': 1, 'clf__weights': 'distance'}, {'clf__n_neighbors': 9, 'clf__p': 1, 'clf__weights': 'distance'}, {'clf__n_neighbors': 11, 'clf__p': 1, 'clf__weights': 'distance'}, {'clf__n_neighbors': 1, 'clf__p': 1, 'clf__weights': 'uniform'}]","[0.5235920647447896, 0.6115757460558829, 0.6756340111788456, 0.5038817954371488, 1.0]",0.611575746,65.6,1.854723699,2,1.264911064,45.2,0.979795897,5.8,2.227105745,0.971079937,0.01649362,0.934240137,0.011108396,0.938368628,0.008156186,0.918935837,0.030752667,0.918935837,0.030752667,0.957801418,0.026355892,0.943743062,0.010196471,0.868098942,0.020765125,0.662936723,0.179513915
enterococcus_vancomycin_cdhit+phenotypeseeker_train,BernoulliNB,1032,"[{'clf__alpha': 0.01, 'clf__binarize': None}, {'clf__alpha': 0.01, 'clf__binarize': None}, {'clf__alpha': 0.01, 'clf__binarize': None}, {'clf__alpha': 0.01, 'clf__binarize': None}, {'clf__alpha': 0.01, 'clf__binarize': None}]","[1.7216476496550913e-307, 3.726222445728575e-307, 5.74250059984554e-310, 6.260282099349947e-299, 2.3373756651266e-311]",1.72E-307,62,3.346640106,8.4,3.006659276,38.8,2.925747768,9.4,3.826225294,0.881340942,0.046999757,0.850035607,0.042004116,0.845432108,0.042883415,0.868701095,0.052574125,0.868701095,0.052574125,0.822163121,0.063522705,0.874278127,0.035656121,0.690795742,0.087390205,1.25E-299,0
enterococcus_vancomycin_phenotypeseeker_train,HistGB,1000,"[{'clf__l2_regularization': 0.0, 'clf__learning_rate': 0.05, 'clf__max_depth': 3, 'clf__max_leaf_nodes': 31, 'clf__min_samples_leaf': 10}, {'clf__l2_regularization': 1.0, 'clf__learning_rate': 0.1, 'clf__max_depth': 3, 'clf__max_leaf_nodes': 31, 'clf__min_samples_leaf': 10}, {'clf__l2_regularization': 0.0, 'clf__learning_rate': 0.1, 'clf__max_depth': 3, 'clf__max_leaf_nodes': 31, 'clf__min_samples_leaf': 50}, {'clf__l2_regularization': 0.0, 'clf__learning_rate': 0.05, 'clf__max_depth': 6, 'clf__max_leaf_nodes': 31, 'clf__min_samples_leaf': 10}, {'clf__l2_regularization': 0.0, 'clf__learning_rate': 0.1, 'clf__max_depth': 3, 'clf__max_leaf_nodes': 31, 'clf__min_samples_leaf': 50}]","[0.6924596064718654, 0.8603461441972738, 0.5962572141934787, 0.9282486697753519, 0.5130723208260553]",0.692459606,69.6,1.019803903,0.8,0.748331477,46.4,0.489897949,1.8,1.166190379,0.997557687,0.00234631,0.978080046,0.008626171,0.978999767,0.008039923,0.974843505,0.01629235,0.974843505,0.01629235,0.983156028,0.015639062,0.981638373,0.007301962,0.955009407,0.017685947,0.718076791,0.156163933
enterococcus_vancomycin_phenotypeseeker_train,Decision Tree,1000,"[{'clf__max_depth': None, 'clf__min_samples_leaf': 5, 'clf__min_samples_split': 20}, {'clf__max_depth': 3, 'clf__min_samples_leaf': 1, 'clf__min_samples_split': 2}, {'clf__max_depth': None, 'clf__min_samples_leaf': 2, 'clf__min_samples_split': 20}, {'clf__max_depth': None, 'clf__min_samples_leaf': 5, 'clf__min_samples_split': 2}, {'clf__max_depth': 3, 'clf__min_samples_leaf': 2, 'clf__min_samples_split': 10}]","[0.7058521560574947, 0.8564954682779456, 1.0, 0.7251798561151079, 0.8883666274970624]",0.856495468,69,1.095445115,1,1.095445115,46.2,0.748331477,2.4,1.356465997,0.983854011,0.008990613,0.971343114,0.00856495,0.972730205,0.00866682,0.966471049,0.018870248,0.966471049,0.018870248,0.978989362,0.022822806,0.975943123,0.007279819,0.941535294,0.017581718,0.835178822,0.108880229
enterococcus_vancomycin_phenotypeseeker_train,Gradient Boosting,1000,"[{'clf__learning_rate': 0.01, 'clf__max_depth': 3, 'clf__n_estimators': 100}, {'clf__learning_rate': 0.2, 'clf__max_depth': 2, 'clf__n_estimators': 100}, {'clf__learning_rate': 0.1, 'clf__max_depth': 3, 'clf__n_estimators': 200}, {'clf__learning_rate': 0.01, 'clf__max_depth': 3, 'clf__n_estimators': 100}, {'clf__learning_rate': 0.05, 'clf__max_depth': 1, 'clf__n_estimators': 500}]","[0.6278286878300322, 0.9152931271641089, 0.6174745442107907, 0.6755569023875928, 0.6252145257033213]",0.627828688,69.2,0.979795897,1.2,1.6,46,1.549193338,2.2,1.166190379,0.99789107,0.002391406,0.971357357,0.015555427,0.971947108,0.017865031,0.969248826,0.016265929,0.969248826,0.016265929,0.97464539,0.033955637,0.976138041,0.012641869,0.941096689,0.033080157,0.692273557,0.113368534
enterococcus_vancomycin_phenotypeseeker_train,LogReg (L1),1000,"[{'clf__C': 1}, {'clf__C': 10}, {'clf__C': 10}, {'clf__C': 1}, {'clf__C': 100}]","[0.49263158576899274, 0.8295105246252245, 0.8865286450971074, 0.6741293584042134, 0.515531972959334]",0.674129358,68.8,1.720465053,1,0.632455532,46.2,0.4,2.6,1.854723699,0.994744115,0.004388999,0.969633955,0.012684224,0.971277428,0.009858501,0.963654147,0.025981272,0.963654147,0.025981272,0.978900709,0.013177946,0.97436158,0.010998279,0.938274844,0.025188147,0.679666417,0.159497988
enterococcus_vancomycin_phenotypeseeker_train,LogReg (L2),1000,"[{'clf__C': 1}, {'clf__C': 100}, {'clf__C': 1}, {'clf__C': 0.1}, {'clf__C': 0.1}]","[0.6170473472677103, 0.6926564377524398, 0.5000560385182323, 0.5405561432572953, 0.5707752259090637]",0.570775226,68.4,2.059126028,0.8,0.748331477,46.4,0.489897949,3,2,0.993440133,0.004549814,0.967924797,0.016442143,0.970568625,0.014251871,0.957981221,0.028131604,0.957981221,0.028131604,0.983156028,0.015639062,0.972777597,0.014282596,0.935200507,0.032628355,0.584218239,0.066342991
enterococcus_vancomycin_phenotypeseeker_train,AdaBoost,1000,"[{'clf__learning_rate': 0.1, 'clf__n_estimators': 500}, {'clf__learning_rate': 1.0, 'clf__n_estimators': 500}, {'clf__learning_rate': 0.5, 'clf__n_estimators': 500}, {'clf__learning_rate': 0.5, 'clf__n_estimators': 500}, {'clf__learning_rate': 0.5, 'clf__n_estimators': 100}]","[0.5054175163931892, 0.5137419440227722, 0.5179152326861823, 0.47950459019755076, 0.5025446944354923]",0.505417516,69.4,1.019803903,1.6,1.854723699,45.6,1.496662955,2,1.414213562,0.996497603,0.002804957,0.969676684,0.012567964,0.96925278,0.015463115,0.972104851,0.019614795,0.972104851,0.019614795,0.966400709,0.038651262,0.974797519,0.01034474,0.938010219,0.025621814,0.503824796,0.013360674
enterococcus_vancomycin_phenotypeseeker_train,Linear SVM,1000,"[{'clf__C': 0.1}, {'clf__C': 0.1}, {'clf__C': 0.1}, {'clf__C': 0.01}, {'clf__C': 1}]","[0.17716711715791217, -0.04566935563329841, -0.20061339154304933, 0.19283461854849634, -0.21066631611768682]",-0.045669356,68.8,2.481934729,1.2,0.748331477,46,0.632455532,2.6,2.416609195,0.990844238,0.005528872,0.967924797,0.020346522,0.969110645,0.017516328,0.9635759,0.034037649,0.9635759,0.034037649,0.97464539,0.015735254,0.972830707,0.017785144,0.934907482,0.039950731,-0.017389466,0.175369969
enterococcus_vancomycin_phenotypeseeker_train,SGD Logistic,1000,"[{'clf__alpha': 0.001}, {'clf__alpha': 0.01}, {'clf__alpha': 0.001}, {'clf__alpha': 0.01}, {'clf__alpha': 0.01}]","[0.9991610975982442, 0.3077509655611282, 0.9932060557276534, 0.5783306747922168, 0.609734224150997]",0.609734224,67.8,2.785677655,0.8,0.748331477,46.4,0.8,3.6,2.8,0.992998535,0.00624897,0.96288278,0.021787317,0.96633807,0.017827618,0.949608764,0.039142914,0.949608764,0.039142914,0.983067376,0.015899224,0.968204341,0.019217661,0.926084904,0.041653812,0.697636604,0.265424138
enterococcus_vancomycin_phenotypeseeker_train,Random Forest,1000,"[{'clf__max_depth': 3, 'clf__min_samples_leaf': 1, 'clf__min_samples_split': 2, 'clf__n_estimators': 200}, {'clf__max_depth': None, 'clf__min_samples_leaf': 1, 'clf__min_samples_split': 5, 'clf__n_estimators': 200}, {'clf__max_depth': None, 'clf__min_samples_leaf': 1, 'clf__min_samples_split': 2, 'clf__n_estimators': 200}, {'clf__max_depth': None, 'clf__min_samples_leaf': 2, 'clf__min_samples_split': 10, 'clf__n_estimators': 500}, {'clf__max_depth': None, 'clf__min_samples_leaf': 2, 'clf__min_samples_split': 2, 'clf__n_estimators': 200}]","[0.4596163906434187, 0.5411050492603432, 0.585, 0.5135088735207437, 0.552432494043601]",0.541105049,66.6,1.356465997,0.4,0.489897949,46.8,0.4,4.8,1.6,0.992754637,0.005143945,0.956174334,0.014510212,0.962220932,0.012811752,0.93286385,0.022187756,0.93286385,0.022187756,0.991578014,0.010315736,0.96233833,0.012628617,0.913052483,0.028263486,0.530332561,0.042135011
enterococcus_vancomycin_phenotypeseeker_train,RBF SVM,1000,"[{'clf__C': 100, 'clf__gamma': 'scale'}, {'clf__C': 10, 'clf__gamma': 'auto'}, {'clf__C': 100, 'clf__gamma': 'scale'}, {'clf__C': 100, 'clf__gamma': 'auto'}, {'clf__C': 100, 'clf__gamma': 'auto'}]","[0.5885252604693344, 0.7648142216539594, 0.6574086104171014, 0.42337457518716515, 0.7710464249082752]",0.65740861,68.4,1.743559577,1.6,1.356465997,45.6,1.2,3,2,0.99271801,0.003239652,0.961230594,0.014678818,0.962160998,0.013995287,0.958098592,0.027818635,0.958098592,0.027818635,0.966223404,0.028590116,0.967404512,0.012514146,0.921047657,0.02991048,0.641033819,0.128550142
enterococcus_vancomycin_phenotypeseeker_train,Balanced Random Forest,1000,"[{'clf__max_depth': 5, 'clf__min_samples_leaf': 5, 'clf__min_samples_split': 2, 'clf__n_estimators': 200}, {'clf__max_depth': 10, 'clf__min_samples_leaf': 1, 'clf__min_samples_split': 2, 'clf__n_estimators': 500}, {'clf__max_depth': 10, 'clf__min_samples_leaf': 1, 'clf__min_samples_split': 2, 'clf__n_estimators': 200}, {'clf__max_depth': None, 'clf__min_samples_leaf': 2, 'clf__min_samples_split': 10, 'clf__n_estimators': 500}, {'clf__max_depth': None, 'clf__min_samples_leaf': 2, 'clf__min_samples_split': 2, 'clf__n_estimators': 200}]","[0.5313273225145589, 0.5607507504171567, 0.4633979166666667, 0.5130735319028797, 0.5714044566544567]",0.531327323,66.4,1.624807681,0.6,0.489897949,46.6,0.489897949,5,1.788854382,0.993491742,0.004505286,0.952798747,0.017387786,0.958684822,0.015598216,0.930046948,0.024937931,0.930046948,0.024937931,0.987322695,0.010352242,0.959416312,0.015162449,0.906115167,0.033977252,0.527990796,0.038376706
enterococcus_vancomycin_phenotypeseeker_train,Extra Trees,1000,"[{'clf__max_depth': 5, 'clf__min_samples_leaf': 1, 'clf__min_samples_split': 10, 'clf__n_estimators': 200}, {'clf__max_depth': 10, 'clf__min_samples_leaf': 1, 'clf__min_samples_split': 2, 'clf__n_estimators': 200}, {'clf__max_depth': None, 'clf__min_samples_leaf': 2, 'clf__min_samples_split': 5, 'clf__n_estimators': 200}, {'clf__max_depth': None, 'clf__min_samples_leaf': 2, 'clf__min_samples_split': 10, 'clf__n_estimators': 500}, {'clf__max_depth': None, 'clf__min_samples_leaf': 5, 'clf__min_samples_split': 2, 'clf__n_estimators': 500}]","[0.5753637407164462, 0.6009759826315813, 0.4422674825330209, 0.5805979765905545, 0.5163163910246532]",0.575363741,66.6,1.624807681,1,1.095445115,46.2,1.166190379,4.8,1.720465053,0.994196384,0.004060793,0.951118074,0.020915066,0.955818391,0.020683942,0.932824726,0.024050566,0.932824726,0.024050566,0.978812057,0.023308017,0.958223705,0.017889072,0.901653411,0.042407886,0.543104315,0.057760254
enterococcus_vancomycin_phenotypeseeker_train,KNN,1000,"[{'clf__n_neighbors': 1, 'clf__p': 1, 'clf__weights': 'uniform'}, {'clf__n_neighbors': 5, 'clf__p': 1, 'clf__weights': 'distance'}, {'clf__n_neighbors': 9, 'clf__p': 1, 'clf__weights': 'distance'}, {'clf__n_neighbors': 11, 'clf__p': 1, 'clf__weights': 'distance'}, {'clf__n_neighbors': 1, 'clf__p': 1, 'clf__weights': 'uniform'}]","[1.0, 0.48940317941399325, 0.44402187593442266, 0.5864447545926302, 1.0]",0.586444755,66,2.898275349,3.6,2.059126028,43.6,1.854723699,5.4,2.939387691,0.961192272,0.017969103,0.924113374,0.019215292,0.924174658,0.018258788,0.924413146,0.041307885,0.924413146,0.041307885,0.92393617,0.043199873,0.935943993,0.016710963,0.845978074,0.040350627,0.703973962,0.246045383
enterococcus_vancomycin_phenotypeseeker_train,BernoulliNB,1000,"[{'clf__alpha': 0.01, 'clf__binarize': None}, {'clf__alpha': 0.01, 'clf__binarize': None}, {'clf__alpha': 0.01, 'clf__binarize': None}, {'clf__alpha': 0.01, 'clf__binarize': None}, {'clf__alpha': 0.01, 'clf__binarize': None}]","[5.3281127066e-314, 2.830237633338051e-306, 1.730130920723e-312, 1.2444620656701982e-297, 5.71091356115e-313]",1.730130920723e-312,62.2,3.487119155,8.4,3.006659276,38.8,2.925747768,9.2,3.969886648,0.880861469,0.046530392,0.85171628,0.042420919,0.846840559,0.043012047,0.871517997,0.054589789,0.871517997,0.054589789,0.822163121,0.063522705,0.875808595,0.036148119,0.69429433,0.088081926,2.49E-298,0
enterococcus_vancomycin_pointfinder_train,Extra Trees,29,"[{'clf__max_depth': 5, 'clf__min_samples_leaf': 1, 'clf__min_samples_split': 5, 'clf__n_estimators': 200}, {'clf__max_depth': None, 'clf__min_samples_leaf': 1, 'clf__min_samples_split': 10, 'clf__n_estimators': 200}, {'clf__max_depth': 10, 'clf__min_samples_leaf': 1, 'clf__min_samples_split': 2, 'clf__n_estimators': 200}, {'clf__max_depth': 5, 'clf__min_samples_leaf': 1, 'clf__min_samples_split': 10, 'clf__n_estimators': 200}, {'clf__max_depth': 3, 'clf__min_samples_leaf': 1, 'clf__min_samples_split': 2, 'clf__n_estimators': 200}]","[0.5031938172360279, 0.5320197044334958, 0.5001798441665125, 0.55889931889457, 0.5440422973392244]",0.532019704,53.2,2.315167381,19.6,2.154065923,27.6,2.416609195,18.2,2.315167381,0.65838203,0.051637999,0.681213502,0.033202766,0.664797681,0.035139003,0.745109546,0.032459884,0.745109546,0.032459884,0.584485816,0.047710852,0.737783514,0.027128695,0.331586243,0.07085311,0.527666996,0.022878088
enterococcus_vancomycin_pointfinder_train,Gradient Boosting,29,"[{'clf__learning_rate': 0.01, 'clf__max_depth': 3, 'clf__n_estimators': 500}, {'clf__learning_rate': 0.05, 'clf__max_depth': 1, 'clf__n_estimators': 500}, {'clf__learning_rate': 0.1, 'clf__max_depth': 2, 'clf__n_estimators': 200}, {'clf__learning_rate': 0.05, 'clf__max_depth': 2, 'clf__n_estimators': 500}, {'clf__learning_rate': 0.1, 'clf__max_depth': 2, 'clf__n_estimators': 500}]","[0.5687852321623248, 0.6162864659542157, 0.6788521388143809, 0.681069158967097, 0.6260322574941567]",0.626032257,53.2,2.925747768,19.8,2.13541565,27.4,2.416609195,18.2,3.18747549,0.68364882,0.029473379,0.679575559,0.042049953,0.662748269,0.042712111,0.745266041,0.043709063,0.745266041,0.043709063,0.580230496,0.047465105,0.736650185,0.035706585,0.32808226,0.087397112,0.634205051,0.04208855
enterococcus_vancomycin_pointfinder_train,AdaBoost,29,"[{'clf__learning_rate': 1.0, 'clf__n_estimators': 200}, {'clf__learning_rate': 1.0, 'clf__n_estimators': 100}, {'clf__learning_rate': 1.0, 'clf__n_estimators': 500}, {'clf__learning_rate': 1.0, 'clf__n_estimators': 500}, {'clf__learning_rate': 0.1, 'clf__n_estimators': 500}]","[0.5382707893722912, 0.5660114893496982, 0.5342773781114689, 0.5323077974686439, 0.6367758767944407]",0.538270789,52,2.366431913,19.4,1.356465997,27.8,1.6,19.4,2.416609195,0.6620686,0.037124745,0.672781655,0.031021647,0.658577648,0.030964238,0.728325509,0.033668015,0.728325509,0.033668015,0.588829787,0.03063017,0.728089117,0.026992217,0.317487465,0.063517688,0.561528666,0.039546578
enterococcus_vancomycin_pointfinder_train,LogReg (L2),29,"[{'clf__C': 0.1}, {'clf__C': 10}, {'clf__C': 100}, {'clf__C': 1}, {'clf__C': 1}]","[0.5345274887800021, 0.515241560526667, 0.5542604682674135, 0.6040593263981469, 0.5197767085981245]",0.534527489,52.2,2.315167381,19.6,2.154065923,27.6,2.416609195,19.2,2.315167381,0.6713486,0.032479662,0.672781655,0.035281844,0.657794551,0.037170115,0.731103286,0.032455074,0.731103286,0.032455074,0.584485816,0.047710852,0.728991846,0.028904781,0.316191459,0.07478378,0.545573111,0.032260101
enterococcus_vancomycin_pointfinder_train,Linear SVM,29,"[{'clf__C': 0.01}, {'clf__C': 0.1}, {'clf__C': 100}, {'clf__C': 0.01}, {'clf__C': 0.01}]","[0.0700952635910984, 0.043620654790252344, 0.004520017048308289, 0.1262915652117629, 0.07719812016253826]",0.070095264,52.2,2.315167381,19.6,2.154065923,27.6,2.416609195,19.2,2.315167381,0.654530017,0.055704692,0.672781655,0.035281844,0.657794551,0.037170115,0.731103286,0.032455074,0.731103286,0.032455074,0.584485816,0.047710852,0.728991846,0.028904781,0.316191459,0.07478378,0.064345124,0.040110279
enterococcus_vancomycin_pointfinder_train,HistGB,29,"[{'clf__l2_regularization': 0.0, 'clf__learning_rate': 0.05, 'clf__max_depth': 3, 'clf__max_leaf_nodes': 31, 'clf__min_samples_leaf': 10}, {'clf__l2_regularization': 0.0, 'clf__learning_rate': 0.1, 'clf__max_depth': 3, 'clf__max_leaf_nodes': 31, 'clf__min_samples_leaf': 50}, {'clf__l2_regularization': 0.0, 'clf__learning_rate': 0.05, 'clf__max_depth': 3, 'clf__max_leaf_nodes': 31, 'clf__min_samples_leaf': 10}, {'clf__l2_regularization': 0.0, 'clf__learning_rate': 0.05, 'clf__max_depth': 6, 'clf__max_leaf_nodes': 31, 'clf__min_samples_leaf': 10}, {'clf__l2_regularization': 0.0, 'clf__learning_rate': 0.1, 'clf__max_depth': 3, 'clf__max_leaf_nodes': 31, 'clf__min_samples_leaf': 50}]","[0.5712621798962423, 0.5952729025458748, 0.6328310763097593, 0.6859945205429194, 0.625695911263746]",0.625695911,53,2.607680962,20.6,1.496662955,26.6,1.743559577,18.4,2.653299832,0.659023824,0.028351506,0.671100983,0.032559246,0.652859147,0.032475843,0.742331768,0.037047909,0.742331768,0.037047909,0.563386525,0.033764843,0.730778145,0.028350002,0.308873771,0.067271459,0.622211318,0.0387678
enterococcus_vancomycin_pointfinder_train,Balanced Random Forest,29,"[{'clf__max_depth': 5, 'clf__min_samples_leaf': 5, 'clf__min_samples_split': 2, 'clf__n_estimators': 200}, {'clf__max_depth': None, 'clf__min_samples_leaf': 2, 'clf__min_samples_split': 10, 'clf__n_estimators': 200}, {'clf__max_depth': None, 'clf__min_samples_leaf': 2, 'clf__min_samples_split': 5, 'clf__n_estimators': 200}, {'clf__max_depth': 3, 'clf__min_samples_leaf': 1, 'clf__min_samples_split': 10, 'clf__n_estimators': 200}, {'clf__max_depth': None, 'clf__min_samples_leaf': 2, 'clf__min_samples_split': 2, 'clf__n_estimators': 200}]","[0.5022184221604655, 0.5117373913674014, 0.5184294135380756, 0.5288220453947705, 0.48613688946079364]",0.511737391,54,3.898717738,21.6,2.727636339,25.6,2.416609195,17.4,3.979949748,0.642040838,0.055360934,0.671115226,0.022677695,0.649553824,0.020401289,0.756377152,0.055677421,0.756377152,0.055677421,0.542730496,0.054384956,0.733877885,0.024959658,0.307149553,0.044805524,0.509468832,0.014539142
enterococcus_vancomycin_pointfinder_train,Random Forest,29,"[{'clf__max_depth': 5, 'clf__min_samples_leaf': 5, 'clf__min_samples_split': 2, 'clf__n_estimators': 200}, {'clf__max_depth': None, 'clf__min_samples_leaf': 1, 'clf__min_samples_split': 2, 'clf__n_estimators': 200}, {'clf__max_depth': None, 'clf__min_samples_leaf': 1, 'clf__min_samples_split': 2, 'clf__n_estimators': 200}, {'clf__max_depth': 3, 'clf__min_samples_leaf': 1, 'clf__min_samples_split': 5, 'clf__n_estimators': 500}, {'clf__max_depth': 3, 'clf__min_samples_leaf': 1, 'clf__min_samples_split': 10, 'clf__n_estimators': 200}]","[0.5066659671833473, 0.5486657399603702, 0.5151443682828835, 0.5310352324210362, 0.5375573808367949]",0.531035232,53.6,4.079215611,21.4,2.870540019,25.8,2.561249695,17.8,4.118252056,0.655236323,0.058080196,0.66942031,0.022417527,0.648864582,0.02007636,0.750743349,0.057779444,0.750743349,0.057779444,0.546985816,0.057447903,0.731336514,0.025248126,0.305049674,0.04423348,0.527813738,0.015151658
enterococcus_vancomycin_pointfinder_train,RBF SVM,29,"[{'clf__C': 1, 'clf__gamma': 'auto'}, {'clf__C': 10, 'clf__gamma': 'scale'}, {'clf__C': 10, 'clf__gamma': 'scale'}, {'clf__C': 1, 'clf__gamma': 'scale'}, {'clf__C': 0.1, 'clf__gamma': 1}]","[0.627447796646279, 0.6821253067967266, 0.6827276524807849, 0.587039534683911, 0.5660233469161893]",0.627447797,53,4.147288271,21.4,2.870540019,25.8,2.561249695,18.4,4.270831301,0.666660424,0.036480391,0.664378294,0.023989746,0.644697916,0.021447743,0.742410016,0.059594216,0.742410016,0.059594216,0.546985816,0.057447903,0.726093795,0.026379014,0.295902782,0.047972411,0.629072728,0.047829031
enterococcus_vancomycin_pointfinder_train,LogReg (L1),29,"[{'clf__C': 1}, {'clf__C': 1}, {'clf__C': 10}, {'clf__C': 100}, {'clf__C': 1}]","[0.5113925418171359, 0.504200752418314, 0.5413489011491924, 0.6075928386346275, 0.5789653065718591]",0.541348901,51.4,7.282856582,20.4,4.715930449,26.8,4.833218389,20,7.042726745,0.679035977,0.02952816,0.659250819,0.039908514,0.643557503,0.035821317,0.719561815,0.099738221,0.719561815,0.099738221,0.567553191,0.101198119,0.714440739,0.050795279,0.293472868,0.072877106,0.548700068,0.039523217
enterococcus_vancomycin_pointfinder_train,Decision Tree,29,"[{'clf__max_depth': 5, 'clf__min_samples_leaf': 1, 'clf__min_samples_split': 2}, {'clf__max_depth': 5, 'clf__min_samples_leaf': 1, 'clf__min_samples_split': 2}, {'clf__max_depth': 5, 'clf__min_samples_leaf': 5, 'clf__min_samples_split': 2}, {'clf__max_depth': 3, 'clf__min_samples_leaf': 1, 'clf__min_samples_split': 2}, {'clf__max_depth': 3, 'clf__min_samples_leaf': 10, 'clf__min_samples_split': 2}]","[0.437920403587444, 0.6068498037816626, 0.5628045479155388, 0.6339113680154145, 0.5966688438928806]",0.596668844,48,9.316651759,18.4,4.8,28.8,4.874423043,23.4,9.624967532,0.655587187,0.038945147,0.647557328,0.057578561,0.641432965,0.045726099,0.6728482,0.132672472,0.6728482,0.132672472,0.61001773,0.102610567,0.689450575,0.083065747,0.286043816,0.091515815,0.567630993,0.068735044
enterococcus_vancomycin_pointfinder_train,KNN,29,"[{'clf__n_neighbors': 11, 'clf__p': 1, 'clf__weights': 'uniform'}, {'clf__n_neighbors': 11, 'clf__p': 1, 'clf__weights': 'distance'}, {'clf__n_neighbors': 15, 'clf__p': 1, 'clf__weights': 'distance'}, {'clf__n_neighbors': 15, 'clf__p': 1, 'clf__weights': 'distance'}, {'clf__n_neighbors': 15, 'clf__p': 1, 'clf__weights': 'uniform'}]","[0.45454545454545453, 0.5454545454545454, 0.5333333333333333, 0.6666666666666666, 0.5333333333333333]",0.533333333,65,3.16227766,33,3.346640106,14.2,3.655133376,6.4,2.870540019,0.62358052,0.060671978,0.667753881,0.025725828,0.605282939,0.032110975,0.910211268,0.040333788,0.910211268,0.040333788,0.30035461,0.074986376,0.767260524,0.017947904,0.276987937,0.071012536,0.546666667,0.068181145
enterococcus_vancomycin_pointfinder_train,BernoulliNB,29,"[{'clf__alpha': 0.01, 'clf__binarize': None}, {'clf__alpha': 1.0, 'clf__binarize': None}, {'clf__alpha': 0.01, 'clf__binarize': None}, {'clf__alpha': 1.0, 'clf__binarize': None}, {'clf__alpha': 0.01, 'clf__binarize': None}]","[0.8026604758640427, 0.841974225302678, 0.8584897746851469, 0.9028031364520701, 0.7468451309279438]",0.841974225,39.6,14.07977273,19.4,4.079215611,27.8,3.867815921,31.8,14.07693148,0.63879982,0.054473118,0.568181171,0.091885666,0.571989145,0.066592558,0.554616588,0.197984104,0.554616588,0.197984104,0.589361702,0.084465673,0.586659827,0.15616723,0.142262422,0.137922427,0.830554549,0.052756024
enterococcus_vancomycin_pointfinder_train,SGD Logistic,29,"[{'clf__alpha': 0.0001}, {'clf__alpha': 0.001}, {'clf__alpha': 0.01}, {'clf__alpha': 0.001}, {'clf__alpha': 0.01}]","[0.9235131024474413, 0.43686217806945804, 0.71458269598126, 0.5096343468257395, 0.49157374329681847]",0.509634347,25.2,30.06260135,14.8,18.13725448,32.4,18.3040979,46.2,30.38683926,0.663192988,0.012356376,0.486084603,0.101454191,0.519978857,0.01960334,0.35485133,0.42347733,0.35485133,0.42347733,0.685106383,0.385899031,0.302560534,0.349056297,0.066958578,0.054849743,0.615233213,0.180646517
enterococcus_vancomycin_pointfinder+cdhit_train,HistGB,61,"[{'clf__l2_regularization': 0.0, 'clf__learning_rate': 0.05, 'clf__max_depth': 3, 'clf__max_leaf_nodes': 31, 'clf__min_samples_leaf': 10}, {'clf__l2_regularization': 0.0, 'clf__learning_rate': 0.05, 'clf__max_depth': 3, 'clf__max_leaf_nodes': 31, 'clf__min_samples_leaf': 10}, {'clf__l2_regularization': 0.0, 'clf__learning_rate': 0.1, 'clf__max_depth': 3, 'clf__max_leaf_nodes': 31, 'clf__min_samples_leaf': 10}, {'clf__l2_regularization': 1.0, 'clf__learning_rate': 0.05, 'clf__max_depth': 3, 'clf__max_leaf_nodes': 31, 'clf__min_samples_leaf': 10}, {'clf__l2_regularization': 0.0, 'clf__learning_rate': 0.05, 'clf__max_depth': 3, 'clf__max_leaf_nodes': 31, 'clf__min_samples_leaf': 10}]","[0.8906030729779352, 0.5248965992906487, 0.9640879857979148, 0.8549271832037827, 0.675931937099859]",0.854927183,70.2,1.166190379,0.8,0.748331477,46.4,0.8,1.2,0.979795897,0.995999817,0.00380861,0.983150548,0.011874209,0.983122107,0.012034527,0.983176839,0.013736796,0.983176839,0.013736796,0.983067376,0.015899224,0.985933381,0.009878597,0.965101773,0.024769037,0.782089356,0.159763318
enterococcus_vancomycin_pointfinder+cdhit_train,LogReg (L1),61,"[{'clf__C': 1}, {'clf__C': 10}, {'clf__C': 10}, {'clf__C': 1}, {'clf__C': 1}]","[0.6949793692951378, 0.6691139201370828, 0.8583465748768542, 0.6507875400091523, 0.6584131058298477]",0.66911392,69.8,0.748331477,0.8,0.748331477,46.4,0.8,1.6,1.019803903,0.988093306,0.00880461,0.979789204,0.011375893,0.980363891,0.011442239,0.977660407,0.014172478,0.977660407,0.014172478,0.983067376,0.015899224,0.983117446,0.009457071,0.958241981,0.02377599,0.706328102,0.077464709
enterococcus_vancomycin_pointfinder+cdhit_train,RBF SVM,61,"[{'clf__C': 10, 'clf__gamma': 'scale'}, {'clf__C': 10, 'clf__gamma': 0.1}, {'clf__C': 10, 'clf__gamma': 'scale'}, {'clf__C': 100, 'clf__gamma': 0.01}, {'clf__C': 100, 'clf__gamma': 0.01}]","[0.8568372886764672, 0.7598420341956021, 0.9192599446798556, 0.6476434714849276, 0.7631965879043843]",0.763196588,69.6,2.059126028,0.8,0.748331477,46.4,0.8,1.8,2.227105745,0.988223371,0.009015473,0.978108532,0.023515233,0.978975002,0.02176218,0.974882629,0.030925393,0.974882629,0.030925393,0.983067376,0.015899224,0.981498783,0.020025924,0.955288306,0.04767946,0.789355865,0.092807962
enterococcus_vancomycin_pointfinder+cdhit_train,LogReg (L2),61,"[{'clf__C': 10}, {'clf__C': 100}, {'clf__C': 100}, {'clf__C': 10}, {'clf__C': 10}]","[0.2806168386767344, 0.49937145381673087, 0.6675915958554957, 0.45767643280645826, 0.5591099237491224]",0.499371454,69.6,1.019803903,1,1.095445115,46.2,1.166190379,1.8,1.326649916,0.991162638,0.006205032,0.976427859,0.017922068,0.976847343,0.018397006,0.974882629,0.018414558,0.974882629,0.018414558,0.978812057,0.023308017,0.980320243,0.014896117,0.951233692,0.037446084,0.492873249,0.127473624
enterococcus_vancomycin_pointfinder+cdhit_train,Random Forest,61,"[{'clf__max_depth': None, 'clf__min_samples_leaf': 1, 'clf__min_samples_split': 10, 'clf__n_estimators': 200}, {'clf__max_depth': None, 'clf__min_samples_leaf': 1, 'clf__min_samples_split': 10, 'clf__n_estimators': 200}, {'clf__max_depth': 10, 'clf__min_samples_leaf': 1, 'clf__min_samples_split': 5, 'clf__n_estimators': 200}, {'clf__max_depth': None, 'clf__min_samples_leaf': 1, 'clf__min_samples_split': 5, 'clf__n_estimators': 500}, {'clf__max_depth': 10, 'clf__min_samples_leaf': 1, 'clf__min_samples_split': 2, 'clf__n_estimators': 500}]","[0.5021865420494681, 0.5127523502568454, 0.5178490155359842, 0.35321946756045575, 0.5191871008667319]",0.51275235,69.2,1.720465053,1,0.894427191,46.2,0.979795897,2.2,2.039607805,0.994239253,0.0041297,0.973052272,0.020139682,0.974069565,0.018701332,0.969327074,0.028297611,0.969327074,0.028297611,0.978812057,0.019031192,0.977302705,0.017223238,0.944941436,0.040740286,0.481038895,0.064188851
enterococcus_vancomycin_pointfinder+cdhit_train,Linear SVM,61,"[{'clf__C': 1}, {'clf__C': 10}, {'clf__C': 10}, {'clf__C': 1}, {'clf__C': 1}]","[0.18487950864467828, 0.15221464929210204, 0.16767489949225167, -0.028486050333695057, 0.175323557464998]",0.167674899,69.2,1.166190379,1,1.095445115,46.2,1.166190379,2.2,1.326649916,0.989094496,0.008231218,0.973066515,0.017914052,0.974030442,0.018387827,0.969248826,0.018486236,0.969248826,0.018486236,0.978812057,0.023308017,0.977422859,0.014934874,0.944455806,0.037393067,0.130321313,0.080120142
enterococcus_vancomycin_pointfinder+cdhit_train,AdaBoost,61,"[{'clf__learning_rate': 0.5, 'clf__n_estimators': 200}, {'clf__learning_rate': 1.0, 'clf__n_estimators': 100}, {'clf__learning_rate': 0.5, 'clf__n_estimators': 500}, {'clf__learning_rate': 1.0, 'clf__n_estimators': 50}, {'clf__learning_rate': 1.0, 'clf__n_estimators': 50}]","[0.5209867231593984, 0.522553925731512, 0.5257626763868832, 0.517878474012381, 0.5099855687104373]",0.520986723,69.2,0.748331477,1,1.095445115,46.2,1.166190379,2.2,0.979795897,0.991969667,0.005609087,0.973052272,0.016259576,0.974030442,0.017293404,0.969248826,0.013529311,0.969248826,0.013529311,0.978812057,0.023308017,0.977463525,0.013492691,0.944251557,0.034041334,0.519433474,0.005364505
enterococcus_vancomycin_pointfinder+cdhit_train,Decision Tree,61,"[{'clf__max_depth': None, 'clf__min_samples_leaf': 2, 'clf__min_samples_split': 10}, {'clf__max_depth': None, 'clf__min_samples_leaf': 5, 'clf__min_samples_split': 2}, {'clf__max_depth': None, 'clf__min_samples_leaf': 1, 'clf__min_samples_split': 2}, {'clf__max_depth': None, 'clf__min_samples_leaf': 2, 'clf__min_samples_split': 10}, {'clf__max_depth': None, 'clf__min_samples_leaf': 2, 'clf__min_samples_split': 10}]","[0.6625441696113074, 0.7682926829268293, 1.0, 0.7251798561151077, 0.6654929577464789]",0.725179856,68.6,0.489897949,0.8,0.748331477,46.4,0.8,2.8,0.979795897,0.986210585,0.016450221,0.969676684,0.01134661,0.971971873,0.011488732,0.960876369,0.01341661,0.960876369,0.01341661,0.983067376,0.015899224,0.974467229,0.009503086,0.937896907,0.023431824,0.764301933,0.124272199
enterococcus_vancomycin_pointfinder+cdhit_train,Balanced Random Forest,61,"[{'clf__max_depth': None, 'clf__min_samples_leaf': 1, 'clf__min_samples_split': 10, 'clf__n_estimators': 500}, {'clf__max_depth': None, 'clf__min_samples_leaf': 1, 'clf__min_samples_split': 2, 'clf__n_estimators': 200}, {'clf__max_depth': 10, 'clf__min_samples_leaf': 1, 'clf__min_samples_split': 10, 'clf__n_estimators': 200}, {'clf__max_depth': None, 'clf__min_samples_leaf': 1, 'clf__min_samples_split': 5, 'clf__n_estimators': 500}, {'clf__max_depth': None, 'clf__min_samples_leaf': 1, 'clf__min_samples_split': 10, 'clf__n_estimators': 200}]","[0.5013555555555557, 0.53, 0.43461950978379343, 0.373, 0.42024404761904754]",0.43461951,69.2,1.166190379,1.2,0.748331477,46,0.894427191,2.2,1.6,0.994598858,0.00342474,0.971357357,0.012539199,0.971941906,0.01104878,0.969327074,0.022183616,0.969327074,0.022183616,0.974556738,0.015946608,0.975985012,0.010602418,0.941226439,0.025694569,0.451843823,0.056694569
enterococcus_vancomycin_pointfinder+cdhit_train,SGD Logistic,61,"[{'clf__alpha': 0.0001}, {'clf__alpha': 0.001}, {'clf__alpha': 0.001}, {'clf__alpha': 0.001}, {'clf__alpha': 0.001}]","[0.28535313026696224, 0.6369202066304414, 0.5880900067319046, 0.5873402067385722, 0.7254138545366554]",0.588090007,68.6,2.416609195,0.8,0.748331477,46.4,0.8,2.8,2.315167381,0.992050827,0.006432278,0.96970517,0.02162194,0.971913187,0.01948807,0.960758998,0.032625824,0.960758998,0.032625824,0.983067376,0.015899224,0.974169641,0.018963551,0.93876277,0.042621282,0.564623481,0.148417665
enterococcus_vancomycin_pointfinder+cdhit_train,Extra Trees,61,"[{'clf__max_depth': 10, 'clf__min_samples_leaf': 1, 'clf__min_samples_split': 10, 'clf__n_estimators': 500}, {'clf__max_depth': 10, 'clf__min_samples_leaf': 1, 'clf__min_samples_split': 2, 'clf__n_estimators': 200}, {'clf__max_depth': 10, 'clf__min_samples_leaf': 1, 'clf__min_samples_split': 2, 'clf__n_estimators': 200}, {'clf__max_depth': None, 'clf__min_samples_leaf': 1, 'clf__min_samples_split': 2, 'clf__n_estimators': 500}, {'clf__max_depth': None, 'clf__min_samples_leaf': 1, 'clf__min_samples_split': 10, 'clf__n_estimators': 500}]","[0.5173093482974821, 0.6232770276826525, 0.5182546046167824, 0.504, 0.4228772483854916]",0.517309348,68.4,1.019803903,0.8,0.748331477,46.4,0.8,3,1.414213562,0.993525872,0.004506058,0.967981769,0.015382266,0.970582984,0.014784279,0.958098592,0.019532215,0.958098592,0.019532215,0.983067376,0.015899224,0.972968306,0.013009308,0.934665796,0.031443607,0.517143646,0.063756514
enterococcus_vancomycin_pointfinder+cdhit_train,Gradient Boosting,61,"[{'clf__learning_rate': 0.01, 'clf__max_depth': 3, 'clf__n_estimators': 100}, {'clf__learning_rate': 0.01, 'clf__max_depth': 2, 'clf__n_estimators': 500}, {'clf__learning_rate': 0.01, 'clf__max_depth': 3, 'clf__n_estimators': 100}, {'clf__learning_rate': 0.01, 'clf__max_depth': 2, 'clf__n_estimators': 500}, {'clf__learning_rate': 0.1, 'clf__max_depth': 1, 'clf__n_estimators': 500}]","[0.802203082229193, 0.8168596821821058, 0.8535714320909218, 0.824362707793538, 0.7606393888181873]",0.816859682,64.8,10.45753317,0.8,0.748331477,46.4,0.8,6.6,10.72567014,0.989357956,0.013050035,0.937758154,0.095283464,0.945602546,0.081057306,0.908137715,0.148880174,0.908137715,0.148880174,0.983067376,0.015899224,0.939223179,0.096976943,0.889764636,0.160401882,0.811527259,0.030454594
enterococcus_vancomycin_pointfinder+cdhit_train,KNN,61,"[{'clf__n_neighbors': 5, 'clf__p': 1, 'clf__weights': 'distance'}, {'clf__n_neighbors': 15, 'clf__p': 1, 'clf__weights': 'distance'}, {'clf__n_neighbors': 7, 'clf__p': 1, 'clf__weights': 'distance'}, {'clf__n_neighbors': 15, 'clf__p': 1, 'clf__weights': 'distance'}, {'clf__n_neighbors': 7, 'clf__p': 1, 'clf__weights': 'distance'}]","[0.4832214765100671, 0.6304347826086957, 0.5167785234899328, 0.525, 0.5]",0.516778523,67.2,1.6,2.8,1.720465053,44.4,1.624807681,4.2,1.939071943,0.989080553,0.010720946,0.941019798,0.019088598,0.941047348,0.020043241,0.941314554,0.026877678,0.941314554,0.026877678,0.940780142,0.036364379,0.950502025,0.015881951,0.878932553,0.040427278,0.531086957,0.051709334
enterococcus_vancomycin_pointfinder+cdhit_train,BernoulliNB,61,"[{'clf__alpha': 1.0, 'clf__binarize': None}, {'clf__alpha': 0.01, 'clf__binarize': None}, {'clf__alpha': 0.1, 'clf__binarize': None}, {'clf__alpha': 0.1, 'clf__binarize': None}, {'clf__alpha': 0.1, 'clf__binarize': None}]","[0.8947561220045869, 0.7084188645196382, 0.8491501051575003, 0.8583810412745577, 0.670718624607532]",0.849150105,63,2.19089023,2,2.097617696,45.2,2.227105745,8.4,2.416609195,0.959877884,0.014937694,0.912362911,0.017892364,0.920004037,0.018838024,0.882472613,0.033233308,0.882472613,0.033233308,0.957535461,0.044672759,0.923709984,0.015881237,0.827966121,0.035064679,0.796284952,0.089257573
enterococcus_vancomycin_pointfinder+cdhit+phenotypeseeker_train,Gradient Boosting,1061,"[{'clf__learning_rate': 0.05, 'clf__max_depth': 2, 'clf__n_estimators': 100}, {'clf__learning_rate': 0.01, 'clf__max_depth': 2, 'clf__n_estimators': 500}, {'clf__learning_rate': 0.05, 'clf__max_depth': 1, 'clf__n_estimators': 500}, {'clf__learning_rate': 0.01, 'clf__max_depth': 2, 'clf__n_estimators': 500}, {'clf__learning_rate': 0.05, 'clf__max_depth': 1, 'clf__n_estimators': 500}]","[0.6022765461065988, 0.6765441185291932, 0.888803192018707, 0.5467670471116303, 0.3190243349973447]",0.602276546,71.2,0.4,0.6,0.489897949,46.6,0.489897949,0.2,0.4,0.99905146,0.000783564,0.993263068,0.00629237,0.992272459,0.006815551,0.997222222,0.005555556,0.997222222,0.005555556,0.987322695,0.010352242,0.994425019,0.00520199,0.985975517,0.013146855,0.606683048,0.184840052
enterococcus_vancomycin_pointfinder+cdhit+phenotypeseeker_train,HistGB,1061,"[{'clf__l2_regularization': 0.0, 'clf__learning_rate': 0.05, 'clf__max_depth': 3, 'clf__max_leaf_nodes': 31, 'clf__min_samples_leaf': 10}, {'clf__l2_regularization': 0.0, 'clf__learning_rate': 0.1, 'clf__max_depth': 6, 'clf__max_leaf_nodes': 31, 'clf__min_samples_leaf': 10}, {'clf__l2_regularization': 0.0, 'clf__learning_rate': 0.1, 'clf__max_depth': 6, 'clf__max_leaf_nodes': 31, 'clf__min_samples_leaf': 10}, {'clf__l2_regularization': 1.0, 'clf__learning_rate': 0.05, 'clf__max_depth': 3, 'clf__max_leaf_nodes': 31, 'clf__min_samples_leaf': 10}, {'clf__l2_regularization': 0.0, 'clf__learning_rate': 0.1, 'clf__max_depth': 3, 'clf__max_leaf_nodes': 31, 'clf__min_samples_leaf': 10}]","[0.8873889824665069, 0.6737412463210966, 0.9788321179770311, 0.5121644920187541, 0.622525312539258]",0.673741246,70.8,0.979795897,0.4,0.489897949,46.8,0.748331477,0.6,1.2,0.998630673,0.00168063,0.991582396,0.013018463,0.991578014,0.012239181,0.991666667,0.016666667,0.991666667,0.016666667,0.991489362,0.010423361,0.992967596,0.01090983,0.982632474,0.026819843,0.73493043,0.17247338
enterococcus_vancomycin_pointfinder+cdhit+phenotypeseeker_train,AdaBoost,1061,"[{'clf__learning_rate': 0.1, 'clf__n_estimators': 500}, {'clf__learning_rate': 0.5, 'clf__n_estimators': 50}, {'clf__learning_rate': 1.0, 'clf__n_estimators': 50}, {'clf__learning_rate': 0.1, 'clf__n_estimators': 500}, {'clf__learning_rate': 1.0, 'clf__n_estimators': 200}]","[0.5101813754558571, 0.5076233658048308, 0.5340666437993922, 0.5310149868865244, 0.5133106666917859]",0.513310667,70.8,0.4,0.6,0.489897949,46.6,0.489897949,0.6,0.489897949,0.999285786,0.000874766,0.98988748,0.003347253,0.989475119,0.003867459,0.991627543,0.006836456,0.991627543,0.006836456,0.987322695,0.010352242,0.991607978,0.002748702,0.979009124,0.007087776,0.519239408,0.011051168
enterococcus_vancomycin_pointfinder+cdhit+phenotypeseeker_train,Linear SVM,1061,"[{'clf__C': 0.1}, {'clf__C': 1}, {'clf__C': 10}, {'clf__C': 1}, {'clf__C': 1}]","[0.20638476133488384, 0.12192172967304854, 0.33236815341700643, 0.290926971737089, 0.18058105394848287]",0.206384761,70.4,1.019803903,0.4,0.8,46.8,0.4,1,0.894427191,0.999820198,0.000239736,0.988192565,0.006737158,0.988830203,0.007086239,0.98599374,0.012510756,0.98599374,0.012510756,0.991666667,0.016666667,0.990129738,0.005631077,0.975828904,0.013762674,0.226436534,0.075906083
enterococcus_vancomycin_pointfinder+cdhit+phenotypeseeker_train,LogReg (L1),1061,"[{'clf__C': 10}, {'clf__C': 100}, {'clf__C': 10}, {'clf__C': 10}, {'clf__C': 10}]","[0.4299888729563109, 0.7207823990596393, 0.8646299446186372, 0.6944838628168934, 0.8661868471914479]",0.720782399,71,0.632455532,0.8,0.748331477,46.4,0.489897949,0.4,0.489897949,0.999341558,0.001174719,0.98988748,0.006319136,0.988780675,0.007465414,0.994405321,0.006852334,0.994405321,0.006852334,0.983156028,0.015639062,0.991627409,0.005239041,0.979043681,0.013088487,0.715214385,0.159331129
enterococcus_vancomycin_pointfinder+cdhit+phenotypeseeker_train,Decision Tree,1061,"[{'clf__max_depth': None, 'clf__min_samples_leaf': 2, 'clf__min_samples_split': 20}, {'clf__max_depth': None, 'clf__min_samples_leaf': 1, 'clf__min_samples_split': 2}, {'clf__max_depth': 3, 'clf__min_samples_leaf': 2, 'clf__min_samples_split': 2}, {'clf__max_depth': None, 'clf__min_samples_leaf': 5, 'clf__min_samples_split': 2}, {'clf__max_depth': None, 'clf__min_samples_leaf': 1, 'clf__min_samples_split': 20}]","[0.9138712601994561, 1.0, 1.0, 0.7251798561151079, 0.9181311615945135]",0.918131162,70.6,0.8,0.6,0.489897949,46.6,0.489897949,0.8,0.748331477,0.992064354,0.006935254,0.988206808,0.008558671,0.988066668,0.008451526,0.988810642,0.010414825,0.988810642,0.010414825,0.987322695,0.010352242,0.990170253,0.007135468,0.975523814,0.017804051,0.911436456,0.100428354
enterococcus_vancomycin_pointfinder+cdhit+phenotypeseeker_train,LogReg (L2),1061,"[{'clf__C': 10}, {'clf__C': 10}, {'clf__C': 10}, {'clf__C': 10}, {'clf__C': 10}]","[0.7725309821381313, 0.2934960567328746, 0.257938151829729, 0.7250669283094099, 0.7708626819394709]",0.725066928,70.4,1.624807681,0.6,0.8,46.6,0.489897949,1,1.264911064,0.999220857,0.001279842,0.986469164,0.012676097,0.98666342,0.012264569,0.985915493,0.017815649,0.985915493,0.017815649,0.987411348,0.016711875,0.988650794,0.010670398,0.972256932,0.026028054,0.56397896,0.23624823
enterococcus_vancomycin_pointfinder+cdhit+phenotypeseeker_train,SGD Logistic,1061,"[{'clf__alpha': 0.01}, {'clf__alpha': 0.001}, {'clf__alpha': 0.001}, {'clf__alpha': 0.01}, {'clf__alpha': 0.001}]","[0.3871195352913342, 0.6357580501765023, 0.48489020683430983, 0.2950588416082561, 0.3403379204243881]",0.387119535,70.4,0.8,0.8,0.748331477,46.4,0.489897949,1,0.894427191,0.995729281,0.004122707,0.984816978,0.006342112,0.984594446,0.006525172,0.986032864,0.012510756,0.986032864,0.012510756,0.983156028,0.015639062,0.987352799,0.005329426,0.96869222,0.013114736,0.428632911,0.121183418
enterococcus_vancomycin_pointfinder+cdhit+phenotypeseeker_train,RBF SVM,1061,"[{'clf__C': 100, 'clf__gamma': 'auto'}, {'clf__C': 100, 'clf__gamma': 'auto'}, {'clf__C': 100, 'clf__gamma': 'scale'}, {'clf__C': 100, 'clf__gamma': 'auto'}, {'clf__C': 100, 'clf__gamma': 'auto'}]","[0.6899410506076091, 0.637487697354368, 0.6761849949360355, 0.5375654007800722, 0.7336666037291246]",0.676184995,70,0.894427191,1,0.894427191,46.2,0.748331477,1.4,1.019803903,0.999048547,0.001083486,0.979774961,0.011382275,0.979669447,0.011830617,0.980438185,0.014195464,0.980438185,0.014195464,0.978900709,0.018834428,0.98315657,0.009468963,0.958149963,0.023781832,0.654969149,0.066265642
enterococcus_vancomycin_pointfinder+cdhit+phenotypeseeker_train,Extra Trees,1061,"[{'clf__max_depth': None, 'clf__min_samples_leaf': 1, 'clf__min_samples_split': 5, 'clf__n_estimators': 200}, {'clf__max_depth': None, 'clf__min_samples_leaf': 1, 'clf__min_samples_split': 5, 'clf__n_estimators': 200}, {'clf__max_depth': None, 'clf__min_samples_leaf': 2, 'clf__min_samples_split': 2, 'clf__n_estimators': 200}, {'clf__max_depth': None, 'clf__min_samples_leaf': 1, 'clf__min_samples_split': 10, 'clf__n_estimators': 500}, {'clf__max_depth': None, 'clf__min_samples_leaf': 1, 'clf__min_samples_split': 2, 'clf__n_estimators': 200}]","[0.6484953716320713, 0.5569583040683243, 0.33855676047717337, 0.5253930585270882, 0.665]",0.556958304,69,1.095445115,1,1.095445115,46.2,1.166190379,2.4,1.019803903,0.99857282,0.001421964,0.971328871,0.011454194,0.972602429,0.012554477,0.966392801,0.014327157,0.966392801,0.014327157,0.978812057,0.023308017,0.97597984,0.00952153,0.941078666,0.023799208,0.546880699,0.116824528
enterococcus_vancomycin_pointfinder+cdhit+phenotypeseeker_train,Random Forest,1061,"[{'clf__max_depth': 5, 'clf__min_samples_leaf': 1, 'clf__min_samples_split': 10, 'clf__n_estimators': 200}, {'clf__max_depth': 10, 'clf__min_samples_leaf': 1, 'clf__min_samples_split': 2, 'clf__n_estimators': 200}, {'clf__max_depth': None, 'clf__min_samples_leaf': 1, 'clf__min_samples_split': 2, 'clf__n_estimators': 200}, {'clf__max_depth': 10, 'clf__min_samples_leaf': 2, 'clf__min_samples_split': 2, 'clf__n_estimators': 200}, {'clf__max_depth': None, 'clf__min_samples_leaf': 1, 'clf__min_samples_split': 2, 'clf__n_estimators': 500}]","[0.6025949656835532, 0.610301814606846, 0.535, 0.43653307616392395, 0.512]",0.535,67.6,0.8,0.4,0.489897949,46.8,0.4,3.8,0.979795897,0.996952935,0.002556542,0.964606181,0.009796027,0.9692045,0.009259148,0.946830986,0.013532705,0.946830986,0.013532705,0.991578014,0.010315736,0.969845838,0.008435962,0.928827464,0.019598581,0.539285971,0.063831544
enterococcus_vancomycin_pointfinder+cdhit+phenotypeseeker_train,Balanced Random Forest,1061,"[{'clf__max_depth': 5, 'clf__min_samples_leaf': 1, 'clf__min_samples_split': 10, 'clf__n_estimators': 500}, {'clf__max_depth': None, 'clf__min_samples_leaf': 1, 'clf__min_samples_split': 2, 'clf__n_estimators': 500}, {'clf__max_depth': None, 'clf__min_samples_leaf': 1, 'clf__min_samples_split': 2, 'clf__n_estimators': 200}, {'clf__max_depth': None, 'clf__min_samples_leaf': 2, 'clf__min_samples_split': 2, 'clf__n_estimators': 200}, {'clf__max_depth': 10, 'clf__min_samples_leaf': 1, 'clf__min_samples_split': 2, 'clf__n_estimators': 500}]","[0.5798035388818048, 0.456, 0.47, 0.57525, 0.4358106227106227]",0.47,67.6,1.743559577,0.4,0.489897949,46.8,0.4,3.8,1.6,0.996922552,0.002424662,0.964577695,0.016407128,0.969165376,0.015029548,0.946752739,0.022479718,0.946752739,0.022479718,0.991578014,0.010315736,0.969718488,0.014255882,0.928967063,0.032409471,0.503372832,0.061531396
enterococcus_vancomycin_pointfinder+cdhit+phenotypeseeker_train,KNN,1061,"[{'clf__n_neighbors': 7, 'clf__p': 1, 'clf__weights': 'distance'}, {'clf__n_neighbors': 5, 'clf__p': 1, 'clf__weights': 'distance'}, {'clf__n_neighbors': 7, 'clf__p': 1, 'clf__weights': 'distance'}, {'clf__n_neighbors': 15, 'clf__p': 1, 'clf__weights': 'distance'}, {'clf__n_neighbors': 1, 'clf__p': 1, 'clf__weights': 'uniform'}]","[0.5201600948710347, 0.5751555665504576, 0.6885322044935626, 0.5059859474824743, 1.0]",0.575155567,65.8,2.13541565,2,0.632455532,45.2,0.748331477,5.6,2.332380758,0.969767631,0.019200778,0.935892323,0.020402717,0.939649302,0.017762207,0.921674491,0.032526917,0.921674491,0.032526917,0.957624113,0.013461172,0.94519139,0.017658681,0.870576067,0.040790697,0.657966763,0.182684166
enterococcus_vancomycin_pointfinder+cdhit+phenotypeseeker_train,BernoulliNB,1061,"[{'clf__alpha': 0.01, 'clf__binarize': None}, {'clf__alpha': 0.01, 'clf__binarize': None}, {'clf__alpha': 0.01, 'clf__binarize': None}, {'clf__alpha': 0.01, 'clf__binarize': None}, {'clf__alpha': 0.01, 'clf__binarize': None}]","[5.553e-321, 2.043086333914895e-306, 2.63315313135466e-309, 4.4436934006379775e-298, 6.3124826972786e-311]",0.00E+00,63,4.38178046,8.2,3.12409987,39,3.033150178,8.4,4.841487375,0.882514651,0.047722496,0.860133884,0.048092532,0.854602021,0.047244958,0.882785603,0.06692433,0.882785603,0.06692433,0.82641844,0.065981274,0.883008454,0.04142175,0.712773695,0.099899193,8.89E-299,0
enterococcus_vancomycin_pointfinder+phenotypeseeker_train,HistGB,1029,"[{'clf__l2_regularization': 0.0, 'clf__learning_rate': 0.05, 'clf__max_depth': 3, 'clf__max_leaf_nodes': 31, 'clf__min_samples_leaf': 10}, {'clf__l2_regularization': 0.0, 'clf__learning_rate': 0.1, 'clf__max_depth': 3, 'clf__max_leaf_nodes': 31, 'clf__min_samples_leaf': 50}, {'clf__l2_regularization': 0.0, 'clf__learning_rate': 0.1, 'clf__max_depth': 3, 'clf__max_leaf_nodes': 31, 'clf__min_samples_leaf': 50}, {'clf__l2_regularization': 1.0, 'clf__learning_rate': 0.05, 'clf__max_depth': 6, 'clf__max_leaf_nodes': 31, 'clf__min_samples_leaf': 10}, {'clf__l2_regularization': 0.0, 'clf__learning_rate': 0.1, 'clf__max_depth': 3, 'clf__max_leaf_nodes': 31, 'clf__min_samples_leaf': 50}]","[0.6924596064718654, 0.7596156022476587, 0.7187973759973765, 0.791244686308495, 0.5610456713403519]",0.718797376,69.4,1.019803903,0.6,0.489897949,46.6,0.489897949,2,1.264911064,0.996990394,0.003072176,0.978080046,0.011441329,0.979694211,0.010295487,0.972065728,0.017631436,0.972065728,0.017631436,0.987322695,0.010352242,0.981579551,0.009645208,0.955079773,0.023458674,0.704632588,0.079360964
enterococcus_vancomycin_pointfinder+phenotypeseeker_train,LogReg (L1),1029,"[{'clf__C': 1}, {'clf__C': 10}, {'clf__C': 10}, {'clf__C': 1}, {'clf__C': 100}]","[0.5336883185839477, 0.37548318544296627, 0.3837618319014888, 0.3446280610677695, 0.8718862338750873]",0.383761832,69.6,1.019803903,1,0.894427191,46.2,0.748331477,1.8,0.979795897,0.994695002,0.003769023,0.97638513,0.00828075,0.976852546,0.008853354,0.974804382,0.013769295,0.974804382,0.013769295,0.978900709,0.018834428,0.980278337,0.006907498,0.951326926,0.017404538,0.501889526,0.196251171
enterococcus_vancomycin_pointfinder+phenotypeseeker_train,Decision Tree,1029,"[{'clf__max_depth': None, 'clf__min_samples_leaf': 5, 'clf__min_samples_split': 20}, {'clf__max_depth': None, 'clf__min_samples_leaf': 1, 'clf__min_samples_split': 10}, {'clf__max_depth': 3, 'clf__min_samples_leaf': 1, 'clf__min_samples_split': 2}, {'clf__max_depth': None, 'clf__min_samples_leaf': 5, 'clf__min_samples_split': 2}, {'clf__max_depth': None, 'clf__min_samples_leaf': 1, 'clf__min_samples_split': 20}]","[0.7058521560574947, 1.0, 1.0, 0.7251798561151077, 0.8883666274970624]",0.888366627,69.2,0.979795897,1,1.095445115,46.2,0.748331477,2.2,1.166190379,0.986332534,0.011289386,0.973023786,0.006304738,0.974119094,0.007201939,0.969248826,0.016265929,0.969248826,0.016265929,0.978989362,0.022822806,0.977401518,0.005314133,0.944826724,0.013157932,0.863879728,0.127958926
enterococcus_vancomycin_pointfinder+phenotypeseeker_train,SGD Logistic,1029,"[{'clf__alpha': 0.01}, {'clf__alpha': 0.01}, {'clf__alpha': 0.001}, {'clf__alpha': 0.01}, {'clf__alpha': 0.001}]","[0.4546959633106765, 0.3540893681464806, 0.777971307308602, 0.24861492405466254, 0.42274015116776237]",0.422740151,69.4,2.059126028,1.4,1.019803903,45.8,0.979795897,2,2.097617696,0.992204825,0.005279062,0.971314628,0.011470989,0.971208337,0.008155613,0.972026604,0.029414622,0.972026604,0.029414622,0.970390071,0.021596298,0.975915045,0.010029004,0.941787184,0.022429113,0.451622343,0.177804369
enterococcus_vancomycin_pointfinder+phenotypeseeker_train,Gradient Boosting,1029,"[{'clf__learning_rate': 0.01, 'clf__max_depth': 3, 'clf__n_estimators': 100}, {'clf__learning_rate': 0.01, 'clf__max_depth': 3, 'clf__n_estimators': 100}, {'clf__learning_rate': 0.1, 'clf__max_depth': 3, 'clf__n_estimators': 500}, {'clf__learning_rate': 0.01, 'clf__max_depth': 3, 'clf__n_estimators': 100}, {'clf__learning_rate': 0.05, 'clf__max_depth': 3, 'clf__n_estimators': 500}]","[0.6299625578175007, 0.6954711386989336, 0.9791700634119259, 0.6199273467965666, 0.9201558642738806]",0.695471139,69.4,1.019803903,1.4,1.496662955,45.8,1.469693846,2,1.095445115,0.997712308,0.001827694,0.971343114,0.016464645,0.971208337,0.018479035,0.972026604,0.015323283,0.972026604,0.015323283,0.970390071,0.031774712,0.97617872,0.013453436,0.94071332,0.034831727,0.768937394,0.150983503
enterococcus_vancomycin_pointfinder+phenotypeseeker_train,AdaBoost,1029,"[{'clf__learning_rate': 0.1, 'clf__n_estimators': 500}, {'clf__learning_rate': 1.0, 'clf__n_estimators': 50}, {'clf__learning_rate': 0.5, 'clf__n_estimators': 500}, {'clf__learning_rate': 0.5, 'clf__n_estimators': 100}, {'clf__learning_rate': 0.5, 'clf__n_estimators': 100}]","[0.5054175163931892, 0.5157776429709522, 0.5179152326861823, 0.4906054402423357, 0.505236952251882]",0.505417516,69,1.414213562,1.4,1.854723699,45.8,1.469693846,2.4,1.743559577,0.995959861,0.003223576,0.967996012,0.014441544,0.9685831,0.016295904,0.966510172,0.024226153,0.966510172,0.024226153,0.970656028,0.03860243,0.973237806,0.012098795,0.935006838,0.029127631,0.506990557,0.009701372
enterococcus_vancomycin_pointfinder+phenotypeseeker_train,LogReg (L2),1029,"[{'clf__C': 1}, {'clf__C': 10}, {'clf__C': 100}, {'clf__C': 0.1}, {'clf__C': 100}]","[0.6069843627686736, 0.3452217230518752, 0.5936512907889324, 0.5231677595215168, 0.43249855702703466]",0.52316776,69,2.529822128,1.4,0.489897949,45.8,0.4,2.4,2.416609195,0.99396955,0.004751035,0.967924797,0.018907347,0.968371874,0.015331179,0.966353678,0.034063182,0.966353678,0.034063182,0.970390071,0.010210057,0.972889255,0.016662797,0.934713388,0.036664883,0.500304739,0.099262539
enterococcus_vancomycin_pointfinder+phenotypeseeker_train,RBF SVM,1029,"[{'clf__C': 100, 'clf__gamma': 'auto'}, {'clf__C': 10, 'clf__gamma': 'auto'}, {'clf__C': 100, 'clf__gamma': 'scale'}, {'clf__C': 100, 'clf__gamma': 'auto'}, {'clf__C': 100, 'clf__gamma': 'auto'}]","[0.7294952489685554, 0.7361524977570658, 0.680807932681045, 0.6492002612674117, 0.744299953365645]",0.729495249,68.4,1.743559577,1.2,1.166190379,46,1.095445115,3,2,0.992922785,0.003607718,0.964606181,0.01540114,0.966371991,0.014161074,0.958098592,0.027818635,0.958098592,0.027818635,0.97464539,0.024693178,0.970141849,0.013113628,0.928167493,0.031071839,0.707991179,0.036794328
enterococcus_vancomycin_pointfinder+phenotypeseeker_train,Linear SVM,1029,"[{'clf__C': 0.1}, {'clf__C': 0.1}, {'clf__C': 1}, {'clf__C': 0.1}, {'clf__C': 1}]","[0.04932926337105033, -0.040258483505053635, 0.1501581916806895, 0.6632210169266576, -0.016093861205610988]",0.049329263,68,3.577708764,1.2,0.748331477,46,0.632455532,3.4,3.498571137,0.994166001,0.004098897,0.961159379,0.028697604,0.963496404,0.023925717,0.952347418,0.049303319,0.952347418,0.049303319,0.97464539,0.015735254,0.966615641,0.025823842,0.922636056,0.054116544,0.161271225,0.259492078
enterococcus_vancomycin_pointfinder+phenotypeseeker_train,Extra Trees,1029,"[{'clf__max_depth': None, 'clf__min_samples_leaf': 1, 'clf__min_samples_split': 5, 'clf__n_estimators': 200}, {'clf__max_depth': None, 'clf__min_samples_leaf': 2, 'clf__min_samples_split': 2, 'clf__n_estimators': 200}, {'clf__max_depth': 10, 'clf__min_samples_leaf': 2, 'clf__min_samples_split': 2, 'clf__n_estimators': 500}, {'clf__max_depth': None, 'clf__min_samples_leaf': 5, 'clf__min_samples_split': 2, 'clf__n_estimators': 500}, {'clf__max_depth': 10, 'clf__min_samples_leaf': 5, 'clf__min_samples_split': 2, 'clf__n_estimators': 200}]","[0.6898879212566021, 0.49075154002716287, 0.3327040283778049, 0.5255513518481907, 0.5190813486505969]",0.519081349,68,2.097617696,1.2,1.469693846,46,1.549193338,3.4,2.154065923,0.995600256,0.003916306,0.961216351,0.01817896,0.963491201,0.017652702,0.952425665,0.030109034,0.952425665,0.030109034,0.974556738,0.031282646,0.967192147,0.015560194,0.921641525,0.036195719,0.511595238,0.1135567
enterococcus_vancomycin_pointfinder+phenotypeseeker_train,Random Forest,1029,"[{'clf__max_depth': 5, 'clf__min_samples_leaf': 1, 'clf__min_samples_split': 5, 'clf__n_estimators': 200}, {'clf__max_depth': None, 'clf__min_samples_leaf': 1, 'clf__min_samples_split': 5, 'clf__n_estimators': 500}, {'clf__max_depth': None, 'clf__min_samples_leaf': 1, 'clf__min_samples_split': 2, 'clf__n_estimators': 500}, {'clf__max_depth': None, 'clf__min_samples_leaf': 2, 'clf__min_samples_split': 10, 'clf__n_estimators': 500}, {'clf__max_depth': 10, 'clf__min_samples_leaf': 1, 'clf__min_samples_split': 2, 'clf__n_estimators': 200}]","[0.5686336288057252, 0.5569333270149611, 0.546, 0.5045663705960884, 0.5235257339513519]",0.546,66.8,1.469693846,0.6,0.489897949,46.6,0.489897949,4.6,1.743559577,0.994195552,0.003734918,0.956174334,0.016341341,0.961501723,0.014506822,0.935680751,0.024184101,0.935680751,0.024184101,0.987322695,0.010352242,0.962441999,0.014174191,0.912496988,0.032013305,0.539931812,0.02310646
enterococcus_vancomycin_pointfinder+phenotypeseeker_train,Balanced Random Forest,1029,"[{'clf__max_depth': 5, 'clf__min_samples_leaf': 1, 'clf__min_samples_split': 5, 'clf__n_estimators': 500}, {'clf__max_depth': None, 'clf__min_samples_leaf': 1, 'clf__min_samples_split': 2, 'clf__n_estimators': 500}, {'clf__max_depth': None, 'clf__min_samples_leaf': 1, 'clf__min_samples_split': 2, 'clf__n_estimators': 200}, {'clf__max_depth': 10, 'clf__min_samples_leaf': 2, 'clf__min_samples_split': 5, 'clf__n_estimators': 500}, {'clf__max_depth': None, 'clf__min_samples_leaf': 2, 'clf__min_samples_split': 10, 'clf__n_estimators': 200}]","[0.5868206039535874, 0.55, 0.495, 0.5029523809523808, 0.5203690476190477]",0.520369048,66.6,1.356465997,0.6,0.489897949,46.6,0.489897949,4.8,1.6,0.994285453,0.003990564,0.954493662,0.015620861,0.960093272,0.014099351,0.93286385,0.022187756,0.93286385,0.022187756,0.987322695,0.010352242,0.96096204,0.01353031,0.909220613,0.030745434,0.531028407,0.033682701
enterococcus_vancomycin_pointfinder+phenotypeseeker_train,KNN,1029,"[{'clf__n_neighbors': 11, 'clf__p': 1, 'clf__weights': 'distance'}, {'clf__n_neighbors': 5, 'clf__p': 1, 'clf__weights': 'distance'}, {'clf__n_neighbors': 9, 'clf__p': 1, 'clf__weights': 'distance'}, {'clf__n_neighbors': 15, 'clf__p': 1, 'clf__weights': 'distance'}, {'clf__n_neighbors': 1, 'clf__p': 1, 'clf__weights': 'uniform'}]","[0.4829677992797001, 0.5764705882352941, 0.4968436351736552, 0.5100634130960159, 1.0]",0.510063413,65.6,2.416609195,3.2,1.939071943,44,1.549193338,5.8,2.561249695,0.96849861,0.017918411,0.924113374,0.007554638,0.925696525,0.005760701,0.91885759,0.035792114,0.91885759,0.035792114,0.932535461,0.040041491,0.935630393,0.007707937,0.846708021,0.013725962,0.613269087,0.196010026
enterococcus_vancomycin_pointfinder+phenotypeseeker_train,BernoulliNB,1029,"[{'clf__alpha': 0.01, 'clf__binarize': None}, {'clf__alpha': 0.01, 'clf__binarize': None}, {'clf__alpha': 0.01, 'clf__binarize': None}, {'clf__alpha': 0.01, 'clf__binarize': None}, {'clf__alpha': 0.01, 'clf__binarize': None}]","[1.2767e-320, 2.7445304146842596e-305, 7.93330287449e-312, 3.382498488382601e-297, 2.8452501435361e-310]",2.8452501435361e-310,63,4.38178046,8.2,3.12409987,39,3.033150178,8.4,4.841487375,0.880861469,0.046530392,0.860133884,0.048092532,0.854602021,0.047244958,0.882785603,0.06692433,0.882785603,0.06692433,0.82641844,0.065981274,0.883008454,0.04142175,0.712773695,0.099899193,6.76E-298,0
enterococcus_vancomycin_resfinder_train,HistGB,32,"[{'clf__l2_regularization': 1.0, 'clf__learning_rate': 0.1, 'clf__max_depth': 6, 'clf__max_leaf_nodes': 31, 'clf__min_samples_leaf': 10}, {'clf__l2_regularization': 1.0, 'clf__learning_rate': 0.1, 'clf__max_depth': 3, 'clf__max_leaf_nodes': 31, 'clf__min_samples_leaf': 10}, {'clf__l2_regularization': 0.0, 'clf__learning_rate': 0.05, 'clf__max_depth': 3, 'clf__max_leaf_nodes': 31, 'clf__min_samples_leaf': 10}, {'clf__l2_regularization': 1.0, 'clf__learning_rate': 0.1, 'clf__max_depth': 3, 'clf__max_leaf_nodes': 31, 'clf__min_samples_leaf': 10}, {'clf__l2_regularization': 0.0, 'clf__learning_rate': 0.05, 'clf__max_depth': 6, 'clf__max_leaf_nodes': 31, 'clf__min_samples_leaf': 10}]","[0.5307901228635512, 0.5497162673109861, 0.7482365495789755, 0.4198243575464607, 0.7745349958981796]",0.549716267,71,0.632455532,0.8,0.748331477,46.4,0.8,0.4,0.489897949,0.994615922,0.006007524,0.98988748,0.008227836,0.988736348,0.009309689,0.994405321,0.006852334,0.994405321,0.006852334,0.983067376,0.015899224,0.991646426,0.006741728,0.978956415,0.017258733,0.604620459,0.135728788
enterococcus_vancomycin_resfinder_train,SGD Logistic,32,"[{'clf__alpha': 0.001}, {'clf__alpha': 0.001}, {'clf__alpha': 0.001}, {'clf__alpha': 0.0001}, {'clf__alpha': 0.001}]","[0.6077017597733846, 0.5862763767694227, 0.5701728542009719, 0.4609506527000758, 0.6543076287186494]",0.586276377,71,1.095445115,1,0.894427191,46.2,0.979795897,0.4,0.8,0.994992591,0.006580011,0.988178322,0.006765643,0.986589127,0.00791214,0.994366197,0.011267606,0.994366197,0.011267606,0.978812057,0.019031192,0.990226752,0.005584901,0.975658613,0.013915118,0.575881854,0.06405143
enterococcus_vancomycin_resfinder_train,Gradient Boosting,32,"[{'clf__learning_rate': 0.05, 'clf__max_depth': 1, 'clf__n_estimators': 500}, {'clf__learning_rate': 0.05, 'clf__max_depth': 1, 'clf__n_estimators': 500}, {'clf__learning_rate': 0.05, 'clf__max_depth': 1, 'clf__n_estimators': 500}, {'clf__learning_rate': 0.1, 'clf__max_depth': 1, 'clf__n_estimators': 200}, {'clf__learning_rate': 0.05, 'clf__max_depth': 1, 'clf__n_estimators': 500}]","[0.5406599618452148, 0.6673249016747634, 0.6770490525556094, 0.5169744105301965, 0.7190796092016326]",0.667324902,70.6,0.8,0.8,0.748331477,46.4,0.8,0.8,0.748331477,0.99416059,0.007220021,0.986511893,0.00672649,0.985939009,0.007431672,0.988810642,0.010519383,0.988810642,0.010519383,0.983067376,0.015899224,0.988809122,0.005525779,0.972073233,0.014083595,0.624217587,0.080163811
enterococcus_vancomycin_resfinder_train,RBF SVM,32,"[{'clf__C': 10, 'clf__gamma': 'auto'}, {'clf__C': 10, 'clf__gamma': 'auto'}, {'clf__C': 10, 'clf__gamma': 'scale'}, {'clf__C': 100, 'clf__gamma': 'auto'}, {'clf__C': 10, 'clf__gamma': 'scale'}]","[0.643154661736105, 0.6244653919716346, 0.9612502732353205, 0.38289714219349813, 0.6061337922065496]",0.624465392,70.4,1.356465997,0.8,0.748331477,46.4,0.8,1,1.549193338,0.994047797,0.006975532,0.984845464,0.017934028,0.984569682,0.017246052,0.986071987,0.021516716,0.986071987,0.021516716,0.983067376,0.015899224,0.987333653,0.015041821,0.968680305,0.037051935,0.643580252,0.184736419
enterococcus_vancomycin_resfinder_train,LogReg (L1),32,"[{'clf__C': 1}, {'clf__C': 10}, {'clf__C': 10}, {'clf__C': 1}, {'clf__C': 1}]","[0.5002074024153513, 0.3794400778828745, 0.7948808437557832, 0.3524056442532764, 0.6157370757338372]",0.500207402,70.4,1.2,0.8,0.748331477,46.4,0.8,1,1.264911064,0.992661822,0.007381203,0.984831221,0.01445449,0.98455012,0.014140762,0.986032864,0.017630655,0.986032864,0.017630655,0.983067376,0.015899224,0.987352647,0.012038787,0.968615911,0.030082926,0.528534209,0.162848156
enterococcus_vancomycin_resfinder_train,Linear SVM,32,"[{'clf__C': 1}, {'clf__C': 1}, {'clf__C': 1}, {'clf__C': 1}, {'clf__C': 1}]","[0.03743961370414872, 0.15892710683433187, 0.028033800291061062, -0.2321206411130261, 0.15536526089816116]",0.037439614,70.6,0.8,1,0.894427191,46.2,0.979795897,0.8,0.748331477,0.994513951,0.007219387,0.984816978,0.006304094,0.983811349,0.007666344,0.988810642,0.010519383,0.988810642,0.010519383,0.978812057,0.019031192,0.987429946,0.005153982,0.968590174,0.013223658,0.029529028,0.142199847
enterococcus_vancomycin_resfinder_train,LogReg (L2),32,"[{'clf__C': 10}, {'clf__C': 10}, {'clf__C': 10}, {'clf__C': 10}, {'clf__C': 10}]","[0.469286501805259, 0.6069190813598285, 0.653452372752183, 0.30753182358155223, 0.5935821462773391]",0.593582146,70.6,0.8,1,0.894427191,46.2,0.979795897,0.8,0.748331477,0.993632837,0.007173138,0.984816978,0.006304094,0.983811349,0.007666344,0.988810642,0.010519383,0.988810642,0.010519383,0.978812057,0.019031192,0.987429946,0.005153982,0.968590174,0.013223658,0.526154385,0.125143116
enterococcus_vancomycin_resfinder_train,Random Forest,32,"[{'clf__max_depth': None, 'clf__min_samples_leaf': 1, 'clf__min_samples_split': 5, 'clf__n_estimators': 500}, {'clf__max_depth': None, 'clf__min_samples_leaf': 1, 'clf__min_samples_split': 5, 'clf__n_estimators': 200}, {'clf__max_depth': None, 'clf__min_samples_leaf': 1, 'clf__min_samples_split': 2, 'clf__n_estimators': 200}, {'clf__max_depth': None, 'clf__min_samples_leaf': 1, 'clf__min_samples_split': 5, 'clf__n_estimators': 200}, {'clf__max_depth': 10, 'clf__min_samples_leaf': 1, 'clf__min_samples_split': 5, 'clf__n_estimators': 200}]","[0.5381413554453546, 0.4345282720504716, 0.55, 0.5018611410760508, 0.4594193641171267]",0.501861141,70.2,0.979795897,1,0.632455532,46.2,0.748331477,1.2,0.979795897,0.996313638,0.002845202,0.981469876,0.012334984,0.98101401,0.012256341,0.983215962,0.013584635,0.983215962,0.013584635,0.978812057,0.013457669,0.98457544,0.010272067,0.961462258,0.025700154,0.496790027,0.044362242
enterococcus_vancomycin_resfinder_train,Balanced Random Forest,32,"[{'clf__max_depth': None, 'clf__min_samples_leaf': 1, 'clf__min_samples_split': 10, 'clf__n_estimators': 200}, {'clf__max_depth': None, 'clf__min_samples_leaf': 2, 'clf__min_samples_split': 2, 'clf__n_estimators': 500}, {'clf__max_depth': None, 'clf__min_samples_leaf': 1, 'clf__min_samples_split': 2, 'clf__n_estimators': 200}, {'clf__max_depth': 10, 'clf__min_samples_leaf': 1, 'clf__min_samples_split': 5, 'clf__n_estimators': 200}, {'clf__max_depth': None, 'clf__min_samples_leaf': 1, 'clf__min_samples_split': 5, 'clf__n_estimators': 200}]","[0.5293353174603174, 0.3427425188359959, 0.565, 0.5304153970624601, 0.4315833333333333]",0.529335317,70,1.095445115,1,0.632455532,46.2,0.748331477,1.4,1.019803903,0.995562798,0.004177435,0.979774961,0.01258108,0.979605559,0.012428819,0.980399061,0.014180036,0.980399061,0.014180036,0.978812057,0.013457669,0.983137022,0.010485058,0.957993562,0.026202819,0.479815313,0.081712062
enterococcus_vancomycin_resfinder_train,Decision Tree,32,"[{'clf__max_depth': None, 'clf__min_samples_leaf': 1, 'clf__min_samples_split': 10}, {'clf__max_depth': None, 'clf__min_samples_leaf': 1, 'clf__min_samples_split': 2}, {'clf__max_depth': None, 'clf__min_samples_leaf': 1, 'clf__min_samples_split': 2}, {'clf__max_depth': None, 'clf__min_samples_leaf': 2, 'clf__min_samples_split': 10}, {'clf__max_depth': None, 'clf__min_samples_leaf': 1, 'clf__min_samples_split': 10}]","[0.7659313725490197, 1.0, 1.0, 0.5688487584650112, 0.7262247838616714]",0.765931373,69.4,1.356465997,1,0.632455532,46.2,0.748331477,2,1.414213562,0.982175857,0.010524486,0.97476143,0.014027468,0.97541933,0.013096944,0.972026604,0.019836877,0.972026604,0.019836877,0.978812057,0.013457669,0.978799356,0.011923859,0.94803551,0.028676765,0.812200983,0.166907178
enterococcus_vancomycin_resfinder_train,AdaBoost,32,"[{'clf__learning_rate': 0.5, 'clf__n_estimators': 500}, {'clf__learning_rate': 1.0, 'clf__n_estimators': 200}, {'clf__learning_rate': 1.0, 'clf__n_estimators': 100}, {'clf__learning_rate': 0.1, 'clf__n_estimators': 500}, {'clf__learning_rate': 0.5, 'clf__n_estimators': 200}]","[0.5030060189072603, 0.5009510876671666, 0.47293927447678624, 0.4863998851828059, 0.5126268941523208]",0.500951088,70.6,1.019803903,1.8,2.638181192,45.4,2.727636339,0.8,0.748331477,0.991927213,0.007718085,0.978108532,0.023515233,0.975281149,0.028945648,0.988771518,0.010529709,0.988771518,0.010529709,0.96179078,0.056158671,0.982260688,0.018560095,0.954831118,0.048560585,0.495184632,0.013933315
enterococcus_vancomycin_resfinder_train,Extra Trees,32,"[{'clf__max_depth': 10, 'clf__min_samples_leaf': 2, 'clf__min_samples_split': 10, 'clf__n_estimators': 500}, {'clf__max_depth': None, 'clf__min_samples_leaf': 2, 'clf__min_samples_split': 5, 'clf__n_estimators': 500}, {'clf__max_depth': None, 'clf__min_samples_leaf': 1, 'clf__min_samples_split': 2, 'clf__n_estimators': 200}, {'clf__max_depth': 5, 'clf__min_samples_leaf': 1, 'clf__min_samples_split': 2, 'clf__n_estimators': 200}, {'clf__max_depth': None, 'clf__min_samples_leaf': 1, 'clf__min_samples_split': 5, 'clf__n_estimators': 200}]","[0.5338023499382173, 0.3827147902563634, 0.545, 0.5320586618831081, 0.513387970885455]",0.532058662,69.6,1.624807681,1.2,0.979795897,46,1.095445115,1.8,1.469693846,0.990496287,0.010769869,0.974704458,0.017681816,0.974660998,0.017582027,0.974765258,0.020605195,0.974765258,0.020605195,0.974556738,0.020865563,0.978857771,0.014773664,0.947685172,0.036622715,0.501392755,0.060200857
enterococcus_vancomycin_resfinder_train,KNN,32,"[{'clf__n_neighbors': 5, 'clf__p': 1, 'clf__weights': 'distance'}, {'clf__n_neighbors': 11, 'clf__p': 1, 'clf__weights': 'distance'}, {'clf__n_neighbors': 5, 'clf__p': 1, 'clf__weights': 'distance'}, {'clf__n_neighbors': 15, 'clf__p': 1, 'clf__weights': 'distance'}, {'clf__n_neighbors': 15, 'clf__p': 1, 'clf__weights': 'distance'}]","[0.4, 0.5333333333333334, 0.4, 0.6428571428571429, 0.4848484848484848]",0.484848485,68.8,1.939071943,1.8,1.6,45.4,1.356465997,2.6,1.959591794,0.986710868,0.013170452,0.962911266,0.016575519,0.962835881,0.01686922,0.963615023,0.027394086,0.963615023,0.027394086,0.962056738,0.033558917,0.968939369,0.014115137,0.924245541,0.033679077,0.492207792,0.09104422
enterococcus_vancomycin_resfinder_train,BernoulliNB,32,"[{'clf__alpha': 1.0, 'clf__binarize': None}, {'clf__alpha': 10.0, 'clf__binarize': None}, {'clf__alpha': 1.0, 'clf__binarize': None}, {'clf__alpha': 1.0, 'clf__binarize': None}, {'clf__alpha': 0.1, 'clf__binarize': None}]","[0.9406210933368647, 0.4681692508828692, 0.5082195170597515, 0.931143810948256, 0.6009919062830168]",0.600991906,64,1.673320053,1.2,0.748331477,46,0.894427191,7.4,1.743559577,0.970905337,0.016073546,0.927503205,0.017253247,0.935478682,0.016026927,0.896400626,0.024172452,0.896400626,0.024172452,0.974556738,0.015946608,0.93691868,0.015521283,0.857312672,0.033102597,0.689829116,0.205492866
enterococcus_vancomycin_resfinder+cdhit_train,Gradient Boosting,64,"[{'clf__learning_rate': 0.05, 'clf__max_depth': 1, 'clf__n_estimators': 500}, {'clf__learning_rate': 0.05, 'clf__max_depth': 1, 'clf__n_estimators': 500}, {'clf__learning_rate': 0.05, 'clf__max_depth': 1, 'clf__n_estimators': 500}, {'clf__learning_rate': 0.1, 'clf__max_depth': 1, 'clf__n_estimators': 200}, {'clf__learning_rate': 0.05, 'clf__max_depth': 1, 'clf__n_estimators': 500}]","[0.5406599618452148, 0.6652015025246429, 0.6769391802146317, 0.5260977035655384, 0.7159219055686045]",0.665201503,70.8,0.979795897,0.8,0.748331477,46.4,0.8,0.6,0.8,0.994071521,0.00726776,0.988192565,0.008581136,0.987327898,0.009094722,0.991588419,0.011248299,0.991588419,0.011248299,0.983067376,0.015899224,0.990207723,0.007078197,0.975546682,0.017887509,0.624964051,0.076779596
enterococcus_vancomycin_resfinder+cdhit_train,Balanced Random Forest,64,"[{'clf__max_depth': None, 'clf__min_samples_leaf': 1, 'clf__min_samples_split': 5, 'clf__n_estimators': 200}, {'clf__max_depth': 10, 'clf__min_samples_leaf': 2, 'clf__min_samples_split': 10, 'clf__n_estimators': 500}, {'clf__max_depth': None, 'clf__min_samples_leaf': 1, 'clf__min_samples_split': 2, 'clf__n_estimators': 200}, {'clf__max_depth': None, 'clf__min_samples_leaf': 1, 'clf__min_samples_split': 5, 'clf__n_estimators': 500}, {'clf__max_depth': None, 'clf__min_samples_leaf': 1, 'clf__min_samples_split': 5, 'clf__n_estimators': 200}]","[0.3795833333333333, 0.3718582092183956, 0.615, 0.4006666666666665, 0.4529166666666668]",0.400666667,70.6,1.019803903,0.8,0.748331477,46.4,0.8,0.8,1.166190379,0.997744564,0.002075218,0.986526136,0.014641997,0.985958571,0.014551365,0.988849765,0.016203986,0.988849765,0.016203986,0.983067376,0.015899224,0.98879135,0.01218596,0.972025644,0.030498319,0.444004975,0.090058014
enterococcus_vancomycin_resfinder+cdhit_train,Random Forest,64,"[{'clf__max_depth': None, 'clf__min_samples_leaf': 1, 'clf__min_samples_split': 5, 'clf__n_estimators': 500}, {'clf__max_depth': None, 'clf__min_samples_leaf': 1, 'clf__min_samples_split': 2, 'clf__n_estimators': 500}, {'clf__max_depth': None, 'clf__min_samples_leaf': 1, 'clf__min_samples_split': 2, 'clf__n_estimators': 500}, {'clf__max_depth': None, 'clf__min_samples_leaf': 1, 'clf__min_samples_split': 10, 'clf__n_estimators': 200}, {'clf__max_depth': None, 'clf__min_samples_leaf': 1, 'clf__min_samples_split': 5, 'clf__n_estimators': 200}]","[0.40436842351939695, 0.458, 0.632, 0.41652042119820487, 0.5643123226760361]",0.458,70.4,1.2,0.8,0.748331477,46.4,0.8,1,1.264911064,0.997271335,0.002387808,0.984831221,0.01445449,0.98455012,0.014140762,0.986032864,0.017630655,0.986032864,0.017630655,0.983067376,0.015899224,0.987352647,0.012038787,0.968615911,0.030082926,0.495040233,0.088673916
enterococcus_vancomycin_resfinder+cdhit_train,AdaBoost,64,"[{'clf__learning_rate': 0.5, 'clf__n_estimators': 500}, {'clf__learning_rate': 0.5, 'clf__n_estimators': 500}, {'clf__learning_rate': 1.0, 'clf__n_estimators': 100}, {'clf__learning_rate': 0.1, 'clf__n_estimators': 500}, {'clf__learning_rate': 0.5, 'clf__n_estimators': 200}]","[0.5032641514541666, 0.5034083054198633, 0.5003518256963224, 0.4863998851828059, 0.5210486551790069]",0.503264151,70.4,1.2,0.8,0.748331477,46.4,0.8,1,0.894427191,0.993688193,0.007232935,0.984831221,0.009795198,0.984510996,0.010086973,0.985954617,0.012597809,0.985954617,0.012597809,0.983067376,0.015899224,0.987351006,0.008170114,0.968608711,0.020351383,0.502894565,0.011031877
enterococcus_vancomycin_resfinder+cdhit_train,Linear SVM,64,"[{'clf__C': 100}, {'clf__C': 1}, {'clf__C': 1}, {'clf__C': 0.1}, {'clf__C': 0.1}]","[-0.19772711141638866, 0.08625550512818564, -0.006300641967407206, -0.1602485708413594, 0.1962259562410146]",-0.006300642,70.4,1.2,0.8,0.748331477,46.4,0.8,1,0.894427191,0.993217461,0.007346048,0.984831221,0.009795198,0.984510996,0.010086973,0.985954617,0.012597809,0.985954617,0.012597809,0.983067376,0.015899224,0.987351006,0.008170114,0.968608711,0.020351383,-0.016358973,0.147933682
enterococcus_vancomycin_resfinder+cdhit_train,LogReg (L2),64,"[{'clf__C': 10}, {'clf__C': 1}, {'clf__C': 10}, {'clf__C': 10}, {'clf__C': 10}]","[0.4459229308762945, 0.5124617296745332, 0.5266799764754282, 0.25981824763169664, 0.5595896940370532]",0.51246173,70.6,1.019803903,1,0.894427191,46.2,0.979795897,0.8,0.748331477,0.994341225,0.006976122,0.984831221,0.009795198,0.983791787,0.010821189,0.988771518,0.010529709,0.988771518,0.010529709,0.978812057,0.019031192,0.987410532,0.008142265,0.968535385,0.020384522,0.460894516,0.107129321
enterococcus_vancomycin_resfinder+cdhit_train,Extra Trees,64,"[{'clf__max_depth': None, 'clf__min_samples_leaf': 2, 'clf__min_samples_split': 2, 'clf__n_estimators': 200}, {'clf__max_depth': 10, 'clf__min_samples_leaf': 1, 'clf__min_samples_split': 5, 'clf__n_estimators': 200}, {'clf__max_depth': None, 'clf__min_samples_leaf': 1, 'clf__min_samples_split': 2, 'clf__n_estimators': 200}, {'clf__max_depth': None, 'clf__min_samples_leaf': 1, 'clf__min_samples_split': 5, 'clf__n_estimators': 200}, {'clf__max_depth': None, 'clf__min_samples_leaf': 1, 'clf__min_samples_split': 10, 'clf__n_estimators': 500}]","[0.4557530047283029, 0.5200330661549039, 0.68, 0.43372170061629867, 0.5111493760934043]",0.511149376,70.2,1.166190379,0.8,0.748331477,46.4,0.8,1.2,1.469693846,0.9955911,0.006081691,0.983164791,0.01679251,0.983180793,0.016195073,0.98329421,0.02040724,0.98329421,0.02040724,0.983067376,0.015899224,0.985935052,0.014094339,0.965206856,0.034691938,0.52013143,0.086313231
enterococcus_vancomycin_resfinder+cdhit_train,LogReg (L1),64,"[{'clf__C': 10}, {'clf__C': 10}, {'clf__C': 10}, {'clf__C': 1}, {'clf__C': 1}]","[0.3949107768470638, 0.3891282100532551, 0.8153509301122169, 0.3525720775700262, 0.6157116121335114]",0.394910777,70.2,1.166190379,0.8,0.748331477,46.4,0.8,1.2,0.979795897,0.994276712,0.007310084,0.983150548,0.011874209,0.983122107,0.012034527,0.983176839,0.013736796,0.983176839,0.013736796,0.983067376,0.015899224,0.985933381,0.009878597,0.965101773,0.024769037,0.513534721,0.177195222
enterococcus_vancomycin_resfinder+cdhit_train,RBF SVM,64,"[{'clf__C': 1, 'clf__gamma': 'scale'}, {'clf__C': 1, 'clf__gamma': 'scale'}, {'clf__C': 10, 'clf__gamma': 'scale'}, {'clf__C': 10, 'clf__gamma': 0.01}, {'clf__C': 10, 'clf__gamma': 'scale'}]","[0.7042807202552908, 0.5095886350717428, 0.9422892918843302, 0.46383004477459483, 0.7653378031057299]",0.70428072,70,1.673320053,0.8,0.748331477,46.4,0.8,1.4,1.854723699,0.993689025,0.007458963,0.981484119,0.020842846,0.981772342,0.019708935,0.980477308,0.025743349,0.980477308,0.025743349,0.983067376,0.015899224,0.984436979,0.017613639,0.961899034,0.042669323,0.677065299,0.174581893
enterococcus_vancomycin_resfinder+cdhit_train,HistGB,64,"[{'clf__l2_regularization': 0.0, 'clf__learning_rate': 0.05, 'clf__max_depth': 3, 'clf__max_leaf_nodes': 31, 'clf__min_samples_leaf': 10}, {'clf__l2_regularization': 1.0, 'clf__learning_rate': 0.1, 'clf__max_depth': 3, 'clf__max_leaf_nodes': 31, 'clf__min_samples_leaf': 10}, {'clf__l2_regularization': 0.0, 'clf__learning_rate': 0.05, 'clf__max_depth': 3, 'clf__max_leaf_nodes': 31, 'clf__min_samples_leaf': 10}, {'clf__l2_regularization': 1.0, 'clf__learning_rate': 0.1, 'clf__max_depth': 3, 'clf__max_leaf_nodes': 31, 'clf__min_samples_leaf': 10}, {'clf__l2_regularization': 1.0, 'clf__learning_rate': 0.1, 'clf__max_depth': 3, 'clf__max_leaf_nodes': 31, 'clf__min_samples_leaf': 10}]","[0.9213235857794123, 0.6164494565606996, 0.721339685978648, 0.4300094227944665, 0.9151544010732627]",0.721339686,70,1.673320053,0.8,0.748331477,46.4,0.8,1.4,1.356465997,0.995039623,0.004548725,0.981455633,0.012362271,0.981694095,0.011622371,0.980320814,0.019116848,0.980320814,0.019116848,0.983067376,0.015899224,0.984432635,0.01046318,0.961927703,0.025306028,0.72085531,0.186242752
enterococcus_vancomycin_resfinder+cdhit_train,Decision Tree,64,"[{'clf__max_depth': None, 'clf__min_samples_leaf': 2, 'clf__min_samples_split': 10}, {'clf__max_depth': None, 'clf__min_samples_leaf': 1, 'clf__min_samples_split': 2}, {'clf__max_depth': None, 'clf__min_samples_leaf': 1, 'clf__min_samples_split': 2}, {'clf__max_depth': 5, 'clf__min_samples_leaf': 1, 'clf__min_samples_split': 2}, {'clf__max_depth': None, 'clf__min_samples_leaf': 2, 'clf__min_samples_split': 10}]","[0.7991543340380549, 1.0, 1.0, 1.0, 0.7262247838616716]",1,69.6,1.019803903,1,0.632455532,46.2,0.748331477,1.8,0.748331477,0.985012944,0.010200009,0.976413616,0.009785605,0.976788657,0.010077006,0.974765258,0.010561931,0.974765258,0.010561931,0.978812057,0.013457669,0.980278622,0.00823604,0.951105396,0.020233015,0.905075824,0.118523292
enterococcus_vancomycin_resfinder+cdhit_train,SGD Logistic,64,"[{'clf__alpha': 0.0001}, {'clf__alpha': 0.001}, {'clf__alpha': 0.001}, {'clf__alpha': 0.001}, {'clf__alpha': 0.01}]","[0.729374449793402, 0.48696903396477587, 0.604985198939624, 0.4041681888236941, 0.5410891354619913]",0.541089135,68.6,4.92341345,0.8,0.748331477,46.4,0.8,2.8,4.664761516,0.994573469,0.00723026,0.96970517,0.039967137,0.971815378,0.034067246,0.96056338,0.065700866,0.96056338,0.065700866,0.983067376,0.015899224,0.973157201,0.036567384,0.941596031,0.074460891,0.553317201,0.109966149
enterococcus_vancomycin_resfinder+cdhit_train,KNN,64,"[{'clf__n_neighbors': 1, 'clf__p': 1, 'clf__weights': 'uniform'}, {'clf__n_neighbors': 9, 'clf__p': 1, 'clf__weights': 'distance'}, {'clf__n_neighbors': 15, 'clf__p': 1, 'clf__weights': 'distance'}, {'clf__n_neighbors': 7, 'clf__p': 1, 'clf__weights': 'distance'}, {'clf__n_neighbors': 5, 'clf__p': 1, 'clf__weights': 'distance'}]","[1.0, 0.5357142857142858, 0.45365853658536587, 0.5483870967741936, 0.27272727272727276]",0.535714286,69,0.894427191,2,0.894427191,45.2,0.748331477,2.4,1.019803903,0.982152341,0.01498943,0.962925509,0.012522298,0.962072345,0.012949569,0.966431925,0.014150428,0.966431925,0.014150428,0.957712766,0.018738207,0.969110889,0.01043684,0.922984394,0.026113259,0.562097438,0.240056987
enterococcus_vancomycin_resfinder+cdhit_train,BernoulliNB,64,"[{'clf__alpha': 1.0, 'clf__binarize': None}, {'clf__alpha': 10.0, 'clf__binarize': None}, {'clf__alpha': 10.0, 'clf__binarize': None}, {'clf__alpha': 10.0, 'clf__binarize': None}, {'clf__alpha': 10.0, 'clf__binarize': None}]","[0.99553520342781, 0.2668386627193062, 0.9740611943484881, 0.9791844391381144, 0.4605922029380478]",0.974061194,63.2,2.039607805,0.4,0.489897949,46.8,0.4,8.2,2.13541565,0.966638364,0.019047973,0.927503205,0.019653513,0.938394641,0.01725736,0.885211268,0.029676608,0.885211268,0.029676608,0.991578014,0.010315736,0.936065712,0.018055295,0.861129487,0.035855149,0.735242341,0.309557513
enterococcus_vancomycin_resfinder+cdhit+phenotypeseeker_train,AdaBoost,1064,"[{'clf__learning_rate': 0.1, 'clf__n_estimators': 500}, {'clf__learning_rate': 0.5, 'clf__n_estimators': 50}, {'clf__learning_rate': 1.0, 'clf__n_estimators': 50}, {'clf__learning_rate': 1.0, 'clf__n_estimators': 200}, {'clf__learning_rate': 0.5, 'clf__n_estimators': 500}]","[0.5110904545583453, 0.508136573981184, 0.5556123076127599, 0.5451940264372166, 0.5181322501300695]",0.51813225,70.6,0.489897949,0.2,0.4,47,0.632455532,0.8,0.4,0.999644558,0.000572928,0.991568153,0.005314867,0.992277661,0.005628361,0.988810642,0.005595363,0.988810642,0.005595363,0.995744681,0.008510638,0.992986741,0.004392561,0.982507568,0.011120604,0.527633123,0.019158612
enterococcus_vancomycin_resfinder+cdhit+phenotypeseeker_train,HistGB,1064,"[{'clf__l2_regularization': 0.0, 'clf__learning_rate': 0.05, 'clf__max_depth': 3, 'clf__max_leaf_nodes': 31, 'clf__min_samples_leaf': 10}, {'clf__l2_regularization': 0.0, 'clf__learning_rate': 0.1, 'clf__max_depth': 6, 'clf__max_leaf_nodes': 31, 'clf__min_samples_leaf': 10}, {'clf__l2_regularization': 1.0, 'clf__learning_rate': 0.1, 'clf__max_depth': 6, 'clf__max_leaf_nodes': 31, 'clf__min_samples_leaf': 10}, {'clf__l2_regularization': 1.0, 'clf__learning_rate': 0.05, 'clf__max_depth': 3, 'clf__max_leaf_nodes': 31, 'clf__min_samples_leaf': 10}, {'clf__l2_regularization': 0.0, 'clf__learning_rate': 0.05, 'clf__max_depth': 6, 'clf__max_leaf_nodes': 31, 'clf__min_samples_leaf': 10}]","[0.909069840262725, 0.6936015193333063, 0.7927433286344782, 0.5284117975897513, 0.9374399664131988]",0.792743329,70.8,0.748331477,0.4,0.489897949,46.8,0.748331477,0.6,0.8,0.998630673,0.00168063,0.991568153,0.009205487,0.991558452,0.009033836,0.991627543,0.011130931,0.991627543,0.011130931,0.991489362,0.010423361,0.992987155,0.007660558,0.982507382,0.019137009,0.77225329,0.149713074
enterococcus_vancomycin_resfinder+cdhit+phenotypeseeker_train,Linear SVM,1064,"[{'clf__C': 10}, {'clf__C': 1}, {'clf__C': 1}, {'clf__C': 0.1}, {'clf__C': 10}]","[0.18126292700553265, 0.15072039635082612, 0.29270409893715177, 0.03762021113667707, 0.37343260945168155]",0.181262927,70.8,0.748331477,0.6,0.489897949,46.6,0.489897949,0.6,0.489897949,0.999761929,0.000291589,0.989873237,0.006315347,0.989455557,0.006692214,0.991588419,0.006868398,0.991588419,0.006868398,0.987322695,0.010352242,0.99158828,0.005228591,0.97892829,0.013217955,0.207148049,0.116244742
enterococcus_vancomycin_resfinder+cdhit+phenotypeseeker_train,LogReg (L2),1064,"[{'clf__C': 100}, {'clf__C': 10}, {'clf__C': 100}, {'clf__C': 100}, {'clf__C': 10}]","[0.9123240060443845, 0.28324724710193383, 0.1921261815569276, 0.46815388249869644, 0.8305199745636025]",0.468153882,70.8,1.166190379,0.6,0.489897949,46.6,0.489897949,0.6,0.8,0.999640396,0.000581082,0.989858994,0.006349497,0.989435995,0.005910408,0.991549296,0.011267606,0.991549296,0.011267606,0.987322695,0.010352242,0.991548044,0.005324317,0.979052671,0.013079154,0.537274258,0.288128411
enterococcus_vancomycin_resfinder+cdhit+phenotypeseeker_train,LogReg (L1),1064,"[{'clf__C': 100}, {'clf__C': 10}, {'clf__C': 1}, {'clf__C': 10}, {'clf__C': 100}]","[0.7267867673040966, 0.6549940144754072, 0.5179544557639938, 0.732694402079793, 0.9599778744320286]",0.726786767,70.8,1.166190379,0.6,0.489897949,46.6,0.489897949,0.6,0.8,0.999340725,0.00131855,0.989858994,0.006349497,0.989435995,0.005910408,0.991549296,0.011267606,0.991549296,0.011267606,0.987322695,0.010352242,0.991548044,0.005324317,0.979052671,0.013079154,0.718481503,0.143410766
enterococcus_vancomycin_resfinder+cdhit+phenotypeseeker_train,Gradient Boosting,1064,"[{'clf__learning_rate': 0.01, 'clf__max_depth': 2, 'clf__n_estimators': 500}, {'clf__learning_rate': 0.01, 'clf__max_depth': 2, 'clf__n_estimators': 500}, {'clf__learning_rate': 0.01, 'clf__max_depth': 2, 'clf__n_estimators': 500}, {'clf__learning_rate': 0.05, 'clf__max_depth': 1, 'clf__n_estimators': 500}, {'clf__learning_rate': 0.2, 'clf__max_depth': 1, 'clf__n_estimators': 500}]","[0.6188486072711655, 0.7374725373373854, 0.833177175666884, 0.7701530560142135, 0.9519088388621122]",0.770153056,70.6,0.489897949,0.6,0.489897949,46.6,0.489897949,0.8,0.4,0.998962808,0.00085977,0.988192565,0.004140375,0.988066668,0.004817848,0.988810642,0.005595363,0.988810642,0.005595363,0.987322695,0.010352242,0.990189678,0.00341075,0.975454841,0.008751612,0.782312043,0.109753407
enterococcus_vancomycin_resfinder+cdhit+phenotypeseeker_train,Decision Tree,1064,"[{'clf__max_depth': None, 'clf__min_samples_leaf': 5, 'clf__min_samples_split': 20}, {'clf__max_depth': None, 'clf__min_samples_leaf': 1, 'clf__min_samples_split': 2}, {'clf__max_depth': None, 'clf__min_samples_leaf': 2, 'clf__min_samples_split': 10}, {'clf__max_depth': None, 'clf__min_samples_leaf': 5, 'clf__min_samples_split': 2}, {'clf__max_depth': 3, 'clf__min_samples_leaf': 1, 'clf__min_samples_split': 2}]","[0.7058521560574949, 1.0, 1.0, 0.7251798561151079, 0.9181311615945135]",0.918131162,70.6,1.019803903,1,1.095445115,46.2,0.748331477,0.8,1.166190379,0.988279559,0.00794739,0.984845464,0.012334902,0.983919563,0.01293747,0.988849765,0.016203986,0.988849765,0.016203986,0.978989362,0.022822806,0.987411225,0.010279789,0.968822766,0.025339622,0.869832635,0.129640933
enterococcus_vancomycin_resfinder+cdhit+phenotypeseeker_train,Extra Trees,1064,"[{'clf__max_depth': None, 'clf__min_samples_leaf': 1, 'clf__min_samples_split': 5, 'clf__n_estimators': 500}, {'clf__max_depth': None, 'clf__min_samples_leaf': 1, 'clf__min_samples_split': 5, 'clf__n_estimators': 500}, {'clf__max_depth': None, 'clf__min_samples_leaf': 1, 'clf__min_samples_split': 5, 'clf__n_estimators': 200}, {'clf__max_depth': None, 'clf__min_samples_leaf': 1, 'clf__min_samples_split': 10, 'clf__n_estimators': 200}, {'clf__max_depth': None, 'clf__min_samples_leaf': 1, 'clf__min_samples_split': 2, 'clf__n_estimators': 200}]","[0.6342793659558597, 0.3570153516719915, 0.44958718497808403, 0.5403516272837021, 0.565]",0.540351627,70.2,1.166190379,0.8,0.748331477,46.4,0.8,1.2,0.979795897,0.998631922,0.001336222,0.983122062,0.011914664,0.983122107,0.012086293,0.983176839,0.013736796,0.983176839,0.013736796,0.983067376,0.015899224,0.985933381,0.009878597,0.965016765,0.02489128,0.509246706,0.09637713
enterococcus_vancomycin_resfinder+cdhit+phenotypeseeker_train,RBF SVM,1064,"[{'clf__C': 100, 'clf__gamma': 'auto'}, {'clf__C': 100, 'clf__gamma': 'scale'}, {'clf__C': 100, 'clf__gamma': 'scale'}, {'clf__C': 100, 'clf__gamma': 'auto'}, {'clf__C': 100, 'clf__gamma': 'auto'}]","[0.6938922763350022, 0.6160397393315283, 0.776022991191625, 0.5103766746881865, 0.8364128030664028]",0.693892276,70,1.414213562,0.8,0.748331477,46.4,0.489897949,1.4,1.356465997,0.999525522,0.000689531,0.98144139,0.011170133,0.981777545,0.010228821,0.980399061,0.018967659,0.980399061,0.018967659,0.983156028,0.015639062,0.984454971,0.009405772,0.961932876,0.022858797,0.686548897,0.115348968
enterococcus_vancomycin_resfinder+cdhit+phenotypeseeker_train,Balanced Random Forest,1064,"[{'clf__max_depth': None, 'clf__min_samples_leaf': 1, 'clf__min_samples_split': 5, 'clf__n_estimators': 200}, {'clf__max_depth': None, 'clf__min_samples_leaf': 1, 'clf__min_samples_split': 2, 'clf__n_estimators': 200}, {'clf__max_depth': None, 'clf__min_samples_leaf': 1, 'clf__min_samples_split': 2, 'clf__n_estimators': 200}, {'clf__max_depth': None, 'clf__min_samples_leaf': 1, 'clf__min_samples_split': 5, 'clf__n_estimators': 500}, {'clf__max_depth': None, 'clf__min_samples_leaf': 1, 'clf__min_samples_split': 2, 'clf__n_estimators': 500}]","[0.5095833333333334, 0.47, 0.36, 0.43583333333333335, 0.492]",0.47,70,0.894427191,0.8,0.748331477,46.4,0.8,1.4,0.8,0.998457946,0.00129482,0.98144139,0.009824728,0.981733218,0.010339801,0.980399061,0.011229504,0.980399061,0.011229504,0.983067376,0.015899224,0.98453478,0.008127966,0.961543316,0.020610925,0.453483333,0.052828401
enterococcus_vancomycin_resfinder+cdhit+phenotypeseeker_train,SGD Logistic,1064,"[{'clf__alpha': 0.01}, {'clf__alpha': 0.001}, {'clf__alpha': 0.001}, {'clf__alpha': 0.01}, {'clf__alpha': 0.001}]","[0.41747093838728977, 0.19110787290132522, 0.6461318583136719, 0.4202040717777075, 0.8510794854991909]",0.420204072,70,0.894427191,1,0.632455532,46.2,0.4,1.4,0.8,0.996323211,0.003798941,0.979760718,0.004146739,0.979649885,0.004091895,0.980399061,0.011229504,0.980399061,0.011229504,0.978900709,0.013177946,0.983136178,0.003485815,0.958129908,0.008729068,0.505198845,0.224975095
enterococcus_vancomycin_resfinder+cdhit+phenotypeseeker_train,Random Forest,1064,"[{'clf__max_depth': None, 'clf__min_samples_leaf': 1, 'clf__min_samples_split': 5, 'clf__n_estimators': 500}, {'clf__max_depth': 10, 'clf__min_samples_leaf': 1, 'clf__min_samples_split': 5, 'clf__n_estimators': 200}, {'clf__max_depth': None, 'clf__min_samples_leaf': 1, 'clf__min_samples_split': 2, 'clf__n_estimators': 500}, {'clf__max_depth': None, 'clf__min_samples_leaf': 1, 'clf__min_samples_split': 10, 'clf__n_estimators': 200}, {'clf__max_depth': None, 'clf__min_samples_leaf': 1, 'clf__min_samples_split': 2, 'clf__n_estimators': 200}]","[0.5128603278274265, 0.5032757694097929, 0.51, 0.608751066867064, 0.625]",0.512860328,68.8,2.039607805,0.6,0.489897949,46.6,0.489897949,2.6,1.959591794,0.998337246,0.001342033,0.972981057,0.018106392,0.975449297,0.015963111,0.9635759,0.027600994,0.9635759,0.027600994,0.987322695,0.010352242,0.977074573,0.015669476,0.945261128,0.035962313,0.551977433,0.053328502
enterococcus_vancomycin_resfinder+cdhit+phenotypeseeker_train,KNN,1064,"[{'clf__n_neighbors': 3, 'clf__p': 1, 'clf__weights': 'distance'}, {'clf__n_neighbors': 1, 'clf__p': 1, 'clf__weights': 'uniform'}, {'clf__n_neighbors': 9, 'clf__p': 1, 'clf__weights': 'distance'}, {'clf__n_neighbors': 5, 'clf__p': 1, 'clf__weights': 'distance'}, {'clf__n_neighbors': 1, 'clf__p': 1, 'clf__weights': 'uniform'}]","[0.7118155619596541, 1.0, 0.6346553811679813, 0.6806181038816712, 1.0]",0.711815562,66.2,3.310589071,1.6,1.019803903,45.6,1.2,5.2,3.12409987,0.964291155,0.014347022,0.942586526,0.024897227,0.946559826,0.020920919,0.927073552,0.043899329,0.927073552,0.043899329,0.966046099,0.021750774,0.950604894,0.022511978,0.885498518,0.047258725,0.805417809,0.160761072
enterococcus_vancomycin_resfinder+cdhit+phenotypeseeker_train,BernoulliNB,1064,"[{'clf__alpha': 0.01, 'clf__binarize': None}, {'clf__alpha': 0.01, 'clf__binarize': None}, {'clf__alpha': 0.01, 'clf__binarize': None}, {'clf__alpha': 0.01, 'clf__binarize': None}, {'clf__alpha': 0.01, 'clf__binarize': None}]","[9.79122131702157e-310, 7.0543159973e-314, 1.961167624242613e-307, 2.651627391263507e-299, 7.53143086626e-312]",9.79122131702157e-310,62.6,3.072458299,8.2,3.12409987,39,3.033150178,8.8,3.544009029,0.884264809,0.047702819,0.856786783,0.04512586,0.851745996,0.046906887,0.877073552,0.048688663,0.877073552,0.048688663,0.82641844,0.065981274,0.880431015,0.037740285,0.703592782,0.094438662,5.30E-300,0
enterococcus_vancomycin_resfinder+phenotypeseeker_train,HistGB,1032,"[{'clf__l2_regularization': 0.0, 'clf__learning_rate': 0.05, 'clf__max_depth': 3, 'clf__max_leaf_nodes': 31, 'clf__min_samples_leaf': 10}, {'clf__l2_regularization': 0.0, 'clf__learning_rate': 0.1, 'clf__max_depth': 6, 'clf__max_leaf_nodes': 31, 'clf__min_samples_leaf': 10}, {'clf__l2_regularization': 1.0, 'clf__learning_rate': 0.1, 'clf__max_depth': 6, 'clf__max_leaf_nodes': 31, 'clf__min_samples_leaf': 10}, {'clf__l2_regularization': 1.0, 'clf__learning_rate': 0.05, 'clf__max_depth': 3, 'clf__max_leaf_nodes': 31, 'clf__min_samples_leaf': 10}, {'clf__l2_regularization': 0.0, 'clf__learning_rate': 0.1, 'clf__max_depth': 3, 'clf__max_leaf_nodes': 31, 'clf__min_samples_leaf': 10}]","[0.8464468023160138, 0.697766484196697, 0.798195776602573, 0.5284117975897513, 0.7902255315349738]",0.790225532,71,0.632455532,0.4,0.489897949,46.8,0.748331477,0.4,0.8,0.998571571,0.001749532,0.993263068,0.009802403,0.992966903,0.009668857,0.994444444,0.011111111,0.994444444,0.011111111,0.991489362,0.010423361,0.994405594,0.008155177,0.986000325,0.020377013,0.732209278,0.112685434
enterococcus_vancomycin_resfinder+phenotypeseeker_train,LogReg (L1),1032,"[{'clf__C': 1}, {'clf__C': 100}, {'clf__C': 1}, {'clf__C': 10}, {'clf__C': 100}]","[0.5988137570755969, 0.5262814639261698, 0.6200162566155993, 0.6870290535399436, 0.9095712355718857]",0.620016257,71,0.894427191,0.6,0.489897949,46.6,0.489897949,0.4,0.489897949,0.998518713,0.001704885,0.99155391,0.005359906,0.990844446,0.005740291,0.994366197,0.006899971,0.994366197,0.006899971,0.987322695,0.010352242,0.992986747,0.004454405,0.982462404,0.011182851,0.668342353,0.131066014
enterococcus_vancomycin_resfinder+phenotypeseeker_train,LogReg (L2),1032,"[{'clf__C': 10}, {'clf__C': 100}, {'clf__C': 100}, {'clf__C': 10}, {'clf__C': 100}]","[0.7941474557183579, 0.2995385902868183, 0.30895374988367974, 0.75526747168443, 0.8734981418662209]",0.755267472,70.6,1.356465997,0.6,0.8,46.6,0.489897949,0.8,0.979795897,0.99928204,0.001147066,0.988164079,0.010155398,0.988071871,0.01031714,0.988732394,0.013799942,0.988732394,0.013799942,0.987411348,0.016711875,0.99010976,0.008492257,0.975644743,0.020963451,0.606281082,0.249555675
enterococcus_vancomycin_resfinder+phenotypeseeker_train,Gradient Boosting,1032,"[{'clf__learning_rate': 0.01, 'clf__max_depth': 2, 'clf__n_estimators': 500}, {'clf__learning_rate': 0.01, 'clf__max_depth': 2, 'clf__n_estimators': 500}, {'clf__learning_rate': 0.01, 'clf__max_depth': 2, 'clf__n_estimators': 500}, {'clf__learning_rate': 0.05, 'clf__max_depth': 1, 'clf__n_estimators': 500}, {'clf__learning_rate': 0.2, 'clf__max_depth': 1, 'clf__n_estimators': 500}]","[0.6224145624859924, 0.7374725373373854, 0.833177175666884, 0.7572045471754187, 0.9881625626063971]",0.757204547,70.6,0.489897949,0.6,0.489897949,46.6,0.489897949,0.8,0.4,0.998962808,0.00085977,0.988192565,0.004140375,0.988066668,0.004817848,0.988810642,0.005595363,0.988810642,0.005595363,0.987322695,0.010352242,0.990189678,0.00341075,0.975454841,0.008751612,0.787686277,0.120851527
enterococcus_vancomycin_resfinder+phenotypeseeker_train,AdaBoost,1032,"[{'clf__learning_rate': 0.1, 'clf__n_estimators': 500}, {'clf__learning_rate': 0.5, 'clf__n_estimators': 50}, {'clf__learning_rate': 1.0, 'clf__n_estimators': 50}, {'clf__learning_rate': 1.0, 'clf__n_estimators': 200}, {'clf__learning_rate': 0.5, 'clf__n_estimators': 500}]","[0.5135150994655225, 0.508136573981184, 0.5451635036625713, 0.5451940264372166, 0.5257225821860972]",0.525722582,70.2,1.166190379,0.4,0.489897949,46.8,0.4,1.2,0.979795897,0.999644558,0.000572928,0.98649765,0.006786988,0.987377426,0.005747549,0.983176839,0.013816238,0.983176839,0.013816238,0.991578014,0.010315736,0.988690033,0.005783467,0.972293412,0.013599887,0.527546357,0.015483837
enterococcus_vancomycin_resfinder+phenotypeseeker_train,Linear SVM,1032,"[{'clf__C': 0.1}, {'clf__C': 1}, {'clf__C': 10}, {'clf__C': 1}, {'clf__C': 0.1}]","[0.1544323967994437, -0.00392813267218714, 0.20307887033672462, 0.1726400372607003, 0.1648275569602421]",0.164827557,70.4,1.2,0.6,0.8,46.6,0.489897949,1,0.894427191,0.999643725,0.000221845,0.986483407,0.0086398,0.986682982,0.00900143,0.985954617,0.012597809,0.985954617,0.012597809,0.987411348,0.016711875,0.988711159,0.007230337,0.972171293,0.01784747,0.138210146,0.072894865
enterococcus_vancomycin_resfinder+phenotypeseeker_train,SGD Logistic,1032,"[{'clf__alpha': 0.001}, {'clf__alpha': 0.001}, {'clf__alpha': 0.001}, {'clf__alpha': 0.01}, {'clf__alpha': 0.001}]","[0.5624167884912084, 0.8744173451839067, 0.45799784799968407, 0.327131817424584, 0.6956163956041502]",0.562416788,69.4,0.489897949,0.2,0.4,47,0.632455532,2,0.632455532,0.995079995,0.003894426,0.98144139,0.006327093,0.983885642,0.006127808,0.972026604,0.00872378,0.972026604,0.00872378,0.995744681,0.008510638,0.984396878,0.005307621,0.962066792,0.012947929,0.583516039,0.189273835
enterococcus_vancomycin_resfinder+phenotypeseeker_train,Decision Tree,1032,"[{'clf__max_depth': None, 'clf__min_samples_leaf': 5, 'clf__min_samples_split': 20}, {'clf__max_depth': 3, 'clf__min_samples_leaf': 1, 'clf__min_samples_split': 2}, {'clf__max_depth': None, 'clf__min_samples_leaf': 2, 'clf__min_samples_split': 10}, {'clf__max_depth': None, 'clf__min_samples_leaf': 5, 'clf__min_samples_split': 2}, {'clf__max_depth': None, 'clf__min_samples_leaf': 1, 'clf__min_samples_split': 5}]","[0.7058521560574949, 0.8960612691466083, 1.0, 0.7251798561151079, 1.0]",0.896061269,70.4,0.8,1,1.095445115,46.2,0.748331477,1,1.095445115,0.988190074,0.007899798,0.983164791,0.010607018,0.982530675,0.011420433,0.986071987,0.015214717,0.986071987,0.015214717,0.978989362,0.022822806,0.986012624,0.008847884,0.965349317,0.021766276,0.865418656,0.128290011
enterococcus_vancomycin_resfinder+phenotypeseeker_train,RBF SVM,1032,"[{'clf__C': 100, 'clf__gamma': 'auto'}, {'clf__C': 100, 'clf__gamma': 'auto'}, {'clf__C': 100, 'clf__gamma': 'scale'}, {'clf__C': 100, 'clf__gamma': 'auto'}, {'clf__C': 100, 'clf__gamma': 'auto'}]","[0.6287322048708431, 0.7191788334641602, 0.6523390833760969, 0.51082623190909, 0.7127258101000327]",0.652339083,70,0.894427191,1,0.894427191,46.2,0.748331477,1.4,1.019803903,0.999048547,0.001083486,0.979774961,0.011382275,0.979669447,0.011830617,0.980438185,0.014195464,0.980438185,0.014195464,0.978900709,0.018834428,0.98315657,0.009468963,0.958149963,0.023781832,0.644760433,0.075379176
enterococcus_vancomycin_resfinder+phenotypeseeker_train,Extra Trees,1032,"[{'clf__max_depth': None, 'clf__min_samples_leaf': 1, 'clf__min_samples_split': 5, 'clf__n_estimators': 200}, {'clf__max_depth': None, 'clf__min_samples_leaf': 1, 'clf__min_samples_split': 5, 'clf__n_estimators': 200}, {'clf__max_depth': None, 'clf__min_samples_leaf': 1, 'clf__min_samples_split': 5, 'clf__n_estimators': 500}, {'clf__max_depth': None, 'clf__min_samples_leaf': 1, 'clf__min_samples_split': 10, 'clf__n_estimators': 200}, {'clf__max_depth': None, 'clf__min_samples_leaf': 1, 'clf__min_samples_split': 2, 'clf__n_estimators': 200}]","[0.6779499810659627, 0.5105862288912172, 0.5122909938040905, 0.4771271207919673, 0.66]",0.512290994,69.4,1.019803903,0.8,0.748331477,46.4,0.8,2,1.095445115,0.997921037,0.002375346,0.976399373,0.014449689,0.97754699,0.014479454,0.972026604,0.015179767,0.972026604,0.015179767,0.983067376,0.015899224,0.980221331,0.012111416,0.951264025,0.029888654,0.567590865,0.083916478
enterococcus_vancomycin_resfinder+phenotypeseeker_train,Balanced Random Forest,1032,"[{'clf__max_depth': 5, 'clf__min_samples_leaf': 1, 'clf__min_samples_split': 2, 'clf__n_estimators': 500}, {'clf__max_depth': None, 'clf__min_samples_leaf': 1, 'clf__min_samples_split': 2, 'clf__n_estimators': 500}, {'clf__max_depth': None, 'clf__min_samples_leaf': 1, 'clf__min_samples_split': 2, 'clf__n_estimators': 200}, {'clf__max_depth': None, 'clf__min_samples_leaf': 1, 'clf__min_samples_split': 5, 'clf__n_estimators': 200}, {'clf__max_depth': None, 'clf__min_samples_leaf': 1, 'clf__min_samples_split': 2, 'clf__n_estimators': 200}]","[0.5924748229593506, 0.4, 0.51, 0.6041666666666667, 0.45]",0.51,68,2,0.4,0.489897949,46.8,0.4,3.4,1.854723699,0.997868595,0.001616832,0.96793904,0.018070661,0.971962716,0.016213064,0.952347418,0.02600724,0.952347418,0.02600724,0.991578014,0.010315736,0.972616747,0.015650651,0.935633799,0.035682756,0.511328298,0.079196762
enterococcus_vancomycin_resfinder+phenotypeseeker_train,Random Forest,1032,"[{'clf__max_depth': None, 'clf__min_samples_leaf': 5, 'clf__min_samples_split': 2, 'clf__n_estimators': 200}, {'clf__max_depth': None, 'clf__min_samples_leaf': 1, 'clf__min_samples_split': 2, 'clf__n_estimators': 500}, {'clf__max_depth': None, 'clf__min_samples_leaf': 1, 'clf__min_samples_split': 2, 'clf__n_estimators': 200}, {'clf__max_depth': 10, 'clf__min_samples_leaf': 1, 'clf__min_samples_split': 10, 'clf__n_estimators': 200}, {'clf__max_depth': None, 'clf__min_samples_leaf': 1, 'clf__min_samples_split': 2, 'clf__n_estimators': 200}]","[0.5953005244394266, 0.534, 0.525, 0.5867785498939707, 0.505]",0.534,67.8,2.039607805,0.4,0.489897949,46.8,0.4,3.6,1.854723699,0.997276329,0.002192756,0.966244125,0.018593289,0.970554265,0.016820844,0.949530516,0.02615847,0.949530516,0.02615847,0.991578014,0.010315736,0.971132678,0.01630156,0.93230455,0.036285092,0.549215815,0.035518233
enterococcus_vancomycin_resfinder+phenotypeseeker_train,KNN,1032,"[{'clf__n_neighbors': 7, 'clf__p': 1, 'clf__weights': 'distance'}, {'clf__n_neighbors': 1, 'clf__p': 1, 'clf__weights': 'uniform'}, {'clf__n_neighbors': 9, 'clf__p': 1, 'clf__weights': 'distance'}, {'clf__n_neighbors': 15, 'clf__p': 1, 'clf__weights': 'distance'}, {'clf__n_neighbors': 1, 'clf__p': 1, 'clf__weights': 'uniform'}]","[0.5315384544032727, 1.0, 0.6735718648089685, 0.5387594085960576, 1.0]",0.673571865,66.4,3.072458299,2,1.414213562,45.2,1.166190379,5,2.966479395,0.96661027,0.012346543,0.94093434,0.017021744,0.943865498,0.012416312,0.929929577,0.041521288,0.929929577,0.041521288,0.957801418,0.029592406,0.949497648,0.015567615,0.881908423,0.031989391,0.748773946,0.211273178
enterococcus_vancomycin_resfinder+phenotypeseeker_train,BernoulliNB,1032,"[{'clf__alpha': 0.01, 'clf__binarize': None}, {'clf__alpha': 0.01, 'clf__binarize': None}, {'clf__alpha': 0.01, 'clf__binarize': None}, {'clf__alpha': 0.01, 'clf__binarize': None}, {'clf__alpha': 0.01, 'clf__binarize': None}]","[7.082502176135742e-308, 2.0176675433751875e-307, 5.90870943489794e-310, 5.751080286123589e-298, 3.394671444009e-311]",7.08E-308,62,3.346640106,8.2,3.12409987,39,3.033150178,9.4,3.826225294,0.881639363,0.047090421,0.851730523,0.044039324,0.847559768,0.04525605,0.868701095,0.052574125,0.868701095,0.052574125,0.82641844,0.065981274,0.875560178,0.037237375,0.694424369,0.091577351,1.15E-298,0
enterococcus_vancomycin_resfinder+pointfinder_train,HistGB,61,"[{'clf__l2_regularization': 1.0, 'clf__learning_rate': 0.1, 'clf__max_depth': 3, 'clf__max_leaf_nodes': 31, 'clf__min_samples_leaf': 10}, {'clf__l2_regularization': 0.0, 'clf__learning_rate': 0.05, 'clf__max_depth': 3, 'clf__max_leaf_nodes': 31, 'clf__min_samples_leaf': 10}, {'clf__l2_regularization': 0.0, 'clf__learning_rate': 0.05, 'clf__max_depth': 3, 'clf__max_leaf_nodes': 31, 'clf__min_samples_leaf': 10}, {'clf__l2_regularization': 1.0, 'clf__learning_rate': 0.1, 'clf__max_depth': 3, 'clf__max_leaf_nodes': 31, 'clf__min_samples_leaf': 10}, {'clf__l2_regularization': 0.0, 'clf__learning_rate': 0.05, 'clf__max_depth': 6, 'clf__max_leaf_nodes': 31, 'clf__min_samples_leaf': 10}]","[0.6534728473139666, 0.5146746821702243, 0.7556796029102778, 0.43529286427975433, 0.8579399502740956]",0.653472847,71,0.632455532,0.8,0.748331477,46.4,0.8,0.4,0.489897949,0.994627576,0.004559622,0.98988748,0.008227836,0.988736348,0.009309689,0.994405321,0.006852334,0.994405321,0.006852334,0.983067376,0.015899224,0.991646426,0.006741728,0.978956415,0.017258733,0.643411989,0.154022303
enterococcus_vancomycin_resfinder+pointfinder_train,Gradient Boosting,61,"[{'clf__learning_rate': 0.1, 'clf__max_depth': 1, 'clf__n_estimators': 500}, {'clf__learning_rate': 0.05, 'clf__max_depth': 1, 'clf__n_estimators': 500}, {'clf__learning_rate': 0.05, 'clf__max_depth': 1, 'clf__n_estimators': 500}, {'clf__learning_rate': 0.1, 'clf__max_depth': 1, 'clf__n_estimators': 200}, {'clf__learning_rate': 0.05, 'clf__max_depth': 1, 'clf__n_estimators': 500}]","[0.6458617512236193, 0.6618992714414982, 0.6770490525556094, 0.5169744105301965, 0.7191377524188559]",0.661899271,70.8,0.979795897,0.8,0.748331477,46.4,0.8,0.6,0.8,0.993984534,0.007207842,0.988192565,0.008581136,0.987327898,0.009094722,0.991588419,0.011248299,0.991588419,0.011248299,0.983067376,0.015899224,0.990207723,0.007078197,0.975546682,0.017887509,0.644184448,0.068113291
enterococcus_vancomycin_resfinder+pointfinder_train,Linear SVM,61,"[{'clf__C': 0.1}, {'clf__C': 0.1}, {'clf__C': 0.1}, {'clf__C': 1}, {'clf__C': 0.1}]","[-0.05904901721415445, 0.032383445989271176, 0.04066162016301844, -0.22527013830280174, 0.13649264608472142]",0.032383446,71,1.095445115,1,0.894427191,46.2,0.979795897,0.4,0.8,0.994048214,0.007263641,0.988178322,0.006765643,0.986589127,0.00791214,0.994366197,0.011267606,0.994366197,0.011267606,0.978812057,0.019031192,0.990226752,0.005584901,0.975658613,0.013915118,-0.014956289,0.122022347
enterococcus_vancomycin_resfinder+pointfinder_train,RBF SVM,61,"[{'clf__C': 10, 'clf__gamma': 'scale'}, {'clf__C': 100, 'clf__gamma': 'auto'}, {'clf__C': 10, 'clf__gamma': 'scale'}, {'clf__C': 10, 'clf__gamma': 'auto'}, {'clf__C': 10, 'clf__gamma': 'scale'}]","[0.4038759786946479, 0.6811216470092446, 0.8049087333498041, 0.4205075224971421, 0.8141395955964599]",0.681121647,70.6,1.019803903,0.8,0.748331477,46.4,0.8,0.8,1.166190379,0.99181234,0.006991218,0.986526136,0.014641997,0.985958571,0.014551365,0.988849765,0.016203986,0.988849765,0.016203986,0.983067376,0.015899224,0.98879135,0.01218596,0.972025644,0.030498319,0.624910695,0.180001969
enterococcus_vancomycin_resfinder+pointfinder_train,LogReg (L1),61,"[{'clf__C': 10}, {'clf__C': 10}, {'clf__C': 10}, {'clf__C': 10}, {'clf__C': 1}]","[0.3198460110313099, 0.31230353053030346, 0.7521500599723834, 0.21704841536196215, 0.6157447708061481]",0.319846011,70.8,0.979795897,1,0.894427191,46.2,0.979795897,0.6,0.8,0.990870875,0.007618066,0.98649765,0.008592381,0.985200238,0.009600377,0.991588419,0.011248299,0.991588419,0.011248299,0.978812057,0.019031192,0.988828547,0.00707022,0.972063623,0.017907454,0.443418558,0.20431164
enterococcus_vancomycin_resfinder+pointfinder_train,AdaBoost,61,"[{'clf__learning_rate': 0.5, 'clf__n_estimators': 500}, {'clf__learning_rate': 0.5, 'clf__n_estimators': 200}, {'clf__learning_rate': 0.5, 'clf__n_estimators': 200}, {'clf__learning_rate': 0.1, 'clf__n_estimators': 500}, {'clf__learning_rate': 0.5, 'clf__n_estimators': 100}]","[0.4975991138440966, 0.5088433891310091, 0.5063516418113898, 0.4863998851828059, 0.5165096923157606]",0.506351642,70.6,0.8,1,1.095445115,46.2,1.166190379,0.8,0.748331477,0.992660573,0.007290663,0.984831221,0.009795198,0.983811349,0.011558244,0.988810642,0.010519383,0.988810642,0.010519383,0.978812057,0.023308017,0.987467601,0.00795101,0.96857833,0.020519212,0.503140744,0.010320124
enterococcus_vancomycin_resfinder+pointfinder_train,LogReg (L2),61,"[{'clf__C': 10}, {'clf__C': 10}, {'clf__C': 100}, {'clf__C': 10}, {'clf__C': 1}]","[0.4297721630527921, 0.4403828156930216, 0.7303312703074942, 0.2718617893952586, 0.5392412201163854]",0.440382816,70.8,0.748331477,1.2,1.166190379,46,1.264911064,0.6,0.8,0.991454816,0.007188357,0.984831221,0.01445449,0.98309214,0.01599626,0.991627543,0.011130931,0.991627543,0.011130931,0.974556738,0.024828393,0.987508629,0.011840537,0.968413084,0.03034638,0.482317852,0.15070652
enterococcus_vancomycin_resfinder+pointfinder_train,Random Forest,61,"[{'clf__max_depth': None, 'clf__min_samples_leaf': 1, 'clf__min_samples_split': 5, 'clf__n_estimators': 200}, {'clf__max_depth': None, 'clf__min_samples_leaf': 1, 'clf__min_samples_split': 10, 'clf__n_estimators': 500}, {'clf__max_depth': 10, 'clf__min_samples_leaf': 1, 'clf__min_samples_split': 2, 'clf__n_estimators': 200}, {'clf__max_depth': None, 'clf__min_samples_leaf': 1, 'clf__min_samples_split': 2, 'clf__n_estimators': 500}, {'clf__max_depth': None, 'clf__min_samples_leaf': 1, 'clf__min_samples_split': 5, 'clf__n_estimators': 200}]","[0.4931466694385314, 0.4376733995528766, 0.5510724708171206, 0.502, 0.4381920941061243]",0.493146669,70,1.095445115,1,0.894427191,46.2,0.979795897,1.4,1.356465997,0.996373989,0.002096244,0.979774961,0.016470274,0.979644683,0.01638853,0.980477308,0.018816962,0.980477308,0.018816962,0.978812057,0.019031192,0.983137849,0.013797987,0.958107994,0.034071337,0.484416927,0.042778562
enterococcus_vancomycin_resfinder+pointfinder_train,Decision Tree,61,"[{'clf__max_depth': None, 'clf__min_samples_leaf': 1, 'clf__min_samples_split': 10}, {'clf__max_depth': None, 'clf__min_samples_leaf': 1, 'clf__min_samples_split': 2}, {'clf__max_depth': None, 'clf__min_samples_leaf': 1, 'clf__min_samples_split': 2}, {'clf__max_depth': None, 'clf__min_samples_leaf': 2, 'clf__min_samples_split': 10}, {'clf__max_depth': None, 'clf__min_samples_leaf': 1, 'clf__min_samples_split': 10}]","[0.7659313725490197, 1.0, 1.0, 0.5688487584650113, 0.7262247838616716]",0.765931373,70,0.894427191,1,0.632455532,46.2,0.748331477,1.4,1.019803903,0.983623431,0.008422859,0.979803447,0.010050806,0.979625121,0.00973947,0.980438185,0.014195464,0.980438185,0.014195464,0.978812057,0.013457669,0.983155906,0.008424163,0.958168855,0.020774293,0.812200983,0.166907178
enterococcus_vancomycin_resfinder+pointfinder_train,Extra Trees,61,"[{'clf__max_depth': None, 'clf__min_samples_leaf': 1, 'clf__min_samples_split': 10, 'clf__n_estimators': 200}, {'clf__max_depth': None, 'clf__min_samples_leaf': 2, 'clf__min_samples_split': 10, 'clf__n_estimators': 500}, {'clf__max_depth': None, 'clf__min_samples_leaf': 1, 'clf__min_samples_split': 2, 'clf__n_estimators': 500}, {'clf__max_depth': None, 'clf__min_samples_leaf': 1, 'clf__min_samples_split': 2, 'clf__n_estimators': 200}, {'clf__max_depth': None, 'clf__min_samples_leaf': 1, 'clf__min_samples_split': 2, 'clf__n_estimators': 200}]","[0.5425636268842216, 0.4229069656818818, 0.544, 0.48, 0.5115457413249215]",0.511545741,70,1.414213562,1.4,1.019803903,45.8,1.166190379,1.4,1.496662955,0.992667233,0.010741898,0.976399373,0.018708995,0.975369802,0.018718934,0.980438185,0.020808476,0.980438185,0.020808476,0.970301418,0.021733423,0.980378931,0.015568809,0.951009776,0.039040374,0.500203267,0.045219677
enterococcus_vancomycin_resfinder+pointfinder_train,Balanced Random Forest,61,"[{'clf__max_depth': None, 'clf__min_samples_leaf': 1, 'clf__min_samples_split': 2, 'clf__n_estimators': 500}, {'clf__max_depth': None, 'clf__min_samples_leaf': 1, 'clf__min_samples_split': 5, 'clf__n_estimators': 200}, {'clf__max_depth': None, 'clf__min_samples_leaf': 1, 'clf__min_samples_split': 2, 'clf__n_estimators': 200}, {'clf__max_depth': 5, 'clf__min_samples_leaf': 1, 'clf__min_samples_split': 2, 'clf__n_estimators': 200}, {'clf__max_depth': None, 'clf__min_samples_leaf': 1, 'clf__min_samples_split': 10, 'clf__n_estimators': 500}]","[0.524, 0.5037499999999999, 0.56, 0.4979244352184016, 0.4759246031746033]",0.50375,68.6,2.059126028,0.8,0.748331477,46.4,0.8,2.8,2.13541565,0.991703709,0.009256129,0.969633955,0.021113015,0.971952311,0.019300983,0.960837246,0.029979119,0.960837246,0.029979119,0.983067376,0.015899224,0.974257957,0.018081366,0.938373375,0.042523089,0.512319808,0.028337632
enterococcus_vancomycin_resfinder+pointfinder_train,SGD Logistic,61,"[{'clf__alpha': 0.001}, {'clf__alpha': 1e-05}, {'clf__alpha': 0.001}, {'clf__alpha': 1e-05}, {'clf__alpha': 0.001}]","[0.4913679032846077, 0.6516666061933426, 0.4547103676075602, 0.00029540705134915596, 0.591085142399672]",0.491367903,68.2,2.712931993,0.8,0.748331477,46.4,0.489897949,3.2,2.925747768,0.996152149,0.0051536,0.966286854,0.021963016,0.969238421,0.017563785,0.955320814,0.040727981,0.955320814,0.040727981,0.983156028,0.015639062,0.97114762,0.019347287,0.932944292,0.041828787,0.437825085,0.229695889
enterococcus_vancomycin_resfinder+pointfinder_train,KNN,61,"[{'clf__n_neighbors': 5, 'clf__p': 1, 'clf__weights': 'distance'}, {'clf__n_neighbors': 11, 'clf__p': 1, 'clf__weights': 'distance'}, {'clf__n_neighbors': 15, 'clf__p': 1, 'clf__weights': 'distance'}, {'clf__n_neighbors': 15, 'clf__p': 1, 'clf__weights': 'distance'}, {'clf__n_neighbors': 15, 'clf__p': 1, 'clf__weights': 'distance'}]","[0.5210526315789473, 0.6451612903225806, 0.48437499999999994, 0.48275862068965514, 0.5413533834586466]",0.521052632,67.8,2.315167381,3.2,2.481934729,44,2.449489743,3.6,2.653299832,0.976828822,0.014028416,0.942771685,0.027730679,0.941017381,0.029418585,0.949765258,0.036829117,0.949765258,0.036829117,0.932269504,0.052697469,0.952291127,0.023078681,0.882785313,0.057533796,0.534940185,0.059434735
enterococcus_vancomycin_resfinder+pointfinder_train,BernoulliNB,61,"[{'clf__alpha': 1.0, 'clf__binarize': None}, {'clf__alpha': 0.01, 'clf__binarize': None}, {'clf__alpha': 0.01, 'clf__binarize': None}, {'clf__alpha': 1.0, 'clf__binarize': None}, {'clf__alpha': 1.0, 'clf__binarize': None}]","[0.8484721811037146, 0.8083111307015622, 0.6971912009785111, 0.9567855639548939, 0.8073168740192729]",0.808311131,64.2,2.638181192,1,0.632455532,46.2,0.748331477,7.2,2.481934729,0.963968385,0.020056451,0.930836063,0.022421617,0.938956107,0.019530386,0.899100156,0.035097713,0.899100156,0.035097713,0.978812057,0.013457669,0.939611649,0.020893839,0.86461518,0.040486576,0.82361539,0.083468668
enterococcus_vancomycin_resfinder+pointfinder+cdhit_train,Gradient Boosting,93,"[{'clf__learning_rate': 0.05, 'clf__max_depth': 1, 'clf__n_estimators': 500}, {'clf__learning_rate': 0.05, 'clf__max_depth': 1, 'clf__n_estimators': 500}, {'clf__learning_rate': 0.05, 'clf__max_depth': 1, 'clf__n_estimators': 500}, {'clf__learning_rate': 0.1, 'clf__max_depth': 1, 'clf__n_estimators': 200}, {'clf__learning_rate': 0.05, 'clf__max_depth': 1, 'clf__n_estimators': 500}]","[0.5308640498032636, 0.6618018037493875, 0.6769391802146317, 0.5260977035655384, 0.7246168181510443]",0.661801804,70.8,0.979795897,0.8,0.748331477,46.4,0.8,0.6,0.8,0.994012836,0.007261113,0.988192565,0.008581136,0.987327898,0.009094722,0.991588419,0.011248299,0.991588419,0.011248299,0.983067376,0.015899224,0.990207723,0.007078197,0.975546682,0.017887509,0.624063911,0.080764375
enterococcus_vancomycin_resfinder+pointfinder+cdhit_train,Linear SVM,93,"[{'clf__C': 0.1}, {'clf__C': 0.1}, {'clf__C': 0.1}, {'clf__C': 0.1}, {'clf__C': 0.1}]","[0.04309766877290991, 0.05046779625850201, 0.11866092505478629, -0.13923491484670897, 0.03760811640191031]",0.043097669,70.8,0.748331477,0.8,0.748331477,46.4,0.8,0.6,0.489897949,0.994460677,0.006745756,0.988206808,0.008558671,0.987327898,0.009603091,0.991588419,0.006868398,0.991588419,0.006868398,0.983067376,0.015899224,0.990228126,0.00704541,0.975446296,0.017925926,0.022119918,0.085836007
enterococcus_vancomycin_resfinder+pointfinder+cdhit_train,Balanced Random Forest,93,"[{'clf__max_depth': None, 'clf__min_samples_leaf': 1, 'clf__min_samples_split': 10, 'clf__n_estimators': 200}, {'clf__max_depth': 10, 'clf__min_samples_leaf': 2, 'clf__min_samples_split': 2, 'clf__n_estimators': 500}, {'clf__max_depth': None, 'clf__min_samples_leaf': 1, 'clf__min_samples_split': 2, 'clf__n_estimators': 500}, {'clf__max_depth': None, 'clf__min_samples_leaf': 1, 'clf__min_samples_split': 5, 'clf__n_estimators': 500}, {'clf__max_depth': None, 'clf__min_samples_leaf': 1, 'clf__min_samples_split': 10, 'clf__n_estimators': 200}]","[0.4539702380952383, 0.3488959609848554, 0.582, 0.4146666666666667, 0.4343690476190475]",0.434369048,70.6,1.019803903,0.8,0.748331477,46.4,0.8,0.8,1.166190379,0.996973329,0.002104795,0.986526136,0.014641997,0.985958571,0.014551365,0.988849765,0.016203986,0.988849765,0.016203986,0.983067376,0.015899224,0.98879135,0.01218596,0.972025644,0.030498319,0.446780383,0.076292504
enterococcus_vancomycin_resfinder+pointfinder+cdhit_train,AdaBoost,93,"[{'clf__learning_rate': 1.0, 'clf__n_estimators': 500}, {'clf__learning_rate': 0.5, 'clf__n_estimators': 200}, {'clf__learning_rate': 0.5, 'clf__n_estimators': 200}, {'clf__learning_rate': 0.1, 'clf__n_estimators': 500}, {'clf__learning_rate': 0.5, 'clf__n_estimators': 100}]","[0.4993987270548446, 0.5088461817804941, 0.5092635139851891, 0.4863998851828059, 0.5129046414520076]",0.508846182,70.6,1.019803903,0.8,0.748331477,46.4,0.8,0.8,0.748331477,0.994423634,0.007297332,0.986511893,0.008572763,0.985919447,0.009181262,0.988771518,0.010529709,0.988771518,0.010529709,0.983067376,0.015899224,0.988789423,0.007085673,0.972036563,0.017874585,0.50336259,0.00958527
enterococcus_vancomycin_resfinder+pointfinder+cdhit_train,LogReg (L2),93,"[{'clf__C': 10}, {'clf__C': 1}, {'clf__C': 1}, {'clf__C': 10}, {'clf__C': 10}]","[0.5922926454004644, 0.5207198832077732, 0.528442549832394, 0.23127382157121726, 0.5078415760640175]",0.520719883,70.8,1.166190379,1,0.894427191,46.2,0.979795897,0.6,0.8,0.995050861,0.006560229,0.986511893,0.008572763,0.985180676,0.0095627,0.991549296,0.011267606,0.991549296,0.011267606,0.978812057,0.019031192,0.988808737,0.007173907,0.972130375,0.017715821,0.476114095,0.12584021
enterococcus_vancomycin_resfinder+pointfinder+cdhit_train,Random Forest,93,"[{'clf__max_depth': None, 'clf__min_samples_leaf': 1, 'clf__min_samples_split': 5, 'clf__n_estimators': 200}, {'clf__max_depth': None, 'clf__min_samples_leaf': 2, 'clf__min_samples_split': 2, 'clf__n_estimators': 500}, {'clf__max_depth': None, 'clf__min_samples_leaf': 1, 'clf__min_samples_split': 2, 'clf__n_estimators': 200}, {'clf__max_depth': None, 'clf__min_samples_leaf': 1, 'clf__min_samples_split': 5, 'clf__n_estimators': 500}, {'clf__max_depth': None, 'clf__min_samples_leaf': 1, 'clf__min_samples_split': 5, 'clf__n_estimators': 200}]","[0.45960461620400117, 0.38451729033733395, 0.635, 0.38829654882160697, 0.48979584886933547]",0.459604616,70.4,1.356465997,0.8,0.748331477,46.4,0.8,1,1.549193338,0.997151051,0.002793249,0.984845464,0.017934028,0.984569682,0.017246052,0.986071987,0.021516716,0.986071987,0.021516716,0.983067376,0.015899224,0.987333653,0.015041821,0.968680305,0.037051935,0.471442861,0.09132062
enterococcus_vancomycin_resfinder+pointfinder+cdhit_train,SGD Logistic,93,"[{'clf__alpha': 0.001}, {'clf__alpha': 0.01}, {'clf__alpha': 0.0001}, {'clf__alpha': 0.001}, {'clf__alpha': 0.0001}]","[0.535552627756752, 0.5269381652531437, 0.7490705087079503, 0.39511243994070677, 0.7183306681508786]",0.535552628,70.4,0.8,0.8,0.748331477,46.4,0.8,1,0.894427191,0.9939246,0.00684573,0.984831221,0.00628114,0.98455012,0.006570967,0.986032864,0.012510756,0.986032864,0.012510756,0.983067376,0.015899224,0.987390822,0.005164576,0.96868287,0.013142476,0.585000882,0.131582448
enterococcus_vancomycin_resfinder+pointfinder+cdhit_train,HistGB,93,"[{'clf__l2_regularization': 0.0, 'clf__learning_rate': 0.05, 'clf__max_depth': 3, 'clf__max_leaf_nodes': 31, 'clf__min_samples_leaf': 10}, {'clf__l2_regularization': 1.0, 'clf__learning_rate': 0.1, 'clf__max_depth': 3, 'clf__max_leaf_nodes': 31, 'clf__min_samples_leaf': 10}, {'clf__l2_regularization': 0.0, 'clf__learning_rate': 0.05, 'clf__max_depth': 3, 'clf__max_leaf_nodes': 31, 'clf__min_samples_leaf': 10}, {'clf__l2_regularization': 1.0, 'clf__learning_rate': 0.05, 'clf__max_depth': 6, 'clf__max_leaf_nodes': 31, 'clf__min_samples_leaf': 10}, {'clf__l2_regularization': 1.0, 'clf__learning_rate': 0.1, 'clf__max_depth': 3, 'clf__max_leaf_nodes': 31, 'clf__min_samples_leaf': 10}]","[0.8339793385159343, 0.580139907840042, 0.721339685978648, 0.48802643253388645, 0.9031893996559568]",0.721339686,70.2,1.469693846,0.8,0.748331477,46.4,0.8,1.2,1.166190379,0.995402765,0.003910944,0.983136305,0.010652325,0.983102546,0.010282297,0.983137715,0.016432111,0.983137715,0.016432111,0.983067376,0.015899224,0.985891602,0.008946926,0.965277737,0.021894282,0.705334953,0.154174384
enterococcus_vancomycin_resfinder+pointfinder+cdhit_train,LogReg (L1),93,"[{'clf__C': 1}, {'clf__C': 10}, {'clf__C': 100}, {'clf__C': 10}, {'clf__C': 1}]","[0.45784229214466143, 0.2624575303290493, 0.25257624493523784, 0.21697555042567457, 0.6157462890148908]",0.26245753,70.8,0.979795897,1.2,1.166190379,46,1.264911064,0.6,0.8,0.992222722,0.007006752,0.984816978,0.011157122,0.983072578,0.012937805,0.991588419,0.011248299,0.991588419,0.011248299,0.974556738,0.024828393,0.987487026,0.009095299,0.968568721,0.0233088,0.361119581,0.1526325
enterococcus_vancomycin_resfinder+pointfinder+cdhit_train,RBF SVM,93,"[{'clf__C': 10, 'clf__gamma': 'auto'}, {'clf__C': 10, 'clf__gamma': 'scale'}, {'clf__C': 10, 'clf__gamma': 0.1}, {'clf__C': 10, 'clf__gamma': 'auto'}, {'clf__C': 1, 'clf__gamma': 0.1}]","[0.7384698051177693, 0.6562516624369746, 0.8705588548522329, 0.45929222792755575, 0.7136952810513325]",0.713695281,69.8,1.720465053,0.8,0.748331477,46.4,0.8,1.6,1.854723699,0.992390454,0.007189361,0.979789204,0.02029475,0.980363891,0.019101541,0.977660407,0.025764745,0.977660407,0.025764745,0.983067376,0.015899224,0.982998276,0.017150678,0.958489301,0.041550548,0.687653566,0.134052069
enterococcus_vancomycin_resfinder+pointfinder+cdhit_train,Decision Tree,93,"[{'clf__max_depth': None, 'clf__min_samples_leaf': 2, 'clf__min_samples_split': 10}, {'clf__max_depth': None, 'clf__min_samples_leaf': 1, 'clf__min_samples_split': 2}, {'clf__max_depth': None, 'clf__min_samples_leaf': 1, 'clf__min_samples_split': 2}, {'clf__max_depth': None, 'clf__min_samples_leaf': 2, 'clf__min_samples_split': 10}, {'clf__max_depth': None, 'clf__min_samples_leaf': 2, 'clf__min_samples_split': 10}]","[0.7659313725490197, 1.0, 1.0, 0.5688487584650112, 0.7262247838616716]",0.765931373,70,1.095445115,1,0.632455532,46.2,0.748331477,1.4,1.019803903,0.985012944,0.010200009,0.979803447,0.011369489,0.979605559,0.011170072,0.980399061,0.014333566,0.980399061,0.014333566,0.978812057,0.013457669,0.98313534,0.00957027,0.958128375,0.023519121,0.812200983,0.166907178
enterococcus_vancomycin_resfinder+pointfinder+cdhit_train,Extra Trees,93,"[{'clf__max_depth': None, 'clf__min_samples_leaf': 1, 'clf__min_samples_split': 10, 'clf__n_estimators': 200}, {'clf__max_depth': None, 'clf__min_samples_leaf': 1, 'clf__min_samples_split': 2, 'clf__n_estimators': 200}, {'clf__max_depth': None, 'clf__min_samples_leaf': 1, 'clf__min_samples_split': 2, 'clf__n_estimators': 200}, {'clf__max_depth': 10, 'clf__min_samples_leaf': 1, 'clf__min_samples_split': 2, 'clf__n_estimators': 200}, {'clf__max_depth': None, 'clf__min_samples_leaf': 1, 'clf__min_samples_split': 2, 'clf__n_estimators': 500}]","[0.5108912187834307, 0.615759493670886, 0.635, 0.6085858944377459, 0.39747634069400545]",0.608585894,69.6,1.019803903,0.8,0.748331477,46.4,0.8,1.8,1.326649916,0.994639646,0.006817661,0.978094289,0.015583063,0.978975002,0.015220365,0.974882629,0.018414558,0.974882629,0.018414558,0.983067376,0.015899224,0.981660034,0.01306795,0.954793514,0.032239379,0.55354259,0.089119955
enterococcus_vancomycin_resfinder+pointfinder+cdhit_train,KNN,93,"[{'clf__n_neighbors': 5, 'clf__p': 1, 'clf__weights': 'distance'}, {'clf__n_neighbors': 11, 'clf__p': 1, 'clf__weights': 'distance'}, {'clf__n_neighbors': 15, 'clf__p': 1, 'clf__weights': 'distance'}, {'clf__n_neighbors': 15, 'clf__p': 1, 'clf__weights': 'distance'}, {'clf__n_neighbors': 11, 'clf__p': 1, 'clf__weights': 'distance'}]","[0.6000000000000001, 0.5444915254237288, 0.5347957639939486, 0.603917301414581, 0.46511627906976744]",0.544491525,68.4,0.489897949,1.6,0.8,45.6,1.019803903,3,0.632455532,0.98836842,0.009232686,0.961230594,0.011370381,0.962033222,0.012251913,0.958020344,0.008663566,0.958020344,0.008663566,0.966046099,0.017088556,0.967514184,0.009376134,0.919760836,0.023892619,0.549664174,0.050741048
enterococcus_vancomycin_resfinder+pointfinder+cdhit_train,BernoulliNB,93,"[{'clf__alpha': 0.1, 'clf__binarize': None}, {'clf__alpha': 1.0, 'clf__binarize': None}, {'clf__alpha': 1.0, 'clf__binarize': None}, {'clf__alpha': 0.1, 'clf__binarize': None}, {'clf__alpha': 0.1, 'clf__binarize': None}]","[0.9991509453688108, 0.5141956938055279, 0.32330908765669125, 0.8632587313291581, 0.7074079256343121]",0.707407926,64.6,1.356465997,1.6,0.489897949,45.6,0.8,6.8,1.166190379,0.972071971,0.015353455,0.929183877,0.006649903,0.935390029,0.004621699,0.904733959,0.016550729,0.904733959,0.016550729,0.966046099,0.01053287,0.938883179,0.006423337,0.85872404,0.01132175,0.681464477,0.241205736
enterococcus_vancomycin_resfinder+pointfinder+cdhit+phenotypeseeker_train,HistGB,1093,"[{'clf__l2_regularization': 0.0, 'clf__learning_rate': 0.05, 'clf__max_depth': 3, 'clf__max_leaf_nodes': 31, 'clf__min_samples_leaf': 10}, {'clf__l2_regularization': 0.0, 'clf__learning_rate': 0.1, 'clf__max_depth': 6, 'clf__max_leaf_nodes': 31, 'clf__min_samples_leaf': 10}, {'clf__l2_regularization': 1.0, 'clf__learning_rate': 0.1, 'clf__max_depth': 6, 'clf__max_leaf_nodes': 31, 'clf__min_samples_leaf': 10}, {'clf__l2_regularization': 1.0, 'clf__learning_rate': 0.05, 'clf__max_depth': 3, 'clf__max_leaf_nodes': 31, 'clf__min_samples_leaf': 10}, {'clf__l2_regularization': 0.0, 'clf__learning_rate': 0.1, 'clf__max_depth': 6, 'clf__max_leaf_nodes': 31, 'clf__min_samples_leaf': 10}]","[0.909069840262725, 0.5728107013667277, 0.7953831577127677, 0.5284117975897513, 0.7878489480003034]",0.787848948,71,0.632455532,0.4,0.489897949,46.8,0.748331477,0.4,0.8,0.998571571,0.001749532,0.993263068,0.009802403,0.992966903,0.009668857,0.994444444,0.011111111,0.994444444,0.011111111,0.991489362,0.010423361,0.994405594,0.008155177,0.986000325,0.020377013,0.718704889,0.144496261
enterococcus_vancomycin_resfinder+pointfinder+cdhit+phenotypeseeker_train,AdaBoost,1093,"[{'clf__learning_rate': 0.1, 'clf__n_estimators': 500}, {'clf__learning_rate': 0.5, 'clf__n_estimators': 50}, {'clf__learning_rate': 1.0, 'clf__n_estimators': 50}, {'clf__learning_rate': 0.5, 'clf__n_estimators': 500}, {'clf__learning_rate': 0.5, 'clf__n_estimators': 500}]","[0.5110904545583453, 0.508136573981184, 0.5541421819513591, 0.5441556535547423, 0.5181322501300695]",0.51813225,70.6,0.489897949,0.2,0.4,47,0.632455532,0.8,0.4,0.999585456,0.000689097,0.991568153,0.005314867,0.992277661,0.005628361,0.988810642,0.005595363,0.988810642,0.005595363,0.995744681,0.008510638,0.992986741,0.004392561,0.982507568,0.011120604,0.527131423,0.018539189
enterococcus_vancomycin_resfinder+pointfinder+cdhit+phenotypeseeker_train,Linear SVM,1093,"[{'clf__C': 10}, {'clf__C': 1}, {'clf__C': 1}, {'clf__C': 1}, {'clf__C': 10}]","[0.20644149845743154, -0.11516552763788664, 0.1388096341403691, 0.16574875096901862, 0.35763797935681363]",0.165748751,71,0.894427191,0.6,0.489897949,46.6,0.489897949,0.4,0.489897949,0.999880132,0.000239736,0.99155391,0.005359906,0.990844446,0.005740291,0.994366197,0.006899971,0.994366197,0.006899971,0.987322695,0.010352242,0.992986747,0.004454405,0.982462404,0.011182851,0.150694467,0.152959319
enterococcus_vancomycin_resfinder+pointfinder+cdhit+phenotypeseeker_train,Gradient Boosting,1093,"[{'clf__learning_rate': 0.01, 'clf__max_depth': 2, 'clf__n_estimators': 500}, {'clf__learning_rate': 0.05, 'clf__max_depth': 2, 'clf__n_estimators': 500}, {'clf__learning_rate': 0.01, 'clf__max_depth': 2, 'clf__n_estimators': 500}, {'clf__learning_rate': 0.05, 'clf__max_depth': 2, 'clf__n_estimators': 500}, {'clf__learning_rate': 0.2, 'clf__max_depth': 1, 'clf__n_estimators': 500}]","[0.6188486072711655, 0.9572342510330009, 0.8350519375600437, 0.9630049810229243, 0.8698063711176305]",0.869806371,70.6,0.489897949,0.4,0.489897949,46.8,0.4,0.8,0.748331477,0.999440199,0.000700327,0.989901723,0.00823072,0.99021389,0.008112567,0.988849765,0.010404238,0.988849765,0.010404238,0.991578014,0.010315736,0.991588553,0.006847784,0.979078421,0.017125227,0.84878923,0.125146861
enterococcus_vancomycin_resfinder+pointfinder+cdhit+phenotypeseeker_train,Decision Tree,1093,"[{'clf__max_depth': None, 'clf__min_samples_leaf': 2, 'clf__min_samples_split': 20}, {'clf__max_depth': None, 'clf__min_samples_leaf': 1, 'clf__min_samples_split': 2}, {'clf__max_depth': None, 'clf__min_samples_leaf': 2, 'clf__min_samples_split': 2}, {'clf__max_depth': None, 'clf__min_samples_leaf': 5, 'clf__min_samples_split': 2}, {'clf__max_depth': None, 'clf__min_samples_leaf': 1, 'clf__min_samples_split': 2}]","[0.9138712601994561, 1.0, 1.0, 0.7251798561151077, 1.0]",1,70.8,0.748331477,0.6,0.489897949,46.6,0.489897949,0.6,0.8,0.990744556,0.005780899,0.98988748,0.008227836,0.989475119,0.007987377,0.991627543,0.011130931,0.991627543,0.011130931,0.987322695,0.010352242,0.991588553,0.006847784,0.979033933,0.017116223,0.927810223,0.10666532
enterococcus_vancomycin_resfinder+pointfinder+cdhit+phenotypeseeker_train,LogReg (L1),1093,"[{'clf__C': 100}, {'clf__C': 10}, {'clf__C': 1}, {'clf__C': 10}, {'clf__C': 100}]","[0.6327164651553419, 0.8065483225930135, 0.627506329968653, 0.6917667400345974, 0.971034322211112]",0.69176674,70.8,0.748331477,0.6,0.489897949,46.6,0.489897949,0.6,0.489897949,0.999341558,0.001174719,0.989873237,0.003411306,0.989455557,0.003903191,0.991588419,0.006868398,0.991588419,0.006868398,0.987322695,0.010352242,0.991588146,0.002837001,0.978988954,0.007175212,0.745914436,0.129708646
enterococcus_vancomycin_resfinder+pointfinder+cdhit+phenotypeseeker_train,LogReg (L2),1093,"[{'clf__C': 10}, {'clf__C': 100}, {'clf__C': 100}, {'clf__C': 100}, {'clf__C': 100}]","[0.811910196763877, 0.2923990731249014, 0.2256208391732249, 0.36902999433224515, 0.8520174700669619]",0.369029994,70.8,1.166190379,0.8,0.748331477,46.4,0.489897949,0.6,0.8,0.99970033,0.000599341,0.988178322,0.006765643,0.987352662,0.007188889,0.991549296,0.011267606,0.991549296,0.011267606,0.983156028,0.015639062,0.990168868,0.00565089,0.975614455,0.013918742,0.510195515,0.266915619
enterococcus_vancomycin_resfinder+pointfinder+cdhit+phenotypeseeker_train,SGD Logistic,1093,"[{'clf__alpha': 0.001}, {'clf__alpha': 0.01}, {'clf__alpha': 0.0001}, {'clf__alpha': 0.01}, {'clf__alpha': 0.001}]","[0.6606581387181162, 0.2528402883931482, 0.31430187154964845, 0.35738225866754053, 0.7663765056628685]",0.357382259,70,0.632455532,0.4,0.489897949,46.8,0.748331477,1.4,0.489897949,0.998628592,0.001638307,0.984816978,0.006304094,0.985944211,0.006671594,0.980399061,0.006837575,0.980399061,0.006837575,0.991489362,0.010423361,0.98731311,0.005234308,0.968619632,0.013144178,0.470311813,0.204094133
enterococcus_vancomycin_resfinder+pointfinder+cdhit+phenotypeseeker_train,RBF SVM,1093,"[{'clf__C': 100, 'clf__gamma': 'auto'}, {'clf__C': 100, 'clf__gamma': 'scale'}, {'clf__C': 100, 'clf__gamma': 'scale'}, {'clf__C': 100, 'clf__gamma': 'auto'}, {'clf__C': 100, 'clf__gamma': 'auto'}]","[0.7167209680550733, 0.7156769202894109, 0.8159642037514768, 0.5859096019974356, 0.8099972309678651]",0.716720968,70,0.894427191,0.6,0.489897949,46.6,0.489897949,1.4,1.019803903,0.999584624,0.000579595,0.983136305,0.009205686,0.98388044,0.008473134,0.980438185,0.014195464,0.980438185,0.014195464,0.987322695,0.010352242,0.98589495,0.007732923,0.965228617,0.018946533,0.728853785,0.083577938
enterococcus_vancomycin_resfinder+pointfinder+cdhit+phenotypeseeker_train,Extra Trees,1093,"[{'clf__max_depth': None, 'clf__min_samples_leaf': 1, 'clf__min_samples_split': 5, 'clf__n_estimators': 200}, {'clf__max_depth': None, 'clf__min_samples_leaf': 1, 'clf__min_samples_split': 5, 'clf__n_estimators': 500}, {'clf__max_depth': None, 'clf__min_samples_leaf': 1, 'clf__min_samples_split': 2, 'clf__n_estimators': 500}, {'clf__max_depth': None, 'clf__min_samples_leaf': 1, 'clf__min_samples_split': 10, 'clf__n_estimators': 200}, {'clf__max_depth': None, 'clf__min_samples_leaf': 2, 'clf__min_samples_split': 2, 'clf__n_estimators': 200}]","[0.6509559234543439, 0.3596294035875859, 0.516, 0.5030295073326146, 0.5165934449817422]",0.516,70,1.264911064,0.6,0.489897949,46.6,0.489897949,1.4,1.2,0.998869993,0.001268767,0.983122062,0.011914664,0.983860878,0.011010946,0.980399061,0.016745828,0.980399061,0.016745828,0.987322695,0.010352242,0.985855134,0.009987837,0.96523337,0.024585574,0.509241656,0.092309343
enterococcus_vancomycin_resfinder+pointfinder+cdhit+phenotypeseeker_train,Random Forest,1093,"[{'clf__max_depth': None, 'clf__min_samples_leaf': 1, 'clf__min_samples_split': 2, 'clf__n_estimators': 200}, {'clf__max_depth': None, 'clf__min_samples_leaf': 1, 'clf__min_samples_split': 2, 'clf__n_estimators': 500}, {'clf__max_depth': 10, 'clf__min_samples_leaf': 1, 'clf__min_samples_split': 2, 'clf__n_estimators': 500}, {'clf__max_depth': None, 'clf__min_samples_leaf': 1, 'clf__min_samples_split': 5, 'clf__n_estimators': 200}, {'clf__max_depth': 10, 'clf__min_samples_leaf': 1, 'clf__min_samples_split': 2, 'clf__n_estimators': 500}]","[0.64, 0.512, 0.4112097447348275, 0.4962242866076463, 0.5724322744476878]",0.512,70,1.414213562,0.8,0.748331477,46.4,0.8,1.4,1.2,0.998576566,0.001209635,0.981427147,0.013506256,0.981713657,0.01327071,0.980359937,0.016862966,0.980359937,0.016862966,0.983067376,0.015899224,0.984474414,0.011275604,0.961628954,0.028027807,0.526373261,0.076695052
enterococcus_vancomycin_resfinder+pointfinder+cdhit+phenotypeseeker_train,Balanced Random Forest,1093,"[{'clf__max_depth': 5, 'clf__min_samples_leaf': 1, 'clf__min_samples_split': 5, 'clf__n_estimators': 200}, {'clf__max_depth': None, 'clf__min_samples_leaf': 1, 'clf__min_samples_split': 2, 'clf__n_estimators': 500}, {'clf__max_depth': None, 'clf__min_samples_leaf': 1, 'clf__min_samples_split': 2, 'clf__n_estimators': 200}, {'clf__max_depth': None, 'clf__min_samples_leaf': 1, 'clf__min_samples_split': 2, 'clf__n_estimators': 200}, {'clf__max_depth': None, 'clf__min_samples_leaf': 1, 'clf__min_samples_split': 2, 'clf__n_estimators': 500}]","[0.5052470750755963, 0.454, 0.375, 0.43, 0.508]",0.454,69.4,1.356465997,0.6,0.489897949,46.6,0.489897949,2,1.095445115,0.997987214,0.001655104,0.978080046,0.012577322,0.979635526,0.01201235,0.971948357,0.015323083,0.971948357,0.015323083,0.987322695,0.010352242,0.981539449,0.010607878,0.954945366,0.02588074,0.454449415,0.049715697
enterococcus_vancomycin_resfinder+pointfinder+cdhit+phenotypeseeker_train,KNN,1093,"[{'clf__n_neighbors': 3, 'clf__p': 1, 'clf__weights': 'distance'}, {'clf__n_neighbors': 1, 'clf__p': 1, 'clf__weights': 'uniform'}, {'clf__n_neighbors': 9, 'clf__p': 1, 'clf__weights': 'distance'}, {'clf__n_neighbors': 11, 'clf__p': 1, 'clf__weights': 'distance'}, {'clf__n_neighbors': 1, 'clf__p': 1, 'clf__weights': 'uniform'}]","[0.7028231797919762, 1.0, 0.5077876584762655, 0.48707307729589183, 1.0]",0.70282318,67,2.366431913,2.6,1.2,44.6,1.496662955,4.4,2.154065923,0.963657269,0.015544454,0.940948583,0.019276785,0.941535769,0.017994415,0.938302034,0.030229582,0.938302034,0.030229582,0.944769504,0.025650459,0.950187858,0.016601597,0.879042194,0.039201347,0.739536783,0.225599487
enterococcus_vancomycin_resfinder+pointfinder+cdhit+phenotypeseeker_train,BernoulliNB,1093,"[{'clf__alpha': 0.01, 'clf__binarize': None}, {'clf__alpha': 0.01, 'clf__binarize': None}, {'clf__alpha': 0.01, 'clf__binarize': None}, {'clf__alpha': 0.01, 'clf__binarize': None}, {'clf__alpha': 0.01, 'clf__binarize': None}]","[2.803e-319, 4.0040663287e-313, 8.992693306858845e-307, 1.8821866095672273e-298, 2.033991700108e-311]",2.033991700108e-311,63.2,3.969886648,8,3.286335345,39.2,3.18747549,8.2,4.445222154,0.885235824,0.047252459,0.863523715,0.048889959,0.85811857,0.049388491,0.88556338,0.061345553,0.88556338,0.061345553,0.830673759,0.069403061,0.886073961,0.041557324,0.718853422,0.10168824,3.76E-299,0
enterococcus_vancomycin_resfinder+pointfinder+phenotypeseeker_train,HistGB,1061,"[{'clf__l2_regularization': 0.0, 'clf__learning_rate': 0.05, 'clf__max_depth': 3, 'clf__max_leaf_nodes': 31, 'clf__min_samples_leaf': 10}, {'clf__l2_regularization': 0.0, 'clf__learning_rate': 0.1, 'clf__max_depth': 6, 'clf__max_leaf_nodes': 31, 'clf__min_samples_leaf': 10}, {'clf__l2_regularization': 1.0, 'clf__learning_rate': 0.1, 'clf__max_depth': 6, 'clf__max_leaf_nodes': 31, 'clf__min_samples_leaf': 10}, {'clf__l2_regularization': 1.0, 'clf__learning_rate': 0.05, 'clf__max_depth': 3, 'clf__max_leaf_nodes': 31, 'clf__min_samples_leaf': 10}, {'clf__l2_regularization': 0.0, 'clf__learning_rate': 0.1, 'clf__max_depth': 3, 'clf__max_leaf_nodes': 31, 'clf__min_samples_leaf': 10}]","[0.8464446473890084, 0.7588950257974637, 0.798195776602573, 0.5284117975897513, 0.8133850397644762]",0.798195777,71,0.632455532,0.4,0.489897949,46.8,0.748331477,0.4,0.8,0.998571571,0.001749532,0.993263068,0.009802403,0.992966903,0.009668857,0.994444444,0.011111111,0.994444444,0.011111111,0.991489362,0.010423361,0.994405594,0.008155177,0.986000325,0.020377013,0.749066457,0.113857948
enterococcus_vancomycin_resfinder+pointfinder+phenotypeseeker_train,AdaBoost,1061,"[{'clf__learning_rate': 0.1, 'clf__n_estimators': 500}, {'clf__learning_rate': 0.5, 'clf__n_estimators': 50}, {'clf__learning_rate': 1.0, 'clf__n_estimators': 50}, {'clf__learning_rate': 0.5, 'clf__n_estimators': 500}, {'clf__learning_rate': 1.0, 'clf__n_estimators': 200}]","[0.5100443545791246, 0.508136573981184, 0.5541421819513591, 0.5382185368958047, 0.5382964245101841]",0.538218537,70.6,0.489897949,0.4,0.489897949,46.8,0.4,0.8,0.4,0.999644558,0.000572928,0.98988748,0.003347253,0.990194328,0.004106476,0.988810642,0.005595363,0.988810642,0.005595363,0.991578014,0.010315736,0.99158814,0.002738874,0.979034119,0.007099936,0.529767614,0.017861619
enterococcus_vancomycin_resfinder+pointfinder+phenotypeseeker_train,LogReg (L1),1061,"[{'clf__C': 10}, {'clf__C': 10}, {'clf__C': 1}, {'clf__C': 10}, {'clf__C': 10}]","[0.5065741409317127, 0.7657138599156458, 0.6205754653299574, 0.7061156693039661, 0.8903926214009922]",0.706115669,71,0.632455532,0.8,0.748331477,46.4,0.489897949,0.4,0.489897949,0.999282456,0.001162341,0.98988748,0.006319136,0.988780675,0.007465414,0.994405321,0.006852334,0.994405321,0.006852334,0.983156028,0.015639062,0.991627409,0.005239041,0.979043681,0.013088487,0.697874351,0.129849367
enterococcus_vancomycin_resfinder+pointfinder+phenotypeseeker_train,Linear SVM,1061,"[{'clf__C': 0.1}, {'clf__C': 1}, {'clf__C': 1}, {'clf__C': 1}, {'clf__C': 10}]","[0.14926979499506182, 0.11357751053236147, 0.2632188668731969, 0.23285976318387977, 0.1543493038719271]",0.154349304,70.6,1.019803903,0.6,0.8,46.6,0.489897949,0.8,0.748331477,0.999820198,0.000359604,0.988178322,0.008631414,0.988091433,0.009316583,0.988771518,0.010529709,0.988771518,0.010529709,0.987411348,0.016711875,0.990149862,0.007206526,0.975581026,0.017873203,0.182655048,0.056033095
enterococcus_vancomycin_resfinder+pointfinder+phenotypeseeker_train,Decision Tree,1061,"[{'clf__max_depth': None, 'clf__min_samples_leaf': 2, 'clf__min_samples_split': 20}, {'clf__max_depth': None, 'clf__min_samples_leaf': 1, 'clf__min_samples_split': 5}, {'clf__max_depth': 3, 'clf__min_samples_leaf': 2, 'clf__min_samples_split': 2}, {'clf__max_depth': None, 'clf__min_samples_leaf': 5, 'clf__min_samples_split': 2}, {'clf__max_depth': None, 'clf__min_samples_leaf': 1, 'clf__min_samples_split': 2}]","[0.9138712601994561, 0.2490118577075099, 1.0, 0.7251798561151079, 1.0]",0.91387126,70.6,0.8,0.6,0.489897949,46.6,0.489897949,0.8,0.748331477,0.990655904,0.00580334,0.988206808,0.008558671,0.988066668,0.008451526,0.988810642,0.010414825,0.988810642,0.010414825,0.987322695,0.010352242,0.990170253,0.007135468,0.975523814,0.017804051,0.777612595,0.282717764
enterococcus_vancomycin_resfinder+pointfinder+phenotypeseeker_train,Gradient Boosting,1061,"[{'clf__learning_rate': 0.01, 'clf__max_depth': 2, 'clf__n_estimators': 500}, {'clf__learning_rate': 0.05, 'clf__max_depth': 2, 'clf__n_estimators': 500}, {'clf__learning_rate': 0.01, 'clf__max_depth': 2, 'clf__n_estimators': 500}, {'clf__learning_rate': 0.1, 'clf__max_depth': 2, 'clf__n_estimators': 500}, {'clf__learning_rate': 0.2, 'clf__max_depth': 1, 'clf__n_estimators': 500}]","[0.6224145624859924, 0.960753304568481, 0.8350519375600437, 0.9999466865229732, 0.9866822510718178]",0.960753305,70.4,0.489897949,0.6,0.8,46.6,0.489897949,1,0.632455532,0.999440199,0.000700327,0.986526136,0.006701381,0.986722106,0.00776544,0.986032864,0.008784627,0.986032864,0.008784627,0.987411348,0.016711875,0.988790937,0.005555283,0.972147262,0.013955123,0.880969748,0.14188396
enterococcus_vancomycin_resfinder+pointfinder+phenotypeseeker_train,LogReg (L2),1061,"[{'clf__C': 10}, {'clf__C': 100}, {'clf__C': 10}, {'clf__C': 10}, {'clf__C': 10}]","[0.6635652397305398, 0.4440231615641798, 0.26691667138449976, 0.8283178807315025, 0.7641683211108775]",0.66356524,70.2,1.939071943,0.8,0.748331477,46.4,0.489897949,1.2,1.6,0.999220857,0.001413225,0.983093576,0.014189302,0.98312731,0.012869682,0.983098592,0.022535211,0.983098592,0.022535211,0.983156028,0.015639062,0.985791524,0.012075349,0.965446633,0.028817786,0.593398255,0.208890495
enterococcus_vancomycin_resfinder+pointfinder+phenotypeseeker_train,RBF SVM,1061,"[{'clf__C': 100, 'clf__gamma': 'auto'}, {'clf__C': 100, 'clf__gamma': 'auto'}, {'clf__C': 100, 'clf__gamma': 'scale'}, {'clf__C': 100, 'clf__gamma': 'auto'}, {'clf__C': 100, 'clf__gamma': 'auto'}]","[0.6699228583992802, 0.6995297198203689, 0.6665172048532558, 0.48514358312783595, 0.8189434579465759]",0.669922858,70,0.894427191,1,0.894427191,46.2,0.748331477,1.4,1.019803903,0.999107648,0.000992979,0.979774961,0.011382275,0.979669447,0.011830617,0.980438185,0.014195464,0.980438185,0.014195464,0.978900709,0.018834428,0.98315657,0.009468963,0.958149963,0.023781832,0.668011365,0.106977021
enterococcus_vancomycin_resfinder+pointfinder+phenotypeseeker_train,Extra Trees,1061,"[{'clf__max_depth': None, 'clf__min_samples_leaf': 1, 'clf__min_samples_split': 5, 'clf__n_estimators': 500}, {'clf__max_depth': None, 'clf__min_samples_leaf': 1, 'clf__min_samples_split': 5, 'clf__n_estimators': 500}, {'clf__max_depth': None, 'clf__min_samples_leaf': 1, 'clf__min_samples_split': 5, 'clf__n_estimators': 200}, {'clf__max_depth': None, 'clf__min_samples_leaf': 5, 'clf__min_samples_split': 2, 'clf__n_estimators': 500}, {'clf__max_depth': None, 'clf__min_samples_leaf': 1, 'clf__min_samples_split': 2, 'clf__n_estimators': 200}]","[0.6260126594104131, 0.5430820798721715, 0.4321829684984895, 0.5113398632831341, 0.59]",0.54308208,69,2.097617696,0.8,0.748331477,46.4,0.8,2.4,1.959591794,0.997146056,0.003199086,0.972981057,0.018106392,0.974710527,0.016347171,0.966353678,0.027632475,0.966353678,0.027632475,0.983067376,0.015899224,0.977152821,0.015644052,0.945044522,0.0360522,0.540523514,0.066861382
enterococcus_vancomycin_resfinder+pointfinder+phenotypeseeker_train,Random Forest,1061,"[{'clf__max_depth': None, 'clf__min_samples_leaf': 1, 'clf__min_samples_split': 2, 'clf__n_estimators': 200}, {'clf__max_depth': None, 'clf__min_samples_leaf': 1, 'clf__min_samples_split': 2, 'clf__n_estimators': 200}, {'clf__max_depth': None, 'clf__min_samples_leaf': 1, 'clf__min_samples_split': 2, 'clf__n_estimators': 200}, {'clf__max_depth': None, 'clf__min_samples_leaf': 2, 'clf__min_samples_split': 10, 'clf__n_estimators': 200}, {'clf__max_depth': None, 'clf__min_samples_leaf': 1, 'clf__min_samples_split': 2, 'clf__n_estimators': 200}]","[0.685, 0.51, 0.585, 0.5368850812527284, 0.555]",0.555,68.2,2.315167381,0.4,0.489897949,46.8,0.4,3.2,2.4,0.997916042,0.0020538,0.969619712,0.020429605,0.97341029,0.017311117,0.955242567,0.033570355,0.955242567,0.033570355,0.991578014,0.010315736,0.974012724,0.017752248,0.939431883,0.039979522,0.574377016,0.06045793
enterococcus_vancomycin_resfinder+pointfinder+phenotypeseeker_train,SGD Logistic,1061,"[{'clf__alpha': 0.01}, {'clf__alpha': 0.001}, {'clf__alpha': 1e-05}, {'clf__alpha': 0.01}, {'clf__alpha': 1e-05}]","[0.42696793762045854, 0.8791661045228472, 1.0, 0.3901001643621985, 0.9969141143725145]",0.879166105,69.6,0.8,1.6,1.356465997,45.6,1.356465997,1.8,0.979795897,0.987188676,0.016027072,0.971343114,0.011374127,0.970489129,0.013577485,0.974843505,0.01364153,0.974843505,0.01364153,0.966134752,0.028810829,0.976237087,0.009126596,0.940686931,0.024186466,0.738629664,0.2732697
enterococcus_vancomycin_resfinder+pointfinder+phenotypeseeker_train,Balanced Random Forest,1061,"[{'clf__max_depth': 5, 'clf__min_samples_leaf': 1, 'clf__min_samples_split': 10, 'clf__n_estimators': 200}, {'clf__max_depth': None, 'clf__min_samples_leaf': 1, 'clf__min_samples_split': 2, 'clf__n_estimators': 500}, {'clf__max_depth': None, 'clf__min_samples_leaf': 1, 'clf__min_samples_split': 2, 'clf__n_estimators': 200}, {'clf__max_depth': None, 'clf__min_samples_leaf': 2, 'clf__min_samples_split': 2, 'clf__n_estimators': 500}, {'clf__max_depth': None, 'clf__min_samples_leaf': 1, 'clf__min_samples_split': 2, 'clf__n_estimators': 200}]","[0.5875824005074155, 0.422, 0.515, 0.5793603174603174, 0.44]",0.515,67.8,2.13541565,0.6,0.489897949,46.6,0.489897949,3.6,2.059126028,0.997068225,0.002217438,0.964577695,0.020944531,0.968446168,0.018956363,0.94956964,0.028780317,0.94956964,0.028780317,0.987322695,0.010352242,0.969739049,0.018096813,0.928702372,0.041500831,0.508788544,0.068544211
enterococcus_vancomycin_resfinder+pointfinder+phenotypeseeker_train,KNN,1061,"[{'clf__n_neighbors': 5, 'clf__p': 1, 'clf__weights': 'distance'}, {'clf__n_neighbors': 1, 'clf__p': 1, 'clf__weights': 'uniform'}, {'clf__n_neighbors': 9, 'clf__p': 1, 'clf__weights': 'distance'}, {'clf__n_neighbors': 11, 'clf__p': 1, 'clf__weights': 'distance'}, {'clf__n_neighbors': 1, 'clf__p': 1, 'clf__weights': 'uniform'}]","[0.5721714172836493, 1.0, 0.45316051886856473, 0.49360474565982715, 1.0]",0.572171417,67.4,2.576819745,2.8,1.720465053,44.4,1.959591794,4,2.449489743,0.964133412,0.016659539,0.942629255,0.029383165,0.942225011,0.029416895,0.943935837,0.034358835,0.943935837,0.034358835,0.940514184,0.036698701,0.951848574,0.024584164,0.881827875,0.060952918,0.703787336,0.24486615
enterococcus_vancomycin_resfinder+pointfinder+phenotypeseeker_train,BernoulliNB,1061,"[{'clf__alpha': 0.01, 'clf__binarize': None}, {'clf__alpha': 0.01, 'clf__binarize': None}, {'clf__alpha': 0.01, 'clf__binarize': None}, {'clf__alpha': 0.01, 'clf__binarize': None}, {'clf__alpha': 0.01, 'clf__binarize': None}]","[6.44257e-319, 1.1062863380524617e-306, 2.709366151600684e-309, 4.0822501459853434e-297, 9.167890755849e-311]",0.00E+00,62.8,4.118252056,8,3.286335345,39.2,3.18747549,8.6,4.586937976,0.882514651,0.047722496,0.860148127,0.048665394,0.85532123,0.0488356,0.879968701,0.063316202,0.879968701,0.063316202,0.830673759,0.069403061,0.882858898,0.041612907,0.712571957,0.100877799,8.16E-298,0
