dataset,model,n_features,fold_best_params,fold_thresholds,median_threshold,tp_mean,tp_std,fp_mean,fp_std,tn_mean,tn_std,fn_mean,fn_std,auc_mean,auc_std,accuracy_mean,accuracy_std,balanced_accuracy_mean,balanced_accuracy_std,recall_mean,recall_std,sensitivity_mean,sensitivity_std,specificity_mean,specificity_std,f1_mean,f1_std,mcc_mean,mcc_std,threshold_mean,threshold_std
klebsiella_meropenem_cdhit_train,Linear SVM,102,"[{'clf__C': 1}, {'clf__C': 1}, {'clf__C': 0.1}, {'clf__C': 0.1}, {'clf__C': 0.1}]","[-0.24079440865379437, -0.22896756546238262, -0.1383157248815357, -0.2274411835711664, -0.056183483817785984]",-0.227441184,67.4,3.136877428,7,3.033150178,165,3.033150178,6.4,3.261901286,0.961397265,0.02384912,0.945505226,0.023761193,0.936333873,0.029021374,0.91336542,0.043971647,0.91336542,0.043971647,0.959302326,0.017634594,0.909599231,0.039738636,0.870831366,0.056532422,-0.178340473,0.071272417
klebsiella_meropenem_cdhit_train,RBF SVM,102,"[{'clf__C': 100, 'clf__gamma': 'auto'}, {'clf__C': 10, 'clf__gamma': 'auto'}, {'clf__C': 10, 'clf__gamma': 'auto'}, {'clf__C': 10, 'clf__gamma': 'auto'}, {'clf__C': 1, 'clf__gamma': 'scale'}]","[0.5574924464085387, 0.23497864992794162, 0.0650956826205891, 0.1547817285338965, 0.21504133927888466]",0.215041339,67.2,2.925747768,6.6,4.409081537,165.4,4.409081537,6.6,3.072458299,0.960647327,0.016163954,0.946318235,0.025738248,0.936145312,0.028507521,0.910662718,0.041395256,0.910662718,0.041395256,0.961627907,0.025634195,0.911026385,0.041361305,0.873285658,0.05919639,0.245477969,0.166825199
klebsiella_meropenem_cdhit_train,AdaBoost,102,"[{'clf__learning_rate': 1.0, 'clf__n_estimators': 500}, {'clf__learning_rate': 1.0, 'clf__n_estimators': 200}, {'clf__learning_rate': 0.5, 'clf__n_estimators': 500}, {'clf__learning_rate': 0.5, 'clf__n_estimators': 500}, {'clf__learning_rate': 0.5, 'clf__n_estimators': 500}]","[0.48213612810347756, 0.46102453744748123, 0.4931261459558877, 0.4505634028392957, 0.46259304052538114]",0.462593041,66.4,3.006659276,4.8,2.925747768,167.2,2.925747768,7.4,3.072458299,0.957116335,0.026654125,0.950379957,0.021855147,0.935935442,0.026734271,0.89977786,0.041420745,0.89977786,0.041420745,0.972093023,0.017010161,0.915859201,0.036953614,0.881288126,0.052205568,0.469888651,0.015461213
klebsiella_meropenem_cdhit_train,Gradient Boosting,102,"[{'clf__learning_rate': 0.1, 'clf__max_depth': 1, 'clf__n_estimators': 200}, {'clf__learning_rate': 0.05, 'clf__max_depth': 3, 'clf__n_estimators': 200}, {'clf__learning_rate': 0.1, 'clf__max_depth': 2, 'clf__n_estimators': 100}, {'clf__learning_rate': 0.01, 'clf__max_depth': 2, 'clf__n_estimators': 500}, {'clf__learning_rate': 0.05, 'clf__max_depth': 3, 'clf__n_estimators': 200}]","[0.3612357065784162, 0.689536006673196, 0.22724622615202827, 0.5212687617106071, 0.36781587717502473]",0.367815877,66.6,3.072458299,5.4,3.136877428,166.6,3.136877428,7.2,3.18747549,0.95892542,0.023326657,0.948753941,0.022183389,0.935561119,0.027134129,0.902517586,0.042947631,0.902517586,0.042947631,0.968604651,0.018237659,0.913587807,0.037497078,0.877735511,0.052693442,0.433420516,0.158325558
klebsiella_meropenem_cdhit_train,Decision Tree,102,"[{'clf__max_depth': 5, 'clf__min_samples_leaf': 1, 'clf__min_samples_split': 5}, {'clf__max_depth': 3, 'clf__min_samples_leaf': 1, 'clf__min_samples_split': 2}, {'clf__max_depth': 2, 'clf__min_samples_leaf': 1, 'clf__min_samples_split': 2}, {'clf__max_depth': 3, 'clf__min_samples_leaf': 1, 'clf__min_samples_split': 2}, {'clf__max_depth': 2, 'clf__min_samples_leaf': 2, 'clf__min_samples_split': 2}]","[0.5393654524089307, 0.9474573090636146, 0.9425051334702258, 0.7771493212669683, 0.7775268210050817]",0.777526821,66,3.033150178,4.8,2.925747768,167.2,2.925747768,7.8,3.059411708,0.932891242,0.024339073,0.948750622,0.02064277,0.933214227,0.025529884,0.894335431,0.041278832,0.894335431,0.041278832,0.972093023,0.017010161,0.912831237,0.035105006,0.877382573,0.049267696,0.796800807,0.148968293
klebsiella_meropenem_cdhit_train,HistGB,102,"[{'clf__l2_regularization': 1.0, 'clf__learning_rate': 0.1, 'clf__max_depth': 3, 'clf__max_leaf_nodes': 31, 'clf__min_samples_leaf': 10}, {'clf__l2_regularization': 0.0, 'clf__learning_rate': 0.1, 'clf__max_depth': 3, 'clf__max_leaf_nodes': 31, 'clf__min_samples_leaf': 50}, {'clf__l2_regularization': 0.0, 'clf__learning_rate': 0.1, 'clf__max_depth': 3, 'clf__max_leaf_nodes': 31, 'clf__min_samples_leaf': 10}, {'clf__l2_regularization': 0.0, 'clf__learning_rate': 0.1, 'clf__max_depth': 3, 'clf__max_leaf_nodes': 31, 'clf__min_samples_leaf': 50}, {'clf__l2_regularization': 1.0, 'clf__learning_rate': 0.05, 'clf__max_depth': 3, 'clf__max_leaf_nodes': 31, 'clf__min_samples_leaf': 10}]","[0.5380204132123748, 0.4074494743569115, 0.39532469930602965, 0.42915352140227964, 0.2155380649263608]",0.407449474,65.6,2.576819745,5,3.16227766,167,3.16227766,8.2,2.638181192,0.956172671,0.026060089,0.946308279,0.019625359,0.929930129,0.022900251,0.888930026,0.035536799,0.888930026,0.035536799,0.970930233,0.018385335,0.908728061,0.032516255,0.871618184,0.046257426,0.397097235,0.103885505
klebsiella_meropenem_cdhit_train,Random Forest,102,"[{'clf__max_depth': 10, 'clf__min_samples_leaf': 1, 'clf__min_samples_split': 5, 'clf__n_estimators': 200}, {'clf__max_depth': None, 'clf__min_samples_leaf': 1, 'clf__min_samples_split': 10, 'clf__n_estimators': 500}, {'clf__max_depth': 10, 'clf__min_samples_leaf': 1, 'clf__min_samples_split': 10, 'clf__n_estimators': 200}, {'clf__max_depth': 5, 'clf__min_samples_leaf': 1, 'clf__min_samples_split': 5, 'clf__n_estimators': 500}, {'clf__max_depth': 5, 'clf__min_samples_leaf': 1, 'clf__min_samples_split': 2, 'clf__n_estimators': 500}]","[0.34997947373463517, 0.38622720087113616, 0.343165885505742, 0.507696044293336, 0.4565190727405435]",0.386227201,66.6,2.653299832,7.6,3.261901286,164.4,3.261901286,7.2,2.561249695,0.961476262,0.018438572,0.939800896,0.017480657,0.929110235,0.020343132,0.902406516,0.034708928,0.902406516,0.034708928,0.955813953,0.018964542,0.900161483,0.028181575,0.857730166,0.040694795,0.408717535,0.063772605
klebsiella_meropenem_cdhit_train,SGD Logistic,102,"[{'clf__alpha': 0.001}, {'clf__alpha': 0.001}, {'clf__alpha': 0.001}, {'clf__alpha': 0.001}, {'clf__alpha': 0.01}]","[0.4389078972317004, 0.28110939484430214, 0.36520950505151667, 0.3569633910745695, 0.34722990135241344]",0.356963391,66.4,2.653299832,7.2,3.544009029,164.8,3.544009029,7.4,2.8,0.962631949,0.020859185,0.940617222,0.024310562,0.928977209,0.027625728,0.899814883,0.037680651,0.899814883,0.037680651,0.958139535,0.020604704,0.901221253,0.040063139,0.858969704,0.057401988,0.357884018,0.05025382
klebsiella_meropenem_cdhit_train,LogReg (L1),102,"[{'clf__C': 1}, {'clf__C': 10}, {'clf__C': 10}, {'clf__C': 1}, {'clf__C': 1}]","[0.3622686482603959, 0.44018532833884866, 0.4194498196757151, 0.43825405872046524, 0.3929033928574462]",0.41944982,66.6,3.072458299,8,3.741657387,164,3.741657387,7.2,3.18747549,0.956583587,0.024632413,0.93817488,0.021233717,0.928002979,0.02532211,0.902517586,0.042947631,0.902517586,0.042947631,0.953488372,0.021753822,0.897692818,0.034804968,0.854222837,0.049156043,0.41061225,0.029554853
klebsiella_meropenem_cdhit_train,LogReg (L2),102,"[{'clf__C': 1}, {'clf__C': 10}, {'clf__C': 10}, {'clf__C': 1}, {'clf__C': 0.1}]","[0.5054982575716519, 0.5210938776991325, 0.36055721763811804, 0.4233948414866342, 0.35554960348396847]",0.423394841,66.4,3.006659276,7.6,4.176122604,164.4,4.176122604,7.4,3.072458299,0.963648154,0.020540196,0.938981251,0.021950467,0.927795907,0.024929458,0.89977786,0.041420745,0.89977786,0.041420745,0.955813953,0.024279783,0.898764977,0.035799142,0.856052547,0.050687421,0.43321876,0.069792649
klebsiella_meropenem_cdhit_train,Extra Trees,102,"[{'clf__max_depth': 5, 'clf__min_samples_leaf': 1, 'clf__min_samples_split': 5, 'clf__n_estimators': 200}, {'clf__max_depth': 10, 'clf__min_samples_leaf': 1, 'clf__min_samples_split': 10, 'clf__n_estimators': 500}, {'clf__max_depth': 5, 'clf__min_samples_leaf': 1, 'clf__min_samples_split': 2, 'clf__n_estimators': 200}, {'clf__max_depth': 10, 'clf__min_samples_leaf': 2, 'clf__min_samples_split': 10, 'clf__n_estimators': 500}, {'clf__max_depth': 5, 'clf__min_samples_leaf': 1, 'clf__min_samples_split': 2, 'clf__n_estimators': 200}]","[0.41979237484279147, 0.41148802614941343, 0.5011776893883291, 0.5634986851340653, 0.45337615097495265]",0.453376151,66,2.966479395,7,2.966479395,165,2.966479395,7.8,2.925747768,0.958636444,0.020784852,0.939800896,0.017480657,0.926800367,0.022040298,0.894298408,0.039561809,0.894298408,0.039561809,0.959302326,0.017246973,0.899172599,0.029054959,0.856968423,0.041450832,0.469866585,0.056453118
klebsiella_meropenem_cdhit_train,Balanced Random Forest,102,"[{'clf__max_depth': 10, 'clf__min_samples_leaf': 1, 'clf__min_samples_split': 10, 'clf__n_estimators': 200}, {'clf__max_depth': 5, 'clf__min_samples_leaf': 1, 'clf__min_samples_split': 10, 'clf__n_estimators': 200}, {'clf__max_depth': 10, 'clf__min_samples_leaf': 1, 'clf__min_samples_split': 5, 'clf__n_estimators': 200}, {'clf__max_depth': 5, 'clf__min_samples_leaf': 1, 'clf__min_samples_split': 2, 'clf__n_estimators': 200}, {'clf__max_depth': 5, 'clf__min_samples_leaf': 1, 'clf__min_samples_split': 5, 'clf__n_estimators': 500}]","[0.38184312372284374, 0.3786859683549399, 0.37134707829734237, 0.41728038833299985, 0.48795184419640053]",0.381843124,66.4,2.939387691,8.6,4.223742416,163.4,4.223742416,7.4,2.870540019,0.960080138,0.022941242,0.934919529,0.024499085,0.924851907,0.026962469,0.899703813,0.038857456,0.899703813,0.038857456,0.95,0.024556642,0.89287164,0.039275107,0.846803925,0.056671219,0.407421681,0.043275125
klebsiella_meropenem_cdhit_train,BernoulliNB,102,"[{'clf__alpha': 0.01, 'clf__binarize': None}, {'clf__alpha': 0.01, 'clf__binarize': None}, {'clf__alpha': 1.0, 'clf__binarize': None}, {'clf__alpha': 0.1, 'clf__binarize': None}, {'clf__alpha': 0.1, 'clf__binarize': None}]","[0.2505872531612205, 0.264066540984418, 0.1887620086547694, 0.3410689571735943, 0.27181071284499414]",0.264066541,68,3.741657387,16.6,3.720215048,155.4,3.720215048,5.8,3.762977544,0.939235361,0.026162821,0.908870085,0.015115679,0.912462439,0.02201214,0.921436505,0.050813026,0.921436505,0.050813026,0.903488372,0.021629157,0.85830566,0.024255841,0.797005712,0.034892553,0.263259095,0.048659117
klebsiella_meropenem_cdhit_train,KNN,102,"[{'clf__n_neighbors': 3, 'clf__p': 1, 'clf__weights': 'distance'}, {'clf__n_neighbors': 7, 'clf__p': 1, 'clf__weights': 'distance'}, {'clf__n_neighbors': 11, 'clf__p': 1, 'clf__weights': 'uniform'}, {'clf__n_neighbors': 5, 'clf__p': 1, 'clf__weights': 'distance'}, {'clf__n_neighbors': 3, 'clf__p': 1, 'clf__weights': 'distance'}]","[0.4285714285714286, 0.42857142857142855, 0.45454545454545453, 0.53125, 0.3846153846153846]",0.428571429,62.8,2.227105745,5.6,1.496662955,166.4,1.496662955,11,2.529822128,0.939970446,0.020161634,0.932483823,0.015712185,0.909267024,0.020704533,0.851092188,0.033778504,0.851092188,0.033778504,0.96744186,0.008701529,0.883162228,0.027597917,0.837067919,0.038122411,0.445510739,0.048404487
klebsiella_meropenem_cdhit+phenotypeseeker_train,Gradient Boosting,1102,"[{'clf__learning_rate': 0.2, 'clf__max_depth': 1, 'clf__n_estimators': 500}, {'clf__learning_rate': 0.2, 'clf__max_depth': 1, 'clf__n_estimators': 500}, {'clf__learning_rate': 0.1, 'clf__max_depth': 1, 'clf__n_estimators': 500}, {'clf__learning_rate': 0.2, 'clf__max_depth': 1, 'clf__n_estimators': 500}, {'clf__learning_rate': 0.2, 'clf__max_depth': 3, 'clf__n_estimators': 200}]","[0.5206005466893299, 0.5774658948251736, 0.46612783073713154, 0.511894138726975, 0.5189685321516403]",0.518968532,66.8,3.310589071,4.6,2.059126028,169.4,2.059126028,7.8,3.544009029,0.965837424,0.009267032,0.950139267,0.015939419,0.934583411,0.023866505,0.895603604,0.047126483,0.895603604,0.047126483,0.973563218,0.011834058,0.914732529,0.028472772,0.880725932,0.039131826,0.519011389,0.035402775
klebsiella_meropenem_cdhit+phenotypeseeker_train,AdaBoost,1102,"[{'clf__learning_rate': 1.0, 'clf__n_estimators': 500}, {'clf__learning_rate': 1.0, 'clf__n_estimators': 500}, {'clf__learning_rate': 1.0, 'clf__n_estimators': 500}, {'clf__learning_rate': 1.0, 'clf__n_estimators': 500}, {'clf__learning_rate': 1.0, 'clf__n_estimators': 500}]","[0.5119969757171334, 0.5030972759805421, 0.4894990415948344, 0.5046849419503328, 0.5007394781325369]",0.503097276,66.2,4.53431362,3.8,1.326649916,170.2,1.326649916,8.4,4.841487375,0.959208036,0.017868103,0.950955435,0.020018909,0.932918298,0.032300963,0.887675676,0.064326454,0.887675676,0.064326454,0.97816092,0.007624425,0.914649829,0.037607715,0.88231477,0.048424205,0.502003543,0.007296784
klebsiella_meropenem_cdhit+phenotypeseeker_train,LogReg (L1),1102,"[{'clf__C': 1}, {'clf__C': 1}, {'clf__C': 1}, {'clf__C': 1}, {'clf__C': 1}]","[0.7067109748736436, 0.6960414662754381, 0.5229524382885163, 0.6690941685339248, 0.569408923678697]",0.669094169,66.6,4.127953488,5,1.414213562,169,1.414213562,8,4.472135955,0.964029202,0.011067696,0.947732867,0.018442185,0.932154706,0.029706749,0.893045045,0.059387409,0.893045045,0.059387409,0.971264368,0.008127664,0.910293224,0.034441018,0.874780025,0.045254731,0.632841594,0.073300053
klebsiella_meropenem_cdhit+phenotypeseeker_train,Random Forest,1102,"[{'clf__max_depth': None, 'clf__min_samples_leaf': 1, 'clf__min_samples_split': 5, 'clf__n_estimators': 500}, {'clf__max_depth': 10, 'clf__min_samples_leaf': 1, 'clf__min_samples_split': 5, 'clf__n_estimators': 200}, {'clf__max_depth': 10, 'clf__min_samples_leaf': 1, 'clf__min_samples_split': 2, 'clf__n_estimators': 500}, {'clf__max_depth': None, 'clf__min_samples_leaf': 1, 'clf__min_samples_split': 5, 'clf__n_estimators': 500}, {'clf__max_depth': 10, 'clf__min_samples_leaf': 1, 'clf__min_samples_split': 2, 'clf__n_estimators': 500}]","[0.5205403465471341, 0.3729393379228778, 0.5055522601367786, 0.5244860760341135, 0.5557612207723628]",0.520540347,66.4,3.878143886,4.6,1.959591794,169.4,1.959591794,8.2,4.166533331,0.957259397,0.014247769,0.948539319,0.017982666,0.931934762,0.02783035,0.890306306,0.05529558,0.890306306,0.05529558,0.973563218,0.011262022,0.911520515,0.032967294,0.876779033,0.043887002,0.495855848,0.063592699
klebsiella_meropenem_cdhit+phenotypeseeker_train,Balanced Random Forest,1102,"[{'clf__max_depth': None, 'clf__min_samples_leaf': 2, 'clf__min_samples_split': 2, 'clf__n_estimators': 200}, {'clf__max_depth': 10, 'clf__min_samples_leaf': 2, 'clf__min_samples_split': 2, 'clf__n_estimators': 200}, {'clf__max_depth': None, 'clf__min_samples_leaf': 1, 'clf__min_samples_split': 5, 'clf__n_estimators': 200}, {'clf__max_depth': 10, 'clf__min_samples_leaf': 1, 'clf__min_samples_split': 2, 'clf__n_estimators': 500}, {'clf__max_depth': 20, 'clf__min_samples_leaf': 1, 'clf__min_samples_split': 5, 'clf__n_estimators': 200}]","[0.5225673076923079, 0.4482751676428146, 0.41999999999999993, 0.43425759542826, 0.6158333333333332]",0.448275168,66.6,4.079215611,5.2,2.638181192,168.8,2.638181192,8,4.335896678,0.953753754,0.01515783,0.946926415,0.020026904,0.931543958,0.029488585,0.892972973,0.057580579,0.892972973,0.057580579,0.970114943,0.015161961,0.909311317,0.035915226,0.873292931,0.048690849,0.488186681,0.072974508
klebsiella_meropenem_cdhit+phenotypeseeker_train,LogReg (L2),1102,"[{'clf__C': 1}, {'clf__C': 1}, {'clf__C': 0.1}, {'clf__C': 1}, {'clf__C': 0.1}]","[0.6470189309170032, 0.6944286735912847, 0.49832359195000675, 0.5471738352460086, 0.5821544970920123]",0.582154497,66.6,2.653299832,5.2,2.712931993,168.8,2.712931993,8,3.033150178,0.954407787,0.014749144,0.946923177,0.0161075,0.931543958,0.021314079,0.892972973,0.040110553,0.892972973,0.040110553,0.970114943,0.015591563,0.909816582,0.027865732,0.873276774,0.038999407,0.593819906,0.069833723
klebsiella_meropenem_cdhit+phenotypeseeker_train,Linear SVM,1102,"[{'clf__C': 0.1}, {'clf__C': 0.1}, {'clf__C': 0.01}, {'clf__C': 0.1}, {'clf__C': 0.01}]","[-0.07446897368734286, 0.15978035990975467, 0.05201329572960127, 0.13467906611902272, 0.11987428450019984]",0.119874285,66.8,2.4,6,2.366431913,168,2.366431913,7.8,2.785677655,0.955343481,0.015972023,0.944510299,0.015276286,0.930578441,0.020166351,0.89563964,0.036807314,0.89563964,0.036807314,0.965517241,0.013600183,0.90636414,0.026234845,0.867585208,0.036974648,0.078375607,0.084350923
klebsiella_meropenem_cdhit+phenotypeseeker_train,HistGB,1102,"[{'clf__l2_regularization': 1.0, 'clf__learning_rate': 0.1, 'clf__max_depth': 6, 'clf__max_leaf_nodes': 31, 'clf__min_samples_leaf': 10}, {'clf__l2_regularization': 0.0, 'clf__learning_rate': 0.05, 'clf__max_depth': 6, 'clf__max_leaf_nodes': 31, 'clf__min_samples_leaf': 10}, {'clf__l2_regularization': 0.0, 'clf__learning_rate': 0.1, 'clf__max_depth': 3, 'clf__max_leaf_nodes': 31, 'clf__min_samples_leaf': 10}, {'clf__l2_regularization': 0.0, 'clf__learning_rate': 0.05, 'clf__max_depth': 6, 'clf__max_leaf_nodes': 31, 'clf__min_samples_leaf': 10}, {'clf__l2_regularization': 1.0, 'clf__learning_rate': 0.1, 'clf__max_depth': 6, 'clf__max_leaf_nodes': 31, 'clf__min_samples_leaf': 50}]","[0.528671395186173, 0.333595027632189, 0.41278476852426643, 0.5178322572293885, 0.5729372411660782]",0.517832257,66.2,3.487119155,5.2,2.856571371,168.8,2.856571371,8.4,3.720215048,0.95817055,0.011123114,0.945310273,0.01146616,0.928841255,0.020338649,0.887567568,0.049502156,0.887567568,0.049502156,0.970114943,0.016417077,0.906540187,0.021128571,0.869910602,0.028317064,0.473164138,0.087356938
klebsiella_meropenem_cdhit+phenotypeseeker_train,Extra Trees,1102,"[{'clf__max_depth': 5, 'clf__min_samples_leaf': 1, 'clf__min_samples_split': 2, 'clf__n_estimators': 200}, {'clf__max_depth': None, 'clf__min_samples_leaf': 1, 'clf__min_samples_split': 10, 'clf__n_estimators': 200}, {'clf__max_depth': None, 'clf__min_samples_leaf': 1, 'clf__min_samples_split': 10, 'clf__n_estimators': 200}, {'clf__max_depth': None, 'clf__min_samples_leaf': 1, 'clf__min_samples_split': 10, 'clf__n_estimators': 200}, {'clf__max_depth': 10, 'clf__min_samples_leaf': 1, 'clf__min_samples_split': 2, 'clf__n_estimators': 200}]","[0.5305739069436948, 0.5082966772634835, 0.5789811243171217, 0.5186476370964225, 0.5353379537394024]",0.530573907,65.8,4.915282291,4.8,1.326649916,169.2,1.326649916,8.8,5.192301994,0.949980222,0.027854887,0.945316751,0.019397006,0.92736005,0.033208462,0.882306306,0.068981897,0.882306306,0.068981897,0.972413793,0.007624425,0.905108174,0.037669593,0.868880479,0.047551487,0.53436746,0.024217805
klebsiella_meropenem_cdhit+phenotypeseeker_train,Decision Tree,1102,"[{'clf__max_depth': 3, 'clf__min_samples_leaf': 1, 'clf__min_samples_split': 10}, {'clf__max_depth': 5, 'clf__min_samples_leaf': 2, 'clf__min_samples_split': 5}, {'clf__max_depth': 5, 'clf__min_samples_leaf': 2, 'clf__min_samples_split': 2}, {'clf__max_depth': 5, 'clf__min_samples_leaf': 5, 'clf__min_samples_split': 2}, {'clf__max_depth': 2, 'clf__min_samples_leaf': 5, 'clf__min_samples_split': 2}]","[0.9210003969829297, 0.5382830626450116, 0.6998491704374057, 0.4373232799245994, 0.6073298429319371]",0.607329843,66.6,4.45421149,6.8,3.709447398,167.2,3.709447398,8,4.69041576,0.937988402,0.029131281,0.940490996,0.017438565,0.926946257,0.027594148,0.892972973,0.062371602,0.892972973,0.062371602,0.96091954,0.021318663,0.89952062,0.031768585,0.859531391,0.042717226,0.640757151,0.164336123
klebsiella_meropenem_cdhit+phenotypeseeker_train,RBF SVM,1102,"[{'clf__C': 100, 'clf__gamma': 'auto'}, {'clf__C': 100, 'clf__gamma': 'auto'}, {'clf__C': 10, 'clf__gamma': 0.01}, {'clf__C': 100, 'clf__gamma': 'auto'}, {'clf__C': 10, 'clf__gamma': 'scale'}]","[0.4578234062306153, 0.1553216708727173, 0.5699993943090138, 0.31847822516114, 0.31185451442702455]",0.318478225,67,4,7.8,4.833218389,166.2,4.833218389,7.6,4.223742416,0.959058921,0.010650094,0.938081358,0.015073662,0.92673936,0.021478219,0.898306306,0.056113281,0.898306306,0.056113281,0.955172414,0.027777117,0.896959091,0.024434021,0.855336344,0.032981888,0.362695442,0.141115627
klebsiella_meropenem_cdhit+phenotypeseeker_train,KNN,1102,"[{'clf__n_neighbors': 9, 'clf__p': 1, 'clf__weights': 'distance'}, {'clf__n_neighbors': 7, 'clf__p': 1, 'clf__weights': 'distance'}, {'clf__n_neighbors': 7, 'clf__p': 1, 'clf__weights': 'distance'}, {'clf__n_neighbors': 11, 'clf__p': 1, 'clf__weights': 'distance'}, {'clf__n_neighbors': 9, 'clf__p': 1, 'clf__weights': 'distance'}]","[0.525554613940181, 0.46176609228513066, 0.4166666666666667, 0.48918379791841077, 0.4465195246179966]",0.461766092,64,3.405877273,7.8,3.310589071,166.2,3.310589071,10.6,3.720215048,0.933387698,0.020584416,0.926010494,0.019376669,0.90664927,0.025828274,0.858126126,0.049199101,0.858126126,0.049199101,0.955172414,0.019026374,0.874182492,0.033873221,0.823198228,0.046830247,0.467938139,0.037139336
klebsiella_meropenem_cdhit+phenotypeseeker_train,SGD Logistic,1102,"[{'clf__alpha': 0.0001}, {'clf__alpha': 1e-05}, {'clf__alpha': 0.001}, {'clf__alpha': 0.001}, {'clf__alpha': 0.01}]","[0.9999385182082988, 5.4779762813585466e-152, 0.5949299716924857, 0.479896537935659, 0.6307346135834848]",0.594929972,67.2,2.712931993,17.8,17.03408348,156.2,17.03408348,7.4,3.006659276,0.945013772,0.018784367,0.898701257,0.064071745,0.899337061,0.043991569,0.900972973,0.039826847,0.900972973,0.039826847,0.897701149,0.097897031,0.850138031,0.073090357,0.78545891,0.106317348,0.541099928,0.321869504
klebsiella_meropenem_cdhit+phenotypeseeker_train,BernoulliNB,1102,"[{'clf__alpha': 0.01, 'clf__binarize': None}, {'clf__alpha': 0.01, 'clf__binarize': None}, {'clf__alpha': 0.01, 'clf__binarize': None}, {'clf__alpha': 0.01, 'clf__binarize': None}, {'clf__alpha': 0.01, 'clf__binarize': None}]","[1.0, 1.0, 1.0, 1.0, 1.0]",1,66.2,1.939071943,69.8,4.707440918,104.2,4.707440918,8.4,2.332380758,0.757781609,0.023931282,0.685454722,0.023939225,0.743209071,0.024114105,0.887567568,0.03068633,0.887567568,0.03068633,0.598850575,0.027054258,0.62896333,0.023034881,0.44800273,0.043572357,1,0
klebsiella_meropenem_phenotypeseeker_train,Random Forest,1000,"[{'clf__max_depth': 10, 'clf__min_samples_leaf': 1, 'clf__min_samples_split': 2, 'clf__n_estimators': 500}, {'clf__max_depth': 10, 'clf__min_samples_leaf': 1, 'clf__min_samples_split': 2, 'clf__n_estimators': 500}, {'clf__max_depth': None, 'clf__min_samples_leaf': 1, 'clf__min_samples_split': 5, 'clf__n_estimators': 200}, {'clf__max_depth': 10, 'clf__min_samples_leaf': 1, 'clf__min_samples_split': 2, 'clf__n_estimators': 500}, {'clf__max_depth': None, 'clf__min_samples_leaf': 2, 'clf__min_samples_split': 5, 'clf__n_estimators': 200}]","[0.5056787514513651, 0.45705910816805356, 0.5603087122842438, 0.5413768464575867, 0.5206594322130788]",0.520659432,65.6,2.653299832,4.2,1.166190379,167.8,1.166190379,8.2,2.638181192,0.951359639,0.020143923,0.949556994,0.007512278,0.932237199,0.015233039,0.888893003,0.03563356,0.888893003,0.03563356,0.975581395,0.006780177,0.913338634,0.015019609,0.8790882,0.01836129,0.51701657,0.035225975
klebsiella_meropenem_phenotypeseeker_train,HistGB,1000,"[{'clf__l2_regularization': 0.0, 'clf__learning_rate': 0.1, 'clf__max_depth': 3, 'clf__max_leaf_nodes': 31, 'clf__min_samples_leaf': 50}, {'clf__l2_regularization': 0.0, 'clf__learning_rate': 0.05, 'clf__max_depth': 3, 'clf__max_leaf_nodes': 31, 'clf__min_samples_leaf': 10}, {'clf__l2_regularization': 0.0, 'clf__learning_rate': 0.1, 'clf__max_depth': 6, 'clf__max_leaf_nodes': 31, 'clf__min_samples_leaf': 50}, {'clf__l2_regularization': 0.0, 'clf__learning_rate': 0.1, 'clf__max_depth': 6, 'clf__max_leaf_nodes': 31, 'clf__min_samples_leaf': 50}, {'clf__l2_regularization': 0.0, 'clf__learning_rate': 0.05, 'clf__max_depth': 6, 'clf__max_leaf_nodes': 31, 'clf__min_samples_leaf': 50}]","[0.2654032079190428, 0.2737401028277769, 0.7470893009060094, 0.4510212027938661, 0.524835844272348]",0.451021203,65.8,2.13541565,4.8,1.326649916,167.2,1.326649916,8,2.097617696,0.954364017,0.016308302,0.947930977,0.007848788,0.931844364,0.012928542,0.891595705,0.028352374,0.891595705,0.028352374,0.972093023,0.007713081,0.911216759,0.014410154,0.875224374,0.01898041,0.452417932,0.178313092
klebsiella_meropenem_phenotypeseeker_train,Extra Trees,1000,"[{'clf__max_depth': 10, 'clf__min_samples_leaf': 1, 'clf__min_samples_split': 2, 'clf__n_estimators': 200}, {'clf__max_depth': 10, 'clf__min_samples_leaf': 1, 'clf__min_samples_split': 5, 'clf__n_estimators': 200}, {'clf__max_depth': 10, 'clf__min_samples_leaf': 1, 'clf__min_samples_split': 5, 'clf__n_estimators': 500}, {'clf__max_depth': 10, 'clf__min_samples_leaf': 1, 'clf__min_samples_split': 2, 'clf__n_estimators': 500}, {'clf__max_depth': None, 'clf__min_samples_leaf': 2, 'clf__min_samples_split': 5, 'clf__n_estimators': 200}]","[0.5133629866304974, 0.5487996941450808, 0.5308055199256503, 0.5791621072172206, 0.5680549593477016]",0.548799694,65.6,2.653299832,5,1.673320053,167,1.673320053,8.2,2.638181192,0.94959016,0.02177578,0.946301643,0.00647462,0.929911618,0.014100269,0.888893003,0.03563356,0.888893003,0.03563356,0.970930233,0.009728605,0.9083246,0.01307426,0.87157929,0.015822528,0.548037053,0.023955308
klebsiella_meropenem_phenotypeseeker_train,Linear SVM,1000,"[{'clf__C': 0.01}, {'clf__C': 0.01}, {'clf__C': 0.1}, {'clf__C': 0.01}, {'clf__C': 0.01}]","[0.01575300965550103, -0.13300879355986728, 0.1904291883248451, 0.1541350797029648, 0.06688530530842067]",0.066885305,66,2.097617696,6,1.414213562,166,1.414213562,7.8,2.13541565,0.946434245,0.019718573,0.943865937,0.00782986,0.929725855,0.012932318,0.894335431,0.028764383,0.894335431,0.028764383,0.965116279,0.008222172,0.905229249,0.014326476,0.86590114,0.019007657,0.058838758,0.114126283
klebsiella_meropenem_phenotypeseeker_train,LogReg (L2),1000,"[{'clf__C': 1}, {'clf__C': 0.1}, {'clf__C': 0.1}, {'clf__C': 1}, {'clf__C': 0.1}]","[0.4688982477250283, 0.46660036298759083, 0.6050848789914596, 0.7563090654712954, 0.5928250596818245]",0.59282506,66,2.366431913,6.2,2.039607805,165.8,2.039607805,7.8,2.315167381,0.946502264,0.019237348,0.94304961,0.009235071,0.929125948,0.013914013,0.894298408,0.031317225,0.894298408,0.031317225,0.963953488,0.011858185,0.904013205,0.016311642,0.864222126,0.022191594,0.577943523,0.106827479
klebsiella_meropenem_phenotypeseeker_train,RBF SVM,1000,"[{'clf__C': 100, 'clf__gamma': 'auto'}, {'clf__C': 100, 'clf__gamma': 'auto'}, {'clf__C': 100, 'clf__gamma': 'auto'}, {'clf__C': 10, 'clf__gamma': 0.01}, {'clf__C': 10, 'clf__gamma': 'auto'}]","[0.40958803921926035, 0.2844184801862373, 0.6099081009795823, 0.6016172755238562, 0.31446862561213423]",0.409588039,65.8,2.039607805,6,1.414213562,166,1.414213562,8,2.097617696,0.946166041,0.013140097,0.943046292,0.004414316,0.928374504,0.010675047,0.891632729,0.028227123,0.891632729,0.028227123,0.965116279,0.008222172,0.903695203,0.009203291,0.863949882,0.010960022,0.444000104,0.138417864
klebsiella_meropenem_phenotypeseeker_train,Balanced Random Forest,1000,"[{'clf__max_depth': 10, 'clf__min_samples_leaf': 1, 'clf__min_samples_split': 5, 'clf__n_estimators': 200}, {'clf__max_depth': 10, 'clf__min_samples_leaf': 1, 'clf__min_samples_split': 5, 'clf__n_estimators': 200}, {'clf__max_depth': 10, 'clf__min_samples_leaf': 1, 'clf__min_samples_split': 2, 'clf__n_estimators': 200}, {'clf__max_depth': 10, 'clf__min_samples_leaf': 1, 'clf__min_samples_split': 5, 'clf__n_estimators': 200}, {'clf__max_depth': 10, 'clf__min_samples_leaf': 1, 'clf__min_samples_split': 5, 'clf__n_estimators': 500}]","[0.5109528985507246, 0.6041406287360234, 0.47475496031746034, 0.5617715927965732, 0.5751601952898283]",0.561771593,64.8,2.856571371,4.2,1.6,167.8,1.6,9,2.828427125,0.951081856,0.019524762,0.946301643,0.00647462,0.926813282,0.01512211,0.878045168,0.038227797,0.878045168,0.038227797,0.975581395,0.009302326,0.907230381,0.013520137,0.87133611,0.016018808,0.545356055,0.046435923
klebsiella_meropenem_phenotypeseeker_train,Gradient Boosting,1000,"[{'clf__learning_rate': 0.2, 'clf__max_depth': 1, 'clf__n_estimators': 500}, {'clf__learning_rate': 0.01, 'clf__max_depth': 1, 'clf__n_estimators': 500}, {'clf__learning_rate': 0.1, 'clf__max_depth': 1, 'clf__n_estimators': 500}, {'clf__learning_rate': 0.05, 'clf__max_depth': 3, 'clf__n_estimators': 200}, {'clf__learning_rate': 0.1, 'clf__max_depth': 3, 'clf__n_estimators': 100}]","[0.49831836566634835, 0.5839807676837353, 0.6053814797840178, 0.5501988905652472, 0.5757267889888121]",0.575726789,64.8,2.925747768,4.6,1.019803903,167.4,1.019803903,9,3.033150178,0.94716298,0.021066985,0.944682263,0.012970914,0.925687515,0.02059521,0.878119215,0.040820562,0.878119215,0.040820562,0.973255814,0.005929092,0.904652469,0.023898781,0.867013836,0.031685816,0.562721259,0.036730226
klebsiella_meropenem_phenotypeseeker_train,SGD Logistic,1000,"[{'clf__alpha': 0.01}, {'clf__alpha': 0.01}, {'clf__alpha': 0.01}, {'clf__alpha': 0.01}, {'clf__alpha': 0.01}]","[0.4657974211335963, 0.6445521352754684, 0.4994262420671978, 0.6091204725443764, 0.7100434592200475]",0.609120473,64.8,2.481934729,5,2.097617696,167,2.097617696,9,2.449489743,0.948149587,0.019791692,0.94304961,0.005079187,0.924487701,0.011680382,0.878045168,0.033107921,0.878045168,0.033107921,0.970930233,0.012195452,0.902371107,0.009766442,0.863753799,0.012514547,0.585787946,0.090876993
klebsiella_meropenem_phenotypeseeker_train,AdaBoost,1000,"[{'clf__learning_rate': 1.0, 'clf__n_estimators': 500}, {'clf__learning_rate': 0.05, 'clf__n_estimators': 500}, {'clf__learning_rate': 0.5, 'clf__n_estimators': 500}, {'clf__learning_rate': 0.5, 'clf__n_estimators': 500}, {'clf__learning_rate': 1.0, 'clf__n_estimators': 200}]","[0.49460672229866937, 0.5432020043980919, 0.49750179364362956, 0.48973712385167906, 0.5040635651852358]",0.497501794,64.6,2.653299832,5.2,1.833030278,166.8,1.833030278,9.2,2.638181192,0.944771209,0.012979019,0.941423594,0.01134821,0.922554954,0.017174462,0.875342466,0.03563206,0.875342466,0.03563206,0.969767442,0.010657153,0.899527719,0.020174787,0.859486285,0.027734965,0.505822242,0.019256627
klebsiella_meropenem_phenotypeseeker_train,Decision Tree,1000,"[{'clf__max_depth': 5, 'clf__min_samples_leaf': 1, 'clf__min_samples_split': 2}, {'clf__max_depth': 5, 'clf__min_samples_leaf': 10, 'clf__min_samples_split': 2}, {'clf__max_depth': 2, 'clf__min_samples_leaf': 1, 'clf__min_samples_split': 2}, {'clf__max_depth': 5, 'clf__min_samples_leaf': 2, 'clf__min_samples_split': 2}, {'clf__max_depth': 5, 'clf__min_samples_leaf': 1, 'clf__min_samples_split': 2}]","[0.9731892483414267, 0.7497277676950999, 0.9646213947731467, 0.9588468769584291, 0.8233183856502244]",0.958846877,64.4,3.2,5,0.632455532,167,0.632455532,9.4,3.440930107,0.938131764,0.026430116,0.941433549,0.015079531,0.921859044,0.023860851,0.872787856,0.046263218,0.872787856,0.046263218,0.970930233,0.003677067,0.898937477,0.028075996,0.859034816,0.036865136,0.893940735,0.090855694
klebsiella_meropenem_phenotypeseeker_train,LogReg (L1),1000,"[{'clf__C': 1}, {'clf__C': 1}, {'clf__C': 1}, {'clf__C': 1}, {'clf__C': 1}]","[0.7043107973941175, 0.6069684874157251, 0.7982330159077966, 0.5471779880386233, 0.5029297264082483]",0.606968487,64.6,3.072458299,5.6,1.356465997,166.4,1.356465997,9.2,3.18747549,0.949483934,0.011881583,0.939790941,0.009395642,0.921429186,0.018607512,0.875416512,0.042897877,0.875416512,0.042897877,0.96744186,0.00788643,0.896742002,0.019102392,0.855659424,0.023304872,0.631924003,0.107091292
klebsiella_meropenem_phenotypeseeker_train,KNN,1000,"[{'clf__n_neighbors': 3, 'clf__p': 1, 'clf__weights': 'distance'}, {'clf__n_neighbors': 3, 'clf__p': 1, 'clf__weights': 'distance'}, {'clf__n_neighbors': 7, 'clf__p': 1, 'clf__weights': 'distance'}, {'clf__n_neighbors': 7, 'clf__p': 1, 'clf__weights': 'distance'}, {'clf__n_neighbors': 5, 'clf__p': 1, 'clf__weights': 'distance'}]","[0.4677494199535963, 0.5263157894736842, 0.6063389986219567, 0.5045666390235589, 0.4637223974763407]",0.504566639,63,1.897366596,8,1.788854382,164,1.788854382,10.8,1.939071943,0.925746601,0.020400849,0.923524141,0.013413119,0.903586096,0.016530276,0.853683821,0.026061002,0.853683821,0.026061002,0.953488372,0.010400316,0.870166471,0.022776897,0.816427317,0.032243981,0.513738649,0.051833907
klebsiella_meropenem_phenotypeseeker_train,BernoulliNB,1000,"[{'clf__alpha': 0.01, 'clf__binarize': None}, {'clf__alpha': 0.01, 'clf__binarize': None}, {'clf__alpha': 0.01, 'clf__binarize': None}, {'clf__alpha': 0.01, 'clf__binarize': None}, {'clf__alpha': 0.01, 'clf__binarize': None}]","[1.0, 1.0, 1.0, 1.0, 1.0]",1,66.2,2.561249695,71.2,7.782030583,100.8,7.782030583,7.6,2.576819745,0.75225993,0.031283275,0.679425917,0.03789649,0.741542323,0.034748916,0.897038134,0.034765355,0.897038134,0.034765355,0.586046512,0.045244364,0.627726586,0.035050865,0.446418854,0.062037902,1,0
klebsiella_meropenem_pointfinder_train,Balanced Random Forest,54,"[{'clf__max_depth': None, 'clf__min_samples_leaf': 1, 'clf__min_samples_split': 5, 'clf__n_estimators': 200}, {'clf__max_depth': None, 'clf__min_samples_leaf': 1, 'clf__min_samples_split': 10, 'clf__n_estimators': 200}, {'clf__max_depth': None, 'clf__min_samples_leaf': 1, 'clf__min_samples_split': 5, 'clf__n_estimators': 200}, {'clf__max_depth': 10, 'clf__min_samples_leaf': 1, 'clf__min_samples_split': 2, 'clf__n_estimators': 500}, {'clf__max_depth': None, 'clf__min_samples_leaf': 1, 'clf__min_samples_split': 5, 'clf__n_estimators': 500}]","[0.5547858282077665, 0.5517871409825219, 0.3906632678003236, 0.4177245405179617, 0.5646373077916532]",0.551787141,64.4,2.870540019,61.6,5.535341001,110.4,5.535341001,9.4,3.136877428,0.820447961,0.01782204,0.711159781,0.021500343,0.757324161,0.021578477,0.872787856,0.042131405,0.872787856,0.042131405,0.641860465,0.032182215,0.6447632,0.021282269,0.472709977,0.039134818,0.495919617,0.075500862
klebsiella_meropenem_pointfinder_train,RBF SVM,54,"[{'clf__C': 100, 'clf__gamma': 'auto'}, {'clf__C': 10, 'clf__gamma': 'scale'}, {'clf__C': 10, 'clf__gamma': 0.1}, {'clf__C': 1, 'clf__gamma': 1}, {'clf__C': 1, 'clf__gamma': 1}]","[0.4889971752315005, 0.3750328332535205, 0.4548673358074274, 0.4628979757057488, 0.4500384576907849]",0.454867336,64,3.033150178,60.8,4.354308211,111.2,4.354308211,9.8,3.310589071,0.744271071,0.043133447,0.712785797,0.01793147,0.756947039,0.021383978,0.867382451,0.044470022,0.867382451,0.044470022,0.646511628,0.025315745,0.644426774,0.020837839,0.471740308,0.038964777,0.446366756,0.038117984
klebsiella_meropenem_pointfinder_train,Random Forest,54,"[{'clf__max_depth': None, 'clf__min_samples_leaf': 1, 'clf__min_samples_split': 10, 'clf__n_estimators': 200}, {'clf__max_depth': None, 'clf__min_samples_leaf': 1, 'clf__min_samples_split': 10, 'clf__n_estimators': 200}, {'clf__max_depth': None, 'clf__min_samples_leaf': 1, 'clf__min_samples_split': 2, 'clf__n_estimators': 200}, {'clf__max_depth': 10, 'clf__min_samples_leaf': 1, 'clf__min_samples_split': 10, 'clf__n_estimators': 200}, {'clf__max_depth': 10, 'clf__min_samples_leaf': 1, 'clf__min_samples_split': 10, 'clf__n_estimators': 200}]","[0.5322378753877703, 0.5443185863071753, 0.3525263349271542, 0.5546687171539237, 0.5607694893486578]",0.544318586,64,3.033150178,61,5.059644256,111,5.059644256,9.8,3.310589071,0.819448223,0.019011317,0.711972789,0.020630349,0.756365644,0.022516504,0.867382451,0.044470022,0.867382451,0.044470022,0.645348837,0.029416536,0.643885151,0.022176469,0.470792033,0.041031422,0.508904201,0.07878715
klebsiella_meropenem_pointfinder_train,HistGB,54,"[{'clf__l2_regularization': 1.0, 'clf__learning_rate': 0.1, 'clf__max_depth': 3, 'clf__max_leaf_nodes': 31, 'clf__min_samples_leaf': 50}, {'clf__l2_regularization': 0.0, 'clf__learning_rate': 0.05, 'clf__max_depth': 6, 'clf__max_leaf_nodes': 31, 'clf__min_samples_leaf': 10}, {'clf__l2_regularization': 0.0, 'clf__learning_rate': 0.1, 'clf__max_depth': 3, 'clf__max_leaf_nodes': 31, 'clf__min_samples_leaf': 50}, {'clf__l2_regularization': 0.0, 'clf__learning_rate': 0.1, 'clf__max_depth': 3, 'clf__max_leaf_nodes': 31, 'clf__min_samples_leaf': 50}, {'clf__l2_regularization': 0.0, 'clf__learning_rate': 0.1, 'clf__max_depth': 3, 'clf__max_leaf_nodes': 31, 'clf__min_samples_leaf': 50}]","[0.3313988228637923, 0.3775749413138151, 0.3521594154043358, 0.35590696910158987, 0.3352751780296621]",0.352159415,63.8,3.42928564,61.4,5.083306011,110.6,5.083306011,10,3.687817783,0.813735761,0.027003421,0.709533765,0.022475911,0.753851502,0.025852758,0.864679748,0.049585138,0.864679748,0.049585138,0.643023256,0.029554105,0.641154143,0.025604614,0.466188692,0.047057035,0.350463065,0.016502635
klebsiella_meropenem_pointfinder_train,Extra Trees,54,"[{'clf__max_depth': None, 'clf__min_samples_leaf': 1, 'clf__min_samples_split': 2, 'clf__n_estimators': 200}, {'clf__max_depth': None, 'clf__min_samples_leaf': 1, 'clf__min_samples_split': 2, 'clf__n_estimators': 200}, {'clf__max_depth': None, 'clf__min_samples_leaf': 1, 'clf__min_samples_split': 2, 'clf__n_estimators': 500}, {'clf__max_depth': None, 'clf__min_samples_leaf': 1, 'clf__min_samples_split': 2, 'clf__n_estimators': 500}, {'clf__max_depth': None, 'clf__min_samples_leaf': 1, 'clf__min_samples_split': 10, 'clf__n_estimators': 200}]","[0.5559331157689325, 0.5571170416331563, 0.5331313446408003, 0.5844023274014117, 0.5656008820286619]",0.557117042,58.8,12.17209924,51.4,18.83188785,120.6,18.83188785,15,12.32882801,0.816355592,0.016524394,0.729858968,0.031149353,0.749137486,0.033615404,0.797112181,0.166455978,0.797112181,0.166455978,0.701162791,0.10948772,0.633577336,0.038956815,0.474639213,0.037743591,0.559236942,0.016557221
klebsiella_meropenem_pointfinder_train,Gradient Boosting,54,"[{'clf__learning_rate': 0.1, 'clf__max_depth': 3, 'clf__n_estimators': 500}, {'clf__learning_rate': 0.05, 'clf__max_depth': 3, 'clf__n_estimators': 100}, {'clf__learning_rate': 0.01, 'clf__max_depth': 3, 'clf__n_estimators': 500}, {'clf__learning_rate': 0.1, 'clf__max_depth': 2, 'clf__n_estimators': 500}, {'clf__learning_rate': 0.05, 'clf__max_depth': 2, 'clf__n_estimators': 100}]","[0.35022656256927276, 0.36089693829132524, 0.3559754532613476, 0.320246840603237, 0.3405464165776984]",0.350226563,64.2,3.18747549,65.4,3.929376541,106.6,3.929376541,9.6,3.498571137,0.80955148,0.013697043,0.694873071,0.015433773,0.744944809,0.020621953,0.870122177,0.047041277,0.870122177,0.047041277,0.619767442,0.022845212,0.63106035,0.019867883,0.45040794,0.038569793,0.345578442,0.014362246
klebsiella_meropenem_pointfinder_train,Decision Tree,54,"[{'clf__max_depth': 10, 'clf__min_samples_leaf': 1, 'clf__min_samples_split': 2}, {'clf__max_depth': None, 'clf__min_samples_leaf': 1, 'clf__min_samples_split': 2}, {'clf__max_depth': None, 'clf__min_samples_leaf': 10, 'clf__min_samples_split': 2}, {'clf__max_depth': None, 'clf__min_samples_leaf': 1, 'clf__min_samples_split': 20}, {'clf__max_depth': 5, 'clf__min_samples_leaf': 1, 'clf__min_samples_split': 10}]","[0.5559331157689303, 0.5843270032876998, 0.5837858602084841, 0.5844023274014094, 0.5657026801833052]",0.58378586,53,15.37530488,41.2,22.61327044,130.8,22.61327044,20.8,15.57433787,0.817465538,0.014544107,0.74773851,0.029087422,0.739599459,0.039613371,0.718733802,0.210276468,0.718733802,0.210276468,0.760465116,0.131472503,0.620193924,0.048911498,0.476406328,0.029163344,0.574830197,0.01185268
klebsiella_meropenem_pointfinder_train,KNN,54,"[{'clf__n_neighbors': 11, 'clf__p': 1, 'clf__weights': 'distance'}, {'clf__n_neighbors': 5, 'clf__p': 1, 'clf__weights': 'distance'}, {'clf__n_neighbors': 5, 'clf__p': 1, 'clf__weights': 'uniform'}, {'clf__n_neighbors': 15, 'clf__p': 1, 'clf__weights': 'distance'}, {'clf__n_neighbors': 15, 'clf__p': 1, 'clf__weights': 'distance'}]","[0.36363636363636365, 0.6, 0.6, 0.5, 0.6]",0.6,42.4,12.6427845,24.2,18.47593029,147.8,18.47593029,31.4,12.56343902,0.803831591,0.025006054,0.773811183,0.025690792,0.716822581,0.032974505,0.574342836,0.170284378,0.574342836,0.170284378,0.859302326,0.107418199,0.595714213,0.043063065,0.466130537,0.027501328,0.532727273,0.092994268
klebsiella_meropenem_pointfinder_train,LogReg (L2),54,"[{'clf__C': 100}, {'clf__C': 10}, {'clf__C': 10}, {'clf__C': 100}, {'clf__C': 1}]","[0.5543540946320543, 0.5733171024520207, 0.5564770934211632, 0.5637542752322428, 0.5419848814145485]",0.556477093,49.2,14.1336478,41.2,27.44011662,130.8,27.44011662,24.6,14.43052321,0.791268845,0.032680117,0.732271445,0.059090302,0.713960807,0.033344513,0.667456498,0.194840873,0.667456498,0.194840873,0.760465116,0.159535562,0.594661807,0.040214435,0.435818943,0.059211946,0.557977489,0.01039056
klebsiella_meropenem_pointfinder_train,SGD Logistic,54,"[{'clf__alpha': 0.01}, {'clf__alpha': 0.01}, {'clf__alpha': 0.01}, {'clf__alpha': 1e-05}, {'clf__alpha': 0.001}]","[0.39672317787824524, 0.5432975194824776, 0.4707374321111307, 0.9999999873343043, 0.514731781958508]",0.514731782,65.8,3.6,80.2,3.42928564,91.8,3.42928564,8,3.847076812,0.789626581,0.028745131,0.641197943,0.016414934,0.712750876,0.024281197,0.891780822,0.051843443,0.891780822,0.051843443,0.53372093,0.019937707,0.598439679,0.021832433,0.397879339,0.04707097,0.58509798,0.213263104
klebsiella_meropenem_pointfinder_train,LogReg (L1),54,"[{'clf__C': 10}, {'clf__C': 100}, {'clf__C': 10}, {'clf__C': 100}, {'clf__C': 10}]","[0.5536832249877477, 0.5750279946779486, 0.5568506500510754, 0.5703860930181207, 0.5422968049404396]",0.55685065,44,13.31164903,30.2,18.95679298,141.8,18.95679298,29.8,13.70255451,0.790458207,0.032755317,0.755865273,0.032509124,0.710802416,0.045690519,0.597186227,0.184952426,0.597186227,0.184952426,0.824418605,0.110213913,0.586362263,0.058025207,0.437472102,0.074626145,0.559648954,0.011801005
klebsiella_meropenem_pointfinder_train,Linear SVM,54,"[{'clf__C': 0.1}, {'clf__C': 0.1}, {'clf__C': 0.01}, {'clf__C': 100}, {'clf__C': 10}]","[0.1205713984094322, 0.13342719886807103, 0.11323422834235725, 0.13605541023694961, 0.08463216471161475]",0.120571398,54.4,14.44437607,55.4,22.70330372,116.6,22.70330372,19.4,14.66424222,0.788952089,0.030087983,0.695699353,0.040351123,0.707816872,0.0419612,0.737726768,0.198041304,0.737726768,0.198041304,0.677906977,0.131995952,0.584223214,0.050349756,0.4000122,0.063270935,0.11758408,0.018470888
klebsiella_meropenem_pointfinder_train,AdaBoost,54,"[{'clf__learning_rate': 0.5, 'clf__n_estimators': 500}, {'clf__learning_rate': 0.5, 'clf__n_estimators': 100}, {'clf__learning_rate': 0.1, 'clf__n_estimators': 500}, {'clf__learning_rate': 0.5, 'clf__n_estimators': 200}, {'clf__learning_rate': 0.5, 'clf__n_estimators': 100}]","[0.5066279079628044, 0.43890475431363285, 0.4310973662763136, 0.4582502953369956, 0.4376529410244003]",0.438904754,48.2,12.99846145,45.8,30.26152673,126.2,30.26152673,25.6,12.86234815,0.792158158,0.027886782,0.709556994,0.071795208,0.693258096,0.014289216,0.652795261,0.174653805,0.652795261,0.174653805,0.73372093,0.175939109,0.573296057,0.020564291,0.395416615,0.051566112,0.454506653,0.027590222
klebsiella_meropenem_pointfinder_train,BernoulliNB,54,"[{'clf__alpha': 1.0, 'clf__binarize': None}, {'clf__alpha': 0.01, 'clf__binarize': None}, {'clf__alpha': 0.01, 'clf__binarize': None}, {'clf__alpha': 1.0, 'clf__binarize': None}, {'clf__alpha': 1.0, 'clf__binarize': None}]","[0.9961809200503832, 0.6785808054665988, 0.5770247417395961, 0.7580401803244977, 0.9956617730801472]",0.75804018,30.6,15.3961034,25,14.33875866,147,14.33875866,43.2,15.48418548,0.745904618,0.020818918,0.722578397,0.027646141,0.63476727,0.069163025,0.414883377,0.208642101,0.414883377,0.208642101,0.854651163,0.083364876,0.428049501,0.214958324,0.276883302,0.145016176,0.801097684,0.169106872
klebsiella_meropenem_pointfinder+cdhit_train,Linear SVM,156,"[{'clf__C': 0.1}, {'clf__C': 0.1}, {'clf__C': 0.1}, {'clf__C': 1}, {'clf__C': 1}]","[0.28490743692743825, -0.06031533977054886, -0.25639491095990735, 0.29960177530478427, 0.03456479725255568]",0.034564797,66.4,3.498571137,6.2,1.939071943,167.8,1.939071943,8.2,3.762977544,0.956866729,0.014045746,0.942097422,0.012522819,0.927319043,0.022330501,0.89027027,0.049933776,0.89027027,0.049933776,0.964367816,0.011144092,0.901700895,0.023474782,0.861923275,0.030742415,0.060472752,0.211291135
klebsiella_meropenem_pointfinder+cdhit_train,AdaBoost,156,"[{'clf__learning_rate': 1.0, 'clf__n_estimators': 200}, {'clf__learning_rate': 1.0, 'clf__n_estimators': 500}, {'clf__learning_rate': 1.0, 'clf__n_estimators': 200}, {'clf__learning_rate': 1.0, 'clf__n_estimators': 500}, {'clf__learning_rate': 1.0, 'clf__n_estimators': 500}]","[0.49424478587948395, 0.48065465860258505, 0.504798538987576, 0.47937704058896835, 0.5003283629330604]",0.494244786,65.8,3.762977544,5,1.673320053,169,1.673320053,8.8,4.06939799,0.957330434,0.019085123,0.944513538,0.017432237,0.926767319,0.027249554,0.88227027,0.053978758,0.88227027,0.053978758,0.971264368,0.009616782,0.904506522,0.032112941,0.866880099,0.042774852,0.491880677,0.010258538
klebsiella_meropenem_pointfinder+cdhit_train,HistGB,156,"[{'clf__l2_regularization': 1.0, 'clf__learning_rate': 0.1, 'clf__max_depth': 3, 'clf__max_leaf_nodes': 31, 'clf__min_samples_leaf': 10}, {'clf__l2_regularization': 1.0, 'clf__learning_rate': 0.1, 'clf__max_depth': 6, 'clf__max_leaf_nodes': 31, 'clf__min_samples_leaf': 10}, {'clf__l2_regularization': 0.0, 'clf__learning_rate': 0.1, 'clf__max_depth': 3, 'clf__max_leaf_nodes': 31, 'clf__min_samples_leaf': 50}, {'clf__l2_regularization': 0.0, 'clf__learning_rate': 0.05, 'clf__max_depth': 3, 'clf__max_leaf_nodes': 31, 'clf__min_samples_leaf': 10}, {'clf__l2_regularization': 1.0, 'clf__learning_rate': 0.1, 'clf__max_depth': 3, 'clf__max_leaf_nodes': 31, 'clf__min_samples_leaf': 10}]","[0.4830732034103189, 0.4251473774025287, 0.17282109228289383, 0.3733621488785741, 0.7009463808683736]",0.425147377,65.6,3.261901286,4.6,1.959591794,169.4,1.959591794,9,3.521363372,0.955817335,0.016958267,0.945316751,0.013514675,0.926547375,0.021986086,0.879531532,0.046750782,0.879531532,0.046750782,0.973563218,0.011262022,0.905715741,0.025074593,0.869001449,0.033113435,0.431070041,0.170643116
klebsiella_meropenem_pointfinder+cdhit_train,LogReg (L1),156,"[{'clf__C': 10}, {'clf__C': 1}, {'clf__C': 1}, {'clf__C': 10}, {'clf__C': 1}]","[0.5408358002518026, 0.3544450495286153, 0.38654204033251616, 0.6115298032798007, 0.5134285158008766]",0.513428516,66.8,3.370459909,7.8,3.059411708,166.2,3.059411708,7.8,3.6,0.955265818,0.016906526,0.937271667,0.012250273,0.925388009,0.01998393,0.895603604,0.04779411,0.895603604,0.04779411,0.955172414,0.017582826,0.895243578,0.021594002,0.851870494,0.029634384,0.481356242,0.096548214
klebsiella_meropenem_pointfinder+cdhit_train,LogReg (L2),156,"[{'clf__C': 0.1}, {'clf__C': 10}, {'clf__C': 1}, {'clf__C': 10}, {'clf__C': 10}]","[0.5179640413890243, 0.6340155561432704, 0.34833015684259105, 0.6722187182938258, 0.508926289418235]",0.517964041,66.4,3.2,7.2,2.039607805,166.8,2.039607805,8.2,3.487119155,0.958275655,0.012431539,0.938078119,0.018358574,0.92444548,0.025642761,0.89027027,0.046236636,0.89027027,0.046236636,0.95862069,0.011721884,0.895817897,0.032024707,0.852285154,0.04474048,0.536290952,0.113525695
klebsiella_meropenem_pointfinder+cdhit_train,RBF SVM,156,"[{'clf__C': 10, 'clf__gamma': 'auto'}, {'clf__C': 100, 'clf__gamma': 'auto'}, {'clf__C': 10, 'clf__gamma': 'auto'}, {'clf__C': 10, 'clf__gamma': 0.01}, {'clf__C': 100, 'clf__gamma': 'auto'}]","[0.24971021307094915, 0.3367373348865201, 0.21232273627963408, 0.22802916740336218, 0.5567505484707134]",0.249710213,66.4,2.870540019,7.2,2.925747768,166.8,2.925747768,8.2,3.12409987,0.961099099,0.014229076,0.938071641,0.009938832,0.924427462,0.01633403,0.890234234,0.041445891,0.890234234,0.041445891,0.95862069,0.016814642,0.895993025,0.017136183,0.853193147,0.023440578,0.31671,0.127491585
klebsiella_meropenem_pointfinder+cdhit_train,SGD Logistic,156,"[{'clf__alpha': 0.01}, {'clf__alpha': 0.01}, {'clf__alpha': 0.001}, {'clf__alpha': 0.001}, {'clf__alpha': 0.001}]","[0.5389165722607491, 0.460922569953036, 0.5911445159983033, 0.7151960598652233, 0.8021989517146152]",0.591144516,65.6,3.440930107,5.4,2.416609195,168.6,2.416609195,9,3.687817783,0.961165579,0.013931305,0.942103899,0.016895394,0.924248524,0.024768161,0.879531532,0.04897927,0.879531532,0.04897927,0.968965517,0.013888559,0.900813047,0.030126976,0.861419678,0.041524575,0.621675734,0.122439779
klebsiella_meropenem_pointfinder+cdhit_train,Gradient Boosting,156,"[{'clf__learning_rate': 0.01, 'clf__max_depth': 2, 'clf__n_estimators': 500}, {'clf__learning_rate': 0.1, 'clf__max_depth': 2, 'clf__n_estimators': 200}, {'clf__learning_rate': 0.2, 'clf__max_depth': 1, 'clf__n_estimators': 100}, {'clf__learning_rate': 0.01, 'clf__max_depth': 1, 'clf__n_estimators': 500}, {'clf__learning_rate': 0.05, 'clf__max_depth': 1, 'clf__n_estimators': 200}]","[0.6549961132158595, 0.5039953261576028, 0.15887212241040755, 0.590732384789806, 0.22333299458631803]",0.503995326,65.4,4.363484846,5.4,1.019803903,168.6,1.019803903,9.2,4.707440918,0.951557419,0.016209169,0.941300687,0.019875259,0.922969245,0.031794399,0.876972973,0.062460587,0.876972973,0.062460587,0.968965517,0.005860942,0.898660866,0.037273749,0.858899691,0.048754657,0.426385788,0.19904257
klebsiella_meropenem_pointfinder+cdhit_train,Decision Tree,156,"[{'clf__max_depth': 2, 'clf__min_samples_leaf': 1, 'clf__min_samples_split': 2}, {'clf__max_depth': 10, 'clf__min_samples_leaf': 1, 'clf__min_samples_split': 2}, {'clf__max_depth': 3, 'clf__min_samples_leaf': 2, 'clf__min_samples_split': 2}, {'clf__max_depth': 2, 'clf__min_samples_leaf': 5, 'clf__min_samples_split': 2}, {'clf__max_depth': 2, 'clf__min_samples_leaf': 2, 'clf__min_samples_split': 2}]","[0.9425420777713291, 0.5382830626450116, 0.7009063444108761, 0.7312021611886537, 0.6987951807228915]",0.700906344,65.4,4.223742416,5.4,2.244994432,168.6,2.244994432,9.2,4.53431362,0.936434089,0.025415713,0.941303925,0.0183534,0.922951227,0.029277843,0.876936937,0.060171332,0.876936937,0.060171332,0.968965517,0.012902267,0.898903471,0.034081699,0.8594695,0.044928877,0.722345765,0.129196137
klebsiella_meropenem_pointfinder+cdhit_train,Extra Trees,156,"[{'clf__max_depth': 10, 'clf__min_samples_leaf': 1, 'clf__min_samples_split': 2, 'clf__n_estimators': 200}, {'clf__max_depth': 10, 'clf__min_samples_leaf': 1, 'clf__min_samples_split': 2, 'clf__n_estimators': 500}, {'clf__max_depth': 10, 'clf__min_samples_leaf': 1, 'clf__min_samples_split': 2, 'clf__n_estimators': 200}, {'clf__max_depth': 5, 'clf__min_samples_leaf': 1, 'clf__min_samples_split': 2, 'clf__n_estimators': 200}, {'clf__max_depth': None, 'clf__min_samples_leaf': 2, 'clf__min_samples_split': 2, 'clf__n_estimators': 500}]","[0.5020847804609744, 0.3231119317314415, 0.596834952551763, 0.510742679662348, 0.433902626254066]",0.50208478,66.4,4.498888752,8.2,4.578209257,165.8,4.578209257,8.2,4.79165942,0.949582686,0.020541869,0.934062055,0.017066879,0.921607953,0.026315457,0.890342342,0.063642904,0.890342342,0.063642904,0.952873563,0.026311547,0.889777845,0.029172045,0.845451271,0.039077574,0.473335394,0.091214039
klebsiella_meropenem_pointfinder+cdhit_train,Balanced Random Forest,156,"[{'clf__max_depth': 10, 'clf__min_samples_leaf': 1, 'clf__min_samples_split': 5, 'clf__n_estimators': 200}, {'clf__max_depth': None, 'clf__min_samples_leaf': 1, 'clf__min_samples_split': 10, 'clf__n_estimators': 200}, {'clf__max_depth': None, 'clf__min_samples_leaf': 2, 'clf__min_samples_split': 2, 'clf__n_estimators': 500}, {'clf__max_depth': 10, 'clf__min_samples_leaf': 1, 'clf__min_samples_split': 10, 'clf__n_estimators': 200}, {'clf__max_depth': None, 'clf__min_samples_leaf': 2, 'clf__min_samples_split': 2, 'clf__n_estimators': 200}]","[0.4977772436127241, 0.43644047619047627, 0.3879553785057587, 0.40496223582988294, 0.45120804371040824]",0.436440476,66.2,4.019950248,8.4,2.576819745,165.6,2.576819745,8.4,4.317406629,0.959163301,0.014518408,0.932449151,0.01741069,0.919681889,0.027442942,0.88763964,0.057299518,0.88763964,0.057299518,0.951724138,0.014809309,0.886862811,0.031595112,0.839967978,0.043142945,0.435668676,0.038259603
klebsiella_meropenem_pointfinder+cdhit_train,Random Forest,156,"[{'clf__max_depth': 10, 'clf__min_samples_leaf': 1, 'clf__min_samples_split': 10, 'clf__n_estimators': 200}, {'clf__max_depth': 20, 'clf__min_samples_leaf': 1, 'clf__min_samples_split': 10, 'clf__n_estimators': 200}, {'clf__max_depth': 5, 'clf__min_samples_leaf': 1, 'clf__min_samples_split': 10, 'clf__n_estimators': 200}, {'clf__max_depth': 10, 'clf__min_samples_leaf': 1, 'clf__min_samples_split': 5, 'clf__n_estimators': 500}, {'clf__max_depth': None, 'clf__min_samples_leaf': 1, 'clf__min_samples_split': 10, 'clf__n_estimators': 500}]","[0.4868599349601322, 0.3588184041141701, 0.534261878156082, 0.41476498673589046, 0.3518894688489761]",0.414764987,66,5.329165038,9,3.16227766,165,3.16227766,8.6,5.642694392,0.955324117,0.015645238,0.929233061,0.017067416,0.916660454,0.032198879,0.885045045,0.075001372,0.885045045,0.075001372,0.948275862,0.01817401,0.881191965,0.033002046,0.833422469,0.043216547,0.429318935,0.071416318
klebsiella_meropenem_pointfinder+cdhit_train,KNN,156,"[{'clf__n_neighbors': 9, 'clf__p': 1, 'clf__weights': 'distance'}, {'clf__n_neighbors': 5, 'clf__p': 1, 'clf__weights': 'distance'}, {'clf__n_neighbors': 7, 'clf__p': 1, 'clf__weights': 'distance'}, {'clf__n_neighbors': 7, 'clf__p': 1, 'clf__weights': 'uniform'}, {'clf__n_neighbors': 3, 'clf__p': 1, 'clf__weights': 'distance'}]","[0.5263157894736843, 0.5454545454545455, 0.32584269662921345, 0.42857142857142855, 0.5714285714285715]",0.526315789,62.4,4.630334761,6.2,1.939071943,167.8,1.939071943,12.2,4.955804677,0.931635394,0.01672693,0.926010494,0.015687967,0.900562286,0.029346838,0.836756757,0.065649706,0.836756757,0.065649706,0.964367816,0.011144092,0.870384843,0.0328953,0.821985305,0.038840736,0.479522606,0.090770993
klebsiella_meropenem_pointfinder+cdhit_train,BernoulliNB,156,"[{'clf__alpha': 1.0, 'clf__binarize': None}, {'clf__alpha': 1.0, 'clf__binarize': None}, {'clf__alpha': 0.01, 'clf__binarize': None}, {'clf__alpha': 0.1, 'clf__binarize': None}, {'clf__alpha': 0.1, 'clf__binarize': None}]","[0.33716475934009527, 0.6191819081230052, 0.6457947954438146, 0.7242217534076586, 0.23252084328193323]",0.619181908,66.2,2.227105745,24,5.692099788,150,5.692099788,8.4,2.332380758,0.903857927,0.021947882,0.86966576,0.028088053,0.874764212,0.026763908,0.887459459,0.030904047,0.887459459,0.030904047,0.862068966,0.032713217,0.804192478,0.03806208,0.715541587,0.056390774,0.511776812,0.191364988
klebsiella_meropenem_pointfinder+cdhit+phenotypeseeker_train,Gradient Boosting,1156,"[{'clf__learning_rate': 0.1, 'clf__max_depth': 1, 'clf__n_estimators': 500}, {'clf__learning_rate': 0.2, 'clf__max_depth': 2, 'clf__n_estimators': 100}, {'clf__learning_rate': 0.2, 'clf__max_depth': 1, 'clf__n_estimators': 500}, {'clf__learning_rate': 0.05, 'clf__max_depth': 2, 'clf__n_estimators': 200}, {'clf__learning_rate': 0.2, 'clf__max_depth': 1, 'clf__n_estimators': 500}]","[0.3439004774143971, 0.5679921747583231, 0.5723399431938383, 0.47233053071678877, 0.6154611409212868]",0.567992175,68.2,1.6,4,2.19089023,174,2.19089023,8,1.549193338,0.961699832,0.012477396,0.952802223,0.010803458,0.936269171,0.012120847,0.895010253,0.020391456,0.895010253,0.020391456,0.97752809,0.012308372,0.919264017,0.017761395,0.886905156,0.025845007,0.514404853,0.097244475
klebsiella_meropenem_pointfinder+cdhit+phenotypeseeker_train,LogReg (L1),1156,"[{'clf__C': 1}, {'clf__C': 1}, {'clf__C': 1}, {'clf__C': 1}, {'clf__C': 1}]","[0.7813399778304281, 0.7942097054009922, 0.7754903983392646, 0.6791894910508645, 0.44928604115342285]",0.775490398,67.8,1.720465053,4.4,2.653299832,173.6,2.653299832,8.4,1.743559577,0.962895332,0.007991427,0.949646441,0.005781288,0.932531085,0.0063238,0.889781271,0.022843765,0.889781271,0.022843765,0.975280899,0.014906179,0.913862775,0.008680926,0.879731674,0.013643919,0.695903123,0.129920826
klebsiella_meropenem_pointfinder+cdhit+phenotypeseeker_train,Linear SVM,1156,"[{'clf__C': 0.01}, {'clf__C': 0.01}, {'clf__C': 0.01}, {'clf__C': 0.01}, {'clf__C': 0.01}]","[0.1327545505427809, 0.13220749560705558, 0.1352289414419214, 0.023187763768616934, 0.06507991262470675]",0.132207496,67.8,1.326649916,4.8,2.13541565,173.2,2.13541565,8.4,1.356465997,0.957596174,0.008497352,0.948074726,0.01066843,0.93140749,0.01149212,0.889781271,0.017722341,0.889781271,0.017722341,0.973033708,0.011996717,0.911406873,0.017589134,0.875465303,0.025624552,0.097691733,0.045703727
klebsiella_meropenem_pointfinder+cdhit+phenotypeseeker_train,Random Forest,1156,"[{'clf__max_depth': None, 'clf__min_samples_leaf': 1, 'clf__min_samples_split': 10, 'clf__n_estimators': 500}, {'clf__max_depth': 10, 'clf__min_samples_leaf': 1, 'clf__min_samples_split': 10, 'clf__n_estimators': 500}, {'clf__max_depth': 10, 'clf__min_samples_leaf': 2, 'clf__min_samples_split': 2, 'clf__n_estimators': 200}, {'clf__max_depth': 10, 'clf__min_samples_leaf': 1, 'clf__min_samples_split': 2, 'clf__n_estimators': 500}, {'clf__max_depth': 10, 'clf__min_samples_leaf': 1, 'clf__min_samples_split': 5, 'clf__n_estimators': 500}]","[0.5020878691740744, 0.5006532063984193, 0.5132642588038769, 0.5987818587713974, 0.5025953956983773]",0.502595396,67,1.897366596,3.4,1.624807681,174.6,1.624807681,9.2,1.833030278,0.957249514,0.008461956,0.950433843,0.008099392,0.930076916,0.011563557,0.879254956,0.02416019,0.879254956,0.02416019,0.980898876,0.009128133,0.913992284,0.014346916,0.880968826,0.01995471,0.523476518,0.037919873
klebsiella_meropenem_pointfinder+cdhit+phenotypeseeker_train,Extra Trees,1156,"[{'clf__max_depth': None, 'clf__min_samples_leaf': 2, 'clf__min_samples_split': 10, 'clf__n_estimators': 200}, {'clf__max_depth': 10, 'clf__min_samples_leaf': 5, 'clf__min_samples_split': 2, 'clf__n_estimators': 200}, {'clf__max_depth': 10, 'clf__min_samples_leaf': 2, 'clf__min_samples_split': 2, 'clf__n_estimators': 200}, {'clf__max_depth': 10, 'clf__min_samples_leaf': 1, 'clf__min_samples_split': 10, 'clf__n_estimators': 200}, {'clf__max_depth': 10, 'clf__min_samples_leaf': 1, 'clf__min_samples_split': 10, 'clf__n_estimators': 200}]","[0.6082111824825311, 0.5033394651065569, 0.5196306499490769, 0.6177845415389678, 0.5151631522392184]",0.51963065,67.2,1.720465053,4,2.28035085,174,2.28035085,9,1.673320053,0.955980765,0.009713516,0.94885904,0.008978118,0.929707312,0.010515293,0.881886535,0.022025962,0.881886535,0.022025962,0.97752809,0.01281096,0.911871363,0.01494054,0.877400269,0.021878685,0.552825798,0.049510542
klebsiella_meropenem_pointfinder+cdhit+phenotypeseeker_train,Balanced Random Forest,1156,"[{'clf__max_depth': None, 'clf__min_samples_leaf': 2, 'clf__min_samples_split': 2, 'clf__n_estimators': 200}, {'clf__max_depth': None, 'clf__min_samples_leaf': 2, 'clf__min_samples_split': 5, 'clf__n_estimators': 200}, {'clf__max_depth': None, 'clf__min_samples_leaf': 1, 'clf__min_samples_split': 10, 'clf__n_estimators': 500}, {'clf__max_depth': None, 'clf__min_samples_leaf': 1, 'clf__min_samples_split': 5, 'clf__n_estimators': 500}, {'clf__max_depth': None, 'clf__min_samples_leaf': 1, 'clf__min_samples_split': 5, 'clf__n_estimators': 200}]","[0.44117417597022857, 0.5185654761904763, 0.5436412698412699, 0.45683333333333326, 0.51125]",0.51125,67.4,2.059126028,4.6,2.939387691,173.4,2.939387691,8.8,1.939071943,0.955365591,0.010721276,0.947299676,0.011212468,0.92932062,0.012304654,0.884483937,0.02563249,0.884483937,0.02563249,0.974157303,0.016513414,0.909783437,0.017790859,0.874021434,0.026014958,0.494292851,0.038824685
klebsiella_meropenem_pointfinder+cdhit+phenotypeseeker_train,LogReg (L2),1156,"[{'clf__C': 0.1}, {'clf__C': 0.1}, {'clf__C': 0.1}, {'clf__C': 0.1}, {'clf__C': 0.1}]","[0.629143348019321, 0.6721349220075878, 0.5567579640877258, 0.5227818229104618, 0.6161091925654787]",0.616109193,67.2,1.469693846,4.4,2.059126028,173.6,2.059126028,9,1.414213562,0.954126506,0.006873797,0.947287324,0.011014694,0.928583717,0.012213311,0.881886535,0.018618239,0.881886535,0.018618239,0.975280899,0.011568124,0.909425158,0.018361799,0.873354343,0.02642967,0.59938545,0.053184434
klebsiella_meropenem_pointfinder+cdhit+phenotypeseeker_train,Decision Tree,1156,"[{'clf__max_depth': 3, 'clf__min_samples_leaf': 10, 'clf__min_samples_split': 2}, {'clf__max_depth': 5, 'clf__min_samples_leaf': 2, 'clf__min_samples_split': 20}, {'clf__max_depth': 5, 'clf__min_samples_leaf': 1, 'clf__min_samples_split': 2}, {'clf__max_depth': 5, 'clf__min_samples_leaf': 2, 'clf__min_samples_split': 10}, {'clf__max_depth': None, 'clf__min_samples_leaf': 5, 'clf__min_samples_split': 20}]","[0.7016248153618907, 0.6991150442477876, 0.700589970501475, 0.6991150442477876, 0.7770491803278687]",0.700589971,67.6,3.2,5.6,1.356465997,172.4,1.356465997,8.6,3.382306905,0.940078778,0.031076248,0.944156245,0.017772887,0.927895774,0.025148285,0.887252221,0.044097478,0.887252221,0.044097478,0.968539326,0.007620595,0.904598348,0.031411583,0.865734866,0.043212141,0.715498811,0.030789819
klebsiella_meropenem_pointfinder+cdhit+phenotypeseeker_train,RBF SVM,1156,"[{'clf__C': 100, 'clf__gamma': 'auto'}, {'clf__C': 10, 'clf__gamma': 0.01}, {'clf__C': 100, 'clf__gamma': 'auto'}, {'clf__C': 100, 'clf__gamma': 'auto'}, {'clf__C': 10, 'clf__gamma': 'scale'}]","[0.5397216285522392, 0.49449523612, 0.6155114696214551, 0.48726057127426325, 0.22517404878584255]",0.494495236,67.4,1.854723699,5.4,3.382306905,172.6,3.382306905,8.8,1.720465053,0.952796701,0.013473215,0.94413463,0.009469209,0.927073429,0.007780415,0.884483937,0.022771043,0.884483937,0.022771043,0.969662921,0.019001724,0.904952382,0.014165231,0.866849558,0.021764577,0.472432591,0.13178983
klebsiella_meropenem_pointfinder+cdhit+phenotypeseeker_train,AdaBoost,1156,"[{'clf__learning_rate': 1.0, 'clf__n_estimators': 500}, {'clf__learning_rate': 1.0, 'clf__n_estimators': 200}, {'clf__learning_rate': 0.5, 'clf__n_estimators': 500}, {'clf__learning_rate': 0.5, 'clf__n_estimators': 500}, {'clf__learning_rate': 1.0, 'clf__n_estimators': 500}]","[0.5033671812809907, 0.505762882704223, 0.5118336375055805, 0.48696984405395527, 0.49359035778707927]",0.503367181,66.2,2.561249695,4,1.788854382,174,1.788854382,10,2.607680962,0.955763995,0.010586874,0.944931295,0.012419019,0.923162541,0.017781527,0.868796992,0.034175393,0.868796992,0.034175393,0.97752809,0.010049744,0.904195555,0.022547049,0.867519008,0.030627636,0.500304781,0.008888056
klebsiella_meropenem_pointfinder+cdhit+phenotypeseeker_train,HistGB,1156,"[{'clf__l2_regularization': 1.0, 'clf__learning_rate': 0.1, 'clf__max_depth': 6, 'clf__max_leaf_nodes': 31, 'clf__min_samples_leaf': 50}, {'clf__l2_regularization': 0.0, 'clf__learning_rate': 0.05, 'clf__max_depth': 6, 'clf__max_leaf_nodes': 31, 'clf__min_samples_leaf': 10}, {'clf__l2_regularization': 1.0, 'clf__learning_rate': 0.1, 'clf__max_depth': 3, 'clf__max_leaf_nodes': 31, 'clf__min_samples_leaf': 50}, {'clf__l2_regularization': 1.0, 'clf__learning_rate': 0.1, 'clf__max_depth': 3, 'clf__max_leaf_nodes': 31, 'clf__min_samples_leaf': 10}, {'clf__l2_regularization': 1.0, 'clf__learning_rate': 0.1, 'clf__max_depth': 6, 'clf__max_leaf_nodes': 31, 'clf__min_samples_leaf': 50}]","[0.48039494007734646, 0.24248337282403584, 0.41759664978285804, 0.3862500927695589, 0.38710802628735963]",0.387108026,67.2,1.469693846,6.4,2.416609195,171.6,2.416609195,9,1.549193338,0.959136126,0.007788614,0.939422572,0.012816787,0.922982827,0.013842072,0.881920711,0.020173891,0.881920711,0.020173891,0.964044944,0.013576456,0.897355993,0.021053748,0.854923789,0.030741688,0.382766616,0.078044592
klebsiella_meropenem_pointfinder+cdhit+phenotypeseeker_train,SGD Logistic,1156,"[{'clf__alpha': 0.01}, {'clf__alpha': 0.01}, {'clf__alpha': 0.01}, {'clf__alpha': 0.01}, {'clf__alpha': 1e-05}]","[0.6691612157949589, 0.6948066859559716, 0.6201929782178919, 0.6485802602245117, 0.9998188415486237]",0.669161216,66.2,1.166190379,4.4,1.959591794,173.6,1.959591794,10,0.894427191,0.953873832,0.006147864,0.943350317,0.00731189,0.922004769,0.006659491,0.86872864,0.012123407,0.86872864,0.012123407,0.975280899,0.011008943,0.90200825,0.011735764,0.863772236,0.017938683,0.726511996,0.138829435
klebsiella_meropenem_pointfinder+cdhit+phenotypeseeker_train,KNN,1156,"[{'clf__n_neighbors': 11, 'clf__p': 1, 'clf__weights': 'distance'}, {'clf__n_neighbors': 15, 'clf__p': 1, 'clf__weights': 'distance'}, {'clf__n_neighbors': 5, 'clf__p': 1, 'clf__weights': 'distance'}, {'clf__n_neighbors': 9, 'clf__p': 1, 'clf__weights': 'distance'}, {'clf__n_neighbors': 15, 'clf__p': 1, 'clf__weights': 'distance'}]","[0.32778291471744253, 0.4450067584416915, 0.42044517724649627, 0.4934343696475839, 0.4871200265011455]",0.445006758,65.6,2.244994432,9.4,3.382306905,168.6,3.382306905,10.6,1.854723699,0.927466361,0.01760918,0.921315424,0.012234703,0.903978281,0.012092603,0.86076555,0.024868878,0.86076555,0.024868878,0.947191011,0.019001724,0.86791753,0.019042272,0.812767761,0.029026992,0.434757849,0.059897013
klebsiella_meropenem_pointfinder+cdhit+phenotypeseeker_train,BernoulliNB,1156,"[{'clf__alpha': 0.01, 'clf__binarize': None}, {'clf__alpha': 10.0, 'clf__binarize': None}, {'clf__alpha': 0.01, 'clf__binarize': None}, {'clf__alpha': 10.0, 'clf__binarize': None}, {'clf__alpha': 0.01, 'clf__binarize': None}]","[2.1634032456971608e-99, 1.0, 1.9061384503561323e-85, 3.4685591140464356e-36, 1.0]",3.47E-36,66.8,2.561249695,75.6,8.236504113,102.4,8.236504113,9.4,2.416609195,0.754534606,0.011089367,0.665650764,0.024512801,0.72593505,0.012888175,0.8765892,0.031960169,0.8765892,0.031960169,0.575280899,0.046272495,0.611577632,0.011337473,0.418373833,0.020670436,0.4,0.489897949
klebsiella_meropenem_pointfinder+phenotypeseeker_train,Extra Trees,1054,"[{'clf__max_depth': 10, 'clf__min_samples_leaf': 2, 'clf__min_samples_split': 2, 'clf__n_estimators': 200}, {'clf__max_depth': None, 'clf__min_samples_leaf': 2, 'clf__min_samples_split': 10, 'clf__n_estimators': 200}, {'clf__max_depth': 10, 'clf__min_samples_leaf': 1, 'clf__min_samples_split': 2, 'clf__n_estimators': 200}, {'clf__max_depth': 10, 'clf__min_samples_leaf': 1, 'clf__min_samples_split': 2, 'clf__n_estimators': 500}, {'clf__max_depth': 10, 'clf__min_samples_leaf': 2, 'clf__min_samples_split': 10, 'clf__n_estimators': 200}]","[0.5290247751677394, 0.5590038026669171, 0.5310055966485783, 0.5913687132763794, 0.4786930595714293]",0.531005597,66.4,3.878143886,5,1.673320053,169,1.673320053,8.2,4.166533331,0.946696904,0.022593946,0.946919938,0.017811499,0.930785337,0.027929647,0.890306306,0.05529558,0.890306306,0.05529558,0.971264368,0.009616782,0.908925359,0.032653236,0.872806117,0.043380702,0.537819189,0.037245148
klebsiella_meropenem_pointfinder+phenotypeseeker_train,Balanced Random Forest,1054,"[{'clf__max_depth': 10, 'clf__min_samples_leaf': 1, 'clf__min_samples_split': 5, 'clf__n_estimators': 500}, {'clf__max_depth': 20, 'clf__min_samples_leaf': 1, 'clf__min_samples_split': 5, 'clf__n_estimators': 200}, {'clf__max_depth': 10, 'clf__min_samples_leaf': 1, 'clf__min_samples_split': 5, 'clf__n_estimators': 500}, {'clf__max_depth': 20, 'clf__min_samples_leaf': 1, 'clf__min_samples_split': 5, 'clf__n_estimators': 200}, {'clf__max_depth': 20, 'clf__min_samples_leaf': 1, 'clf__min_samples_split': 5, 'clf__n_estimators': 200}]","[0.5210523208052571, 0.41625000000000006, 0.5001824265978203, 0.55875, 0.5833333333333334]",0.521052321,66.2,3.815756806,5,2.28035085,169,2.28035085,8.4,4.079215611,0.948529253,0.020214773,0.946126441,0.017466789,0.929433986,0.026830065,0.887603604,0.054149393,0.887603604,0.054149393,0.971264368,0.013105465,0.907613924,0.031809911,0.871175694,0.042666651,0.515913616,0.057597026
klebsiella_meropenem_pointfinder+phenotypeseeker_train,LogReg (L1),1054,"[{'clf__C': 1}, {'clf__C': 1}, {'clf__C': 1}, {'clf__C': 1}, {'clf__C': 1}]","[0.5245019929189306, 0.7649897856174337, 0.7152127935624443, 0.6744709489652749, 0.49182416340495116]",0.674470949,66.2,2.856571371,5.4,1.624807681,168.6,1.624807681,8.4,3.261901286,0.955854199,0.010180422,0.944503822,0.01274808,0.928302578,0.020690841,0.88763964,0.043139455,0.88763964,0.043139455,0.968965517,0.009337975,0.905276477,0.023340456,0.867117899,0.031442677,0.634199937,0.107326904
klebsiella_meropenem_pointfinder+phenotypeseeker_train,Random Forest,1054,"[{'clf__max_depth': None, 'clf__min_samples_leaf': 1, 'clf__min_samples_split': 5, 'clf__n_estimators': 500}, {'clf__max_depth': 10, 'clf__min_samples_leaf': 1, 'clf__min_samples_split': 5, 'clf__n_estimators': 200}, {'clf__max_depth': 10, 'clf__min_samples_leaf': 1, 'clf__min_samples_split': 5, 'clf__n_estimators': 200}, {'clf__max_depth': 10, 'clf__min_samples_leaf': 1, 'clf__min_samples_split': 5, 'clf__n_estimators': 500}, {'clf__max_depth': 10, 'clf__min_samples_leaf': 1, 'clf__min_samples_split': 2, 'clf__n_estimators': 200}]","[0.52183725584841, 0.5081730734680968, 0.5504311528222315, 0.573071117954376, 0.6033441751692554]",0.550431153,65.2,3.544009029,3.2,1.166190379,170.8,1.166190379,9.4,3.826225294,0.948570778,0.018813944,0.949339293,0.018022704,0.927903697,0.027077135,0.874198198,0.050668051,0.874198198,0.050668051,0.981609195,0.006702244,0.911337262,0.033254,0.878104454,0.043783769,0.551371355,0.034383985
klebsiella_meropenem_pointfinder+phenotypeseeker_train,LogReg (L2),1054,"[{'clf__C': 1}, {'clf__C': 1}, {'clf__C': 0.1}, {'clf__C': 1}, {'clf__C': 1}]","[0.6329656660968039, 0.7201518358446728, 0.5129716064598554, 0.6845182823964775, 0.543947447408975]",0.632965666,66.2,3.249615362,5.8,1.833030278,168.2,1.833030278,8.4,3.611094017,0.950014497,0.014280862,0.942897396,0.014176856,0.927153153,0.022945927,0.88763964,0.04782969,0.88763964,0.04782969,0.966666667,0.010534657,0.902713928,0.025866733,0.86346556,0.034646647,0.618910968,0.079491189
klebsiella_meropenem_pointfinder+phenotypeseeker_train,RBF SVM,1054,"[{'clf__C': 10, 'clf__gamma': 'scale'}, {'clf__C': 100, 'clf__gamma': 'auto'}, {'clf__C': 10, 'clf__gamma': 0.01}, {'clf__C': 100, 'clf__gamma': 'auto'}, {'clf__C': 10, 'clf__gamma': 'scale'}]","[0.47057328660700554, 0.5866434040233601, 0.7033796071678976, 0.5, 0.5105724889814828]",0.510572489,65.8,3.709447398,5,1.414213562,169,1.414213562,8.8,4.06939799,0.953876152,0.013255371,0.944513538,0.015883035,0.926785337,0.026265262,0.882306306,0.05394083,0.882306306,0.05394083,0.971264368,0.008127664,0.904462325,0.029683595,0.866919349,0.038881296,0.554233757,0.083835018
klebsiella_meropenem_pointfinder+phenotypeseeker_train,HistGB,1054,"[{'clf__l2_regularization': 1.0, 'clf__learning_rate': 0.1, 'clf__max_depth': 6, 'clf__max_leaf_nodes': 31, 'clf__min_samples_leaf': 50}, {'clf__l2_regularization': 0.0, 'clf__learning_rate': 0.1, 'clf__max_depth': 3, 'clf__max_leaf_nodes': 31, 'clf__min_samples_leaf': 10}, {'clf__l2_regularization': 0.0, 'clf__learning_rate': 0.05, 'clf__max_depth': 6, 'clf__max_leaf_nodes': 31, 'clf__min_samples_leaf': 10}, {'clf__l2_regularization': 1.0, 'clf__learning_rate': 0.1, 'clf__max_depth': 3, 'clf__max_leaf_nodes': 31, 'clf__min_samples_leaf': 10}, {'clf__l2_regularization': 1.0, 'clf__learning_rate': 0.1, 'clf__max_depth': 6, 'clf__max_leaf_nodes': 31, 'clf__min_samples_leaf': 50}]","[0.5723765762409402, 0.49920999254054005, 0.23469975699556936, 0.37443993203445664, 0.5280901439044142]",0.499209993,65.8,3.487119155,5.2,3.6,168.8,3.6,8.8,3.815756806,0.952399607,0.013216094,0.943707086,0.019469457,0.926192606,0.025884106,0.88227027,0.050578165,0.88227027,0.050578165,0.970114943,0.020689655,0.903765424,0.0336347,0.865938402,0.046671006,0.44176328,0.122654002
klebsiella_meropenem_pointfinder+phenotypeseeker_train,Gradient Boosting,1054,"[{'clf__learning_rate': 0.05, 'clf__max_depth': 2, 'clf__n_estimators': 500}, {'clf__learning_rate': 0.1, 'clf__max_depth': 1, 'clf__n_estimators': 500}, {'clf__learning_rate': 0.2, 'clf__max_depth': 1, 'clf__n_estimators': 500}, {'clf__learning_rate': 0.1, 'clf__max_depth': 2, 'clf__n_estimators': 200}, {'clf__learning_rate': 0.1, 'clf__max_depth': 3, 'clf__n_estimators': 200}]","[0.36906518037861086, 0.5786208602561194, 0.2557567566569407, 0.4881945856574119, 0.4667517929443978]",0.466751793,65.4,3.2,4.8,3.12409987,169.2,3.12409987,9.2,3.544009029,0.954083981,0.015532439,0.943703848,0.01408886,0.924657347,0.020979688,0.876900901,0.046946865,0.876900901,0.046946865,0.972413793,0.017954597,0.903162631,0.025122909,0.865761281,0.034093018,0.431677835,0.11034958
klebsiella_meropenem_pointfinder+phenotypeseeker_train,AdaBoost,1054,"[{'clf__learning_rate': 1.0, 'clf__n_estimators': 500}, {'clf__learning_rate': 0.1, 'clf__n_estimators': 200}, {'clf__learning_rate': 1.0, 'clf__n_estimators': 200}, {'clf__learning_rate': 1.0, 'clf__n_estimators': 200}, {'clf__learning_rate': 1.0, 'clf__n_estimators': 200}]","[0.4987075165032761, 0.5280522724204905, 0.49343081567258057, 0.5009590944257044, 0.502547294715172]",0.500959094,65.4,2.939387691,4.8,2.039607805,169.2,2.039607805,9.2,3.310589071,0.945012323,0.023099362,0.943703848,0.012113113,0.924657347,0.019995937,0.876900901,0.043812825,0.876900901,0.043812825,0.972413793,0.011721884,0.903032423,0.02232787,0.865136123,0.02975444,0.504739399,0.012056979
klebsiella_meropenem_pointfinder+phenotypeseeker_train,Linear SVM,1054,"[{'clf__C': 0.01}, {'clf__C': 0.1}, {'clf__C': 0.01}, {'clf__C': 0.01}, {'clf__C': 0.01}]","[0.18154233073262413, 0.07086401049237306, 0.044647308694425736, 0.08863580715893331, -0.07532237091339722]",0.07086401,66.4,3.382306905,7.6,1.496662955,166.4,1.496662955,8.2,3.709447398,0.954504297,0.014202928,0.936458738,0.012221879,0.923314073,0.022282777,0.890306306,0.049169108,0.890306306,0.049169108,0.956321839,0.008601511,0.893143945,0.023112656,0.848894518,0.030714291,0.062073417,0.082748931
klebsiella_meropenem_pointfinder+phenotypeseeker_train,Decision Tree,1054,"[{'clf__max_depth': 5, 'clf__min_samples_leaf': 1, 'clf__min_samples_split': 5}, {'clf__max_depth': 3, 'clf__min_samples_leaf': 1, 'clf__min_samples_split': 2}, {'clf__max_depth': 5, 'clf__min_samples_leaf': 1, 'clf__min_samples_split': 5}, {'clf__max_depth': 5, 'clf__min_samples_leaf': 2, 'clf__min_samples_split': 20}, {'clf__max_depth': 5, 'clf__min_samples_leaf': 1, 'clf__min_samples_split': 5}]","[0.9381026438569207, 0.7785234899328861, 0.8399034593724858, 0.6998491704374057, 0.8644986449864498]",0.839903459,64,3.741657387,6.4,2.653299832,167.6,2.653299832,10.6,4.127953488,0.921515377,0.026434647,0.931623267,0.013184976,0.910708295,0.023575238,0.858198198,0.054685798,0.858198198,0.054685798,0.963218391,0.01524885,0.882178505,0.025104741,0.836376351,0.033006739,0.824175482,0.080490821
klebsiella_meropenem_pointfinder+phenotypeseeker_train,SGD Logistic,1054,"[{'clf__alpha': 0.01}, {'clf__alpha': 0.001}, {'clf__alpha': 0.0001}, {'clf__alpha': 0.0001}, {'clf__alpha': 0.01}]","[0.5014686004739453, 0.624771360405446, 0.9999999999983373, 2.3087103677963907e-08, 0.5172516379239174]",0.517251638,66.2,3.249615362,13.4,14.84048517,160.6,14.84048517,8.4,3.611094017,0.946414622,0.015181016,0.912255474,0.052530857,0.905314073,0.034267843,0.88763964,0.04782969,0.88763964,0.04782969,0.922988506,0.085290145,0.864490421,0.062617855,0.808710157,0.089277902,0.528698324,0.319921764
klebsiella_meropenem_pointfinder+phenotypeseeker_train,KNN,1054,"[{'clf__n_neighbors': 11, 'clf__p': 1, 'clf__weights': 'distance'}, {'clf__n_neighbors': 11, 'clf__p': 1, 'clf__weights': 'distance'}, {'clf__n_neighbors': 7, 'clf__p': 1, 'clf__weights': 'distance'}, {'clf__n_neighbors': 9, 'clf__p': 1, 'clf__weights': 'distance'}, {'clf__n_neighbors': 11, 'clf__p': 1, 'clf__weights': 'distance'}]","[0.6403570359485128, 0.4628982474696441, 0.4824550148507312, 0.399063193805166, 0.4799937647735418]",0.479993765,63.4,4.176122604,8.4,3.006659276,165.6,3.006659276,11.2,4.53431362,0.93599068,0.017920366,0.921184739,0.019868576,0.90094315,0.029649136,0.850162162,0.060007694,0.850162162,0.060007694,0.951724138,0.017279651,0.865544431,0.036527054,0.811520408,0.048924649,0.492953451,0.07965511
klebsiella_meropenem_pointfinder+phenotypeseeker_train,BernoulliNB,1054,"[{'clf__alpha': 0.01, 'clf__binarize': None}, {'clf__alpha': 0.01, 'clf__binarize': None}, {'clf__alpha': 0.01, 'clf__binarize': None}, {'clf__alpha': 0.01, 'clf__binarize': None}, {'clf__alpha': 0.01, 'clf__binarize': None}]","[1.0, 1.0, 1.0, 1.0, 1.0]",1,66.2,1.939071943,70.4,4.963869458,103.6,4.963869458,8.4,2.332380758,0.755134307,0.024778835,0.683041845,0.02485714,0.741484933,0.024655036,0.887567568,0.03068633,0.887567568,0.03068633,0.595402299,0.028527985,0.627212273,0.023489879,0.445052414,0.04447481,1,0
klebsiella_meropenem_resfinder_train,Gradient Boosting,313,"[{'clf__learning_rate': 0.2, 'clf__max_depth': 1, 'clf__n_estimators': 100}, {'clf__learning_rate': 0.05, 'clf__max_depth': 2, 'clf__n_estimators': 500}, {'clf__learning_rate': 0.2, 'clf__max_depth': 1, 'clf__n_estimators': 500}, {'clf__learning_rate': 0.1, 'clf__max_depth': 1, 'clf__n_estimators': 500}, {'clf__learning_rate': 0.2, 'clf__max_depth': 1, 'clf__n_estimators': 100}]","[0.4129076997354479, 0.722434157696766, 0.5988488541677192, 0.7507926219094835, 0.5427974850037299]",0.598848854,66.2,2.712931993,4.6,2.939387691,167.4,2.939387691,7.6,2.870540019,0.954408574,0.026443857,0.950383275,0.020121213,0.935183997,0.024401456,0.897112181,0.038624822,0.897112181,0.038624822,0.973255814,0.017089463,0.915695319,0.033910576,0.881345212,0.047810013,0.605556164,0.1231675
klebsiella_meropenem_resfinder_train,Decision Tree,313,"[{'clf__max_depth': 5, 'clf__min_samples_leaf': 2, 'clf__min_samples_split': 2}, {'clf__max_depth': 3, 'clf__min_samples_leaf': 1, 'clf__min_samples_split': 2}, {'clf__max_depth': None, 'clf__min_samples_leaf': 1, 'clf__min_samples_split': 20}, {'clf__max_depth': 5, 'clf__min_samples_leaf': 1, 'clf__min_samples_split': 10}, {'clf__max_depth': 10, 'clf__min_samples_leaf': 1, 'clf__min_samples_split': 2}]","[0.6996951219512194, 0.9708610055171799, 0.6996951219512194, 0.9209470304975923, 0.6996951219512194]",0.699695122,65.4,3.006659276,4.6,2.939387691,167.4,2.939387691,8.4,3.006659276,0.928168293,0.021725453,0.947121288,0.021181665,0.929723057,0.025879729,0.8861903,0.04059543,0.8861903,0.04059543,0.973255814,0.017089463,0.909581381,0.035945654,0.873231282,0.050636798,0.79817868,0.121645622
klebsiella_meropenem_resfinder_train,RBF SVM,313,"[{'clf__C': 100, 'clf__gamma': 'auto'}, {'clf__C': 10, 'clf__gamma': 0.01}, {'clf__C': 10, 'clf__gamma': 0.01}, {'clf__C': 10, 'clf__gamma': 0.01}, {'clf__C': 10, 'clf__gamma': 'auto'}]","[0.44493621533838035, 0.2641340890165235, 0.17112464553866505, 0.5334344051531545, 0.10654954399882063]",0.264134089,66.4,2.870540019,7,4.335896678,165,4.335896678,7.4,3.072458299,0.957734431,0.021593632,0.941426912,0.023625987,0.929577116,0.026390428,0.899851907,0.041356562,0.899851907,0.041356562,0.959302326,0.025208702,0.902541745,0.037914775,0.861595345,0.054372645,0.30403578,0.161700334
klebsiella_meropenem_resfinder_train,Linear SVM,313,"[{'clf__C': 0.1}, {'clf__C': 1}, {'clf__C': 0.1}, {'clf__C': 1}, {'clf__C': 0.1}]","[-0.14480168231301593, -0.3500174315859339, -0.16633621882868063, 0.2714902206163491, 0.08138915894488824]",-0.144801682,66.2,2.315167381,7.2,4.833218389,164.8,4.833218389,7.6,2.416609195,0.955499686,0.024179496,0.939807533,0.027831428,0.927607346,0.028421732,0.897075157,0.032512509,0.897075157,0.032512509,0.958139535,0.028100107,0.900297984,0.044358889,0.857665161,0.064518275,-0.061655191,0.215625504
klebsiella_meropenem_resfinder_train,AdaBoost,313,"[{'clf__learning_rate': 0.5, 'clf__n_estimators': 500}, {'clf__learning_rate': 1.0, 'clf__n_estimators': 200}, {'clf__learning_rate': 1.0, 'clf__n_estimators': 500}, {'clf__learning_rate': 1.0, 'clf__n_estimators': 200}, {'clf__learning_rate': 0.5, 'clf__n_estimators': 500}]","[0.5015723218285371, 0.4833505836685713, 0.5036635113239373, 0.5002282651002038, 0.49730415655044413]",0.500228265,64.6,2.870540019,4.2,2.227105745,167.8,2.227105745,9.2,2.785677655,0.955730221,0.02450036,0.945488634,0.018275943,0.925443419,0.023316607,0.875305442,0.037757729,0.875305442,0.037757729,0.975581395,0.012948289,0.905887328,0.031417587,0.868893942,0.044088752,0.497223768,0.007237112
klebsiella_meropenem_resfinder_train,LogReg (L1),313,"[{'clf__C': 1}, {'clf__C': 1}, {'clf__C': 1}, {'clf__C': 1}, {'clf__C': 1}]","[0.7749745483376722, 0.3837836095416354, 0.8400771892567178, 0.2817897615120124, 0.6412669225949024]",0.641266923,66,3.405877273,8.4,6.829348432,163.6,6.829348432,7.8,3.370459909,0.957302743,0.021326047,0.934113157,0.029888152,0.922730599,0.028849817,0.894298408,0.045568178,0.894298408,0.045568178,0.951162791,0.039705514,0.892012495,0.046440527,0.846904025,0.066994698,0.584378406,0.217597436
klebsiella_meropenem_resfinder_train,SGD Logistic,313,"[{'clf__alpha': 0.001}, {'clf__alpha': 0.01}, {'clf__alpha': 0.001}, {'clf__alpha': 0.001}, {'clf__alpha': 0.001}]","[0.5119000713324163, 0.4989638383009015, 0.5005870935931698, 0.5939590539308867, 0.421445397641417]",0.500587094,64.8,4.06939799,6.2,3.762977544,165.8,3.762977544,9,4.195235393,0.954765677,0.027632008,0.938178198,0.024818519,0.921054863,0.032051288,0.878156238,0.056535041,0.878156238,0.056535041,0.963953488,0.021877776,0.894784018,0.042707114,0.852466751,0.058865376,0.505371091,0.054768451
klebsiella_meropenem_resfinder_train,Random Forest,313,"[{'clf__max_depth': 10, 'clf__min_samples_leaf': 1, 'clf__min_samples_split': 5, 'clf__n_estimators': 200}, {'clf__max_depth': 10, 'clf__min_samples_leaf': 1, 'clf__min_samples_split': 10, 'clf__n_estimators': 200}, {'clf__max_depth': 20, 'clf__min_samples_leaf': 2, 'clf__min_samples_split': 10, 'clf__n_estimators': 200}, {'clf__max_depth': 10, 'clf__min_samples_leaf': 1, 'clf__min_samples_split': 10, 'clf__n_estimators': 500}, {'clf__max_depth': None, 'clf__min_samples_leaf': 1, 'clf__min_samples_split': 10, 'clf__n_estimators': 200}]","[0.38840939997553364, 0.4038644253059853, 0.4448828481265453, 0.44954136149782636, 0.44117463481090063]",0.441174635,65.8,3.969886648,8.6,2.576819745,163.4,2.576819745,8,4.147288271,0.952593785,0.02249569,0.932480504,0.022615024,0.920871899,0.031281587,0.891743799,0.055902204,0.891743799,0.055902204,0.95,0.01498151,0.88750058,0.038872278,0.839969759,0.054502159,0.425574534,0.024670464
klebsiella_meropenem_resfinder_train,LogReg (L2),313,"[{'clf__C': 1}, {'clf__C': 10}, {'clf__C': 1}, {'clf__C': 10}, {'clf__C': 1}]","[0.3011332649257738, 0.6054649369702944, 0.3063978956366369, 0.6500838115053793, 0.461047719488707]",0.461047719,65.8,3.544009029,8.6,5.351635264,163.4,5.351635264,8,3.633180425,0.957660815,0.023316452,0.932487141,0.028202276,0.920834876,0.031055377,0.891669752,0.048976611,0.891669752,0.048976611,0.95,0.031114159,0.888552746,0.044301601,0.841462047,0.063502783,0.464825526,0.145608254
klebsiella_meropenem_resfinder_train,HistGB,313,"[{'clf__l2_regularization': 0.0, 'clf__learning_rate': 0.05, 'clf__max_depth': 3, 'clf__max_leaf_nodes': 31, 'clf__min_samples_leaf': 10}, {'clf__l2_regularization': 0.0, 'clf__learning_rate': 0.05, 'clf__max_depth': 3, 'clf__max_leaf_nodes': 31, 'clf__min_samples_leaf': 10}, {'clf__l2_regularization': 1.0, 'clf__learning_rate': 0.05, 'clf__max_depth': 6, 'clf__max_leaf_nodes': 31, 'clf__min_samples_leaf': 10}, {'clf__l2_regularization': 1.0, 'clf__learning_rate': 0.1, 'clf__max_depth': 6, 'clf__max_leaf_nodes': 31, 'clf__min_samples_leaf': 10}, {'clf__l2_regularization': 1.0, 'clf__learning_rate': 0.1, 'clf__max_depth': 3, 'clf__max_leaf_nodes': 31, 'clf__min_samples_leaf': 10}]","[0.5549110616588604, 0.5517813587099252, 0.2758409558272656, 0.5283207484392576, 0.4612171006390363]",0.528320748,64.4,3.136877428,5.6,4.127953488,166.4,4.127953488,9.4,3.2,0.960652063,0.02262878,0.938991206,0.025031751,0.920059323,0.028569862,0.872676786,0.043117536,0.872676786,0.043117536,0.96744186,0.02399973,0.895997673,0.041281286,0.854203332,0.059013869,0.474414245,0.104858795
klebsiella_meropenem_resfinder_train,Extra Trees,313,"[{'clf__max_depth': 10, 'clf__min_samples_leaf': 1, 'clf__min_samples_split': 10, 'clf__n_estimators': 200}, {'clf__max_depth': 20, 'clf__min_samples_leaf': 2, 'clf__min_samples_split': 10, 'clf__n_estimators': 200}, {'clf__max_depth': 10, 'clf__min_samples_leaf': 1, 'clf__min_samples_split': 2, 'clf__n_estimators': 500}, {'clf__max_depth': 20, 'clf__min_samples_leaf': 2, 'clf__min_samples_split': 10, 'clf__n_estimators': 500}, {'clf__max_depth': 10, 'clf__min_samples_leaf': 1, 'clf__min_samples_split': 10, 'clf__n_estimators': 500}]","[0.47503291461602054, 0.45368133640341507, 0.3922735255607646, 0.5018627800418639, 0.5003545537839075]",0.475032915,65.6,3.773592453,9.2,4.308131846,162.8,4.308131846,8.2,3.867815921,0.955476439,0.021700367,0.929235109,0.030452405,0.917739339,0.035769699,0.888967049,0.05214317,0.888967049,0.05214317,0.946511628,0.025047278,0.883129442,0.050265105,0.832836747,0.071926434,0.464641022,0.040313959
klebsiella_meropenem_resfinder_train,Balanced Random Forest,313,"[{'clf__max_depth': 10, 'clf__min_samples_leaf': 1, 'clf__min_samples_split': 5, 'clf__n_estimators': 500}, {'clf__max_depth': 10, 'clf__min_samples_leaf': 1, 'clf__min_samples_split': 10, 'clf__n_estimators': 500}, {'clf__max_depth': None, 'clf__min_samples_leaf': 1, 'clf__min_samples_split': 10, 'clf__n_estimators': 200}, {'clf__max_depth': 10, 'clf__min_samples_leaf': 1, 'clf__min_samples_split': 10, 'clf__n_estimators': 500}, {'clf__max_depth': 10, 'clf__min_samples_leaf': 1, 'clf__min_samples_split': 10, 'clf__n_estimators': 500}]","[0.46218040131021243, 0.4376885429091275, 0.35014484126984136, 0.4817342842164715, 0.5070969084995217]",0.462180401,65.2,3.867815921,9.4,6.1514226,162.6,6.1514226,8.6,3.826225294,0.955038186,0.023684686,0.926782811,0.027900839,0.914399706,0.029684672,0.883450574,0.051744861,0.883450574,0.051744861,0.945348837,0.035764085,0.87939822,0.042968808,0.828946476,0.061413368,0.447768996,0.053876195
klebsiella_meropenem_resfinder_train,BernoulliNB,313,"[{'clf__alpha': 0.01, 'clf__binarize': None}, {'clf__alpha': 1.0, 'clf__binarize': None}, {'clf__alpha': 1.0, 'clf__binarize': None}, {'clf__alpha': 0.01, 'clf__binarize': None}, {'clf__alpha': 0.1, 'clf__binarize': None}]","[0.5403624203667988, 0.5604817780434559, 0.46724373204380043, 0.7685055111447779, 0.397180309575195]",0.54036242,66.2,3.709447398,19.8,3.6,152.2,3.6,7.6,3.878143886,0.921526265,0.025542385,0.888531608,0.016948038,0.891016462,0.024209529,0.897149204,0.052270536,0.897149204,0.052270536,0.884883721,0.020930233,0.82822193,0.027430868,0.752457897,0.040365716,0.54675475,0.124977765
klebsiella_meropenem_resfinder_train,KNN,313,"[{'clf__n_neighbors': 7, 'clf__p': 1, 'clf__weights': 'distance'}, {'clf__n_neighbors': 5, 'clf__p': 1, 'clf__weights': 'uniform'}, {'clf__n_neighbors': 3, 'clf__p': 1, 'clf__weights': 'uniform'}, {'clf__n_neighbors': 3, 'clf__p': 1, 'clf__weights': 'distance'}, {'clf__n_neighbors': 11, 'clf__p': 1, 'clf__weights': 'distance'}]","[0.25830258302583026, 0.6, 0.6666666666666666, 0.6, 0.38263931139919816]",0.6,61.6,5.535341001,9.2,2.712931993,162.8,2.712931993,12.2,5.635601121,0.926536253,0.029966603,0.912948399,0.016731455,0.890656777,0.032728925,0.834801925,0.075970256,0.834801925,0.075970256,0.946511628,0.01577286,0.850460217,0.034416919,0.792129246,0.042969927,0.501521712,0.154891815
klebsiella_meropenem_resfinder+cdhit_train,SGD Logistic,415,"[{'clf__alpha': 0.01}, {'clf__alpha': 0.001}, {'clf__alpha': 0.01}, {'clf__alpha': 0.001}, {'clf__alpha': 0.01}]","[0.4326059982134917, 0.6224398313704798, 0.2734937813485253, 0.711742512706422, 0.45063530575735894]",0.450635306,67,2.28035085,6.4,2.576819745,167.6,2.576819745,7.6,2.576819745,0.962013151,0.015896749,0.943713564,0.017898881,0.930744331,0.021700653,0.89827027,0.034100374,0.89827027,0.034100374,0.963218391,0.014809309,0.90554354,0.0298174,0.865806062,0.04280811,0.498183486,0.153683959
klebsiella_meropenem_resfinder+cdhit_train,RBF SVM,415,"[{'clf__C': 1, 'clf__gamma': 'scale'}, {'clf__C': 100, 'clf__gamma': 'auto'}, {'clf__C': 1, 'clf__gamma': 'scale'}, {'clf__C': 10, 'clf__gamma': 'auto'}, {'clf__C': 100, 'clf__gamma': 'auto'}]","[0.1476919581050712, 0.5165798299988534, 0.4111807320124656, 0.171260518955046, 0.48891776540624826]",0.411180732,67.4,2.416609195,7.6,2.653299832,166.4,2.653299832,7.2,2.712931993,0.95899855,0.014565258,0.940484519,0.012985872,0.929980739,0.01748975,0.90363964,0.035908676,0.90363964,0.035908676,0.956321839,0.01524885,0.901071757,0.021428506,0.859266587,0.030286789,0.347126161,0.157241927
klebsiella_meropenem_resfinder+cdhit_train,AdaBoost,415,"[{'clf__learning_rate': 0.5, 'clf__n_estimators': 200}, {'clf__learning_rate': 1.0, 'clf__n_estimators': 200}, {'clf__learning_rate': 0.5, 'clf__n_estimators': 200}, {'clf__learning_rate': 1.0, 'clf__n_estimators': 200}, {'clf__learning_rate': 1.0, 'clf__n_estimators': 100}]","[0.4566594111107748, 0.4734840285999832, 0.49664925166895174, 0.46298325794466144, 0.4360344673358462]",0.462983258,66.4,3.2,6,0.894427191,168,0.894427191,8.2,3.487119155,0.954901626,0.017656145,0.942897396,0.011681959,0.927893756,0.02136494,0.89027027,0.046236636,0.89027027,0.046236636,0.965517241,0.005140386,0.902905402,0.022384022,0.863406531,0.029078185,0.465162083,0.019930666
klebsiella_meropenem_resfinder+cdhit_train,HistGB,415,"[{'clf__l2_regularization': 0.0, 'clf__learning_rate': 0.05, 'clf__max_depth': 3, 'clf__max_leaf_nodes': 31, 'clf__min_samples_leaf': 10}, {'clf__l2_regularization': 0.0, 'clf__learning_rate': 0.05, 'clf__max_depth': 3, 'clf__max_leaf_nodes': 31, 'clf__min_samples_leaf': 10}, {'clf__l2_regularization': 1.0, 'clf__learning_rate': 0.05, 'clf__max_depth': 3, 'clf__max_leaf_nodes': 31, 'clf__min_samples_leaf': 10}, {'clf__l2_regularization': 1.0, 'clf__learning_rate': 0.1, 'clf__max_depth': 6, 'clf__max_leaf_nodes': 31, 'clf__min_samples_leaf': 50}, {'clf__l2_regularization': 1.0, 'clf__learning_rate': 0.1, 'clf__max_depth': 3, 'clf__max_leaf_nodes': 31, 'clf__min_samples_leaf': 10}]","[0.3322721860100838, 0.21733025703933417, 0.270770532656987, 0.5713854341703354, 0.2146510840453492]",0.270770533,66.4,2.332380758,6.8,1.166190379,167.2,1.166190379,8.2,2.638181192,0.960488454,0.018207557,0.939678067,0.009755492,0.925576887,0.01641566,0.890234234,0.034817301,0.890234234,0.034817301,0.96091954,0.006702244,0.898299898,0.01798996,0.855949121,0.023913799,0.321281899,0.132211979
klebsiella_meropenem_resfinder+cdhit_train,Gradient Boosting,415,"[{'clf__learning_rate': 0.01, 'clf__max_depth': 3, 'clf__n_estimators': 100}, {'clf__learning_rate': 0.1, 'clf__max_depth': 1, 'clf__n_estimators': 500}, {'clf__learning_rate': 0.2, 'clf__max_depth': 1, 'clf__n_estimators': 200}, {'clf__learning_rate': 0.05, 'clf__max_depth': 1, 'clf__n_estimators': 200}, {'clf__learning_rate': 0.05, 'clf__max_depth': 2, 'clf__n_estimators': 100}]","[0.6037334555889491, 0.5954044818412444, 0.5021098311257876, 0.551370400317518, 0.10500207216925958]",0.5513704,66,2.898275349,6.2,1.939071943,167.8,1.939071943,8.6,3.261901286,0.950263022,0.022640094,0.940474802,0.011161697,0.924652377,0.019260805,0.884936937,0.043121992,0.884936937,0.043121992,0.964367816,0.011144092,0.898837715,0.020671722,0.857805783,0.027225799,0.471524048,0.186802023
klebsiella_meropenem_resfinder+cdhit_train,Linear SVM,415,"[{'clf__C': 0.01}, {'clf__C': 0.1}, {'clf__C': 0.01}, {'clf__C': 0.1}, {'clf__C': 0.1}]","[-0.024676470367371625, -0.13999519441482927, -0.1946188694108411, -0.10976244327644225, -0.061764772698071596]",-0.109762443,67,2.966479395,8.6,3.2,165.4,3.2,7.6,3.261901286,0.962682303,0.014205107,0.934845835,0.008520784,0.924440509,0.015469128,0.898306306,0.043228466,0.898306306,0.043228466,0.950574713,0.018390805,0.892023406,0.014826906,0.846875724,0.019994423,-0.10616355,0.059318246
klebsiella_meropenem_resfinder+cdhit_train,LogReg (L1),415,"[{'clf__C': 1}, {'clf__C': 1}, {'clf__C': 1}, {'clf__C': 1}, {'clf__C': 1}]","[0.7048464353838898, 0.6014257270274127, 0.3159355727608963, 0.327364665538497, 0.6097614437573305]",0.601425727,66.4,3.006659276,7.8,4.707440918,166.2,4.707440918,8.2,3.310589071,0.95559387,0.018221082,0.935639332,0.016887446,0.922721342,0.019179279,0.89027027,0.043869045,0.89027027,0.043869045,0.955172414,0.027054258,0.892744568,0.026658498,0.848628142,0.037263605,0.511866769,0.159546473
klebsiella_meropenem_resfinder+cdhit_train,LogReg (L2),415,"[{'clf__C': 1}, {'clf__C': 1}, {'clf__C': 1}, {'clf__C': 1}, {'clf__C': 0.1}]","[0.7376187170053775, 0.514695626486838, 0.5327391480454344, 0.4721762135999843, 0.48772449466940604]",0.514695626,65.4,4.409081537,6.4,2.870540019,167.6,2.870540019,9.2,4.707440918,0.959054882,0.018471931,0.937271667,0.018892711,0.920077664,0.029777395,0.876936937,0.062490269,0.876936937,0.062490269,0.963218391,0.016497356,0.89274568,0.035285589,0.850360465,0.046632454,0.54899084,0.096617604
klebsiella_meropenem_resfinder+cdhit_train,Balanced Random Forest,415,"[{'clf__max_depth': 10, 'clf__min_samples_leaf': 1, 'clf__min_samples_split': 10, 'clf__n_estimators': 500}, {'clf__max_depth': 10, 'clf__min_samples_leaf': 1, 'clf__min_samples_split': 10, 'clf__n_estimators': 200}, {'clf__max_depth': 5, 'clf__min_samples_leaf': 2, 'clf__min_samples_split': 5, 'clf__n_estimators': 500}, {'clf__max_depth': 10, 'clf__min_samples_leaf': 2, 'clf__min_samples_split': 2, 'clf__n_estimators': 200}, {'clf__max_depth': None, 'clf__min_samples_leaf': 2, 'clf__min_samples_split': 2, 'clf__n_estimators': 200}]","[0.5194356096473107, 0.38424812841968226, 0.5293478042998885, 0.43610967066680323, 0.5353988906066686]",0.51943561,65.6,4.223742416,7.4,3.720215048,166.6,3.720215048,9,4.5607017,0.958804494,0.016632731,0.934062055,0.022333144,0.918555452,0.03096147,0.87963964,0.060510074,0.87963964,0.060510074,0.957471264,0.021380546,0.888577755,0.039484707,0.843429357,0.054580781,0.480908021,0.060249597
klebsiella_meropenem_resfinder+cdhit_train,Random Forest,415,"[{'clf__max_depth': 5, 'clf__min_samples_leaf': 1, 'clf__min_samples_split': 5, 'clf__n_estimators': 200}, {'clf__max_depth': None, 'clf__min_samples_leaf': 1, 'clf__min_samples_split': 10, 'clf__n_estimators': 200}, {'clf__max_depth': 5, 'clf__min_samples_leaf': 2, 'clf__min_samples_split': 2, 'clf__n_estimators': 500}, {'clf__max_depth': 10, 'clf__min_samples_leaf': 1, 'clf__min_samples_split': 5, 'clf__n_estimators': 200}, {'clf__max_depth': 10, 'clf__min_samples_leaf': 2, 'clf__min_samples_split': 10, 'clf__n_estimators': 500}]","[0.5096691229913928, 0.462672956186754, 0.5158098084270296, 0.39722742295187585, 0.5008981096016387]",0.50089811,64.6,4.029888336,7,2.966479395,167,2.966479395,10,4.427188724,0.955369887,0.017547546,0.931649177,0.020094816,0.913020193,0.029491714,0.86627027,0.05866401,0.86627027,0.05866401,0.959770115,0.017048732,0.883267126,0.036370386,0.836628798,0.049603976,0.477255484,0.044075377
klebsiella_meropenem_resfinder+cdhit_train,Extra Trees,415,"[{'clf__max_depth': 10, 'clf__min_samples_leaf': 2, 'clf__min_samples_split': 10, 'clf__n_estimators': 200}, {'clf__max_depth': 10, 'clf__min_samples_leaf': 1, 'clf__min_samples_split': 5, 'clf__n_estimators': 500}, {'clf__max_depth': 5, 'clf__min_samples_leaf': 1, 'clf__min_samples_split': 10, 'clf__n_estimators': 500}, {'clf__max_depth': 10, 'clf__min_samples_leaf': 1, 'clf__min_samples_split': 2, 'clf__n_estimators': 500}, {'clf__max_depth': 10, 'clf__min_samples_leaf': 2, 'clf__min_samples_split': 2, 'clf__n_estimators': 200}]","[0.5610043721842541, 0.5006971860816865, 0.5053826913442399, 0.29121918444418055, 0.3791909597136871]",0.500697186,65.4,4.127953488,9.4,5.885575588,164.6,5.885575588,9.2,4.53431362,0.956837217,0.014018837,0.925187848,0.021982556,0.91149301,0.026580332,0.877009009,0.060125735,0.877009009,0.060125735,0.945977011,0.033825147,0.875712382,0.035004015,0.825135237,0.048243026,0.447498879,0.098136036
klebsiella_meropenem_resfinder+cdhit_train,BernoulliNB,415,"[{'clf__alpha': 1.0, 'clf__binarize': None}, {'clf__alpha': 1.0, 'clf__binarize': None}, {'clf__alpha': 0.1, 'clf__binarize': None}, {'clf__alpha': 0.1, 'clf__binarize': None}, {'clf__alpha': 0.1, 'clf__binarize': None}]","[0.6678541125101969, 0.04715427500417002, 0.7825016032974642, 0.7381542143814799, 0.6168690274902323]",0.667854113,66.6,2.332380758,18,4.516635916,156,4.516635916,8,2.449489743,0.932325049,0.010329835,0.89542363,0.015399916,0.894690276,0.014455895,0.892828829,0.032578131,0.892828829,0.032578131,0.896551724,0.025957678,0.83705276,0.020940303,0.764878717,0.030722959,0.570506647,0.267795173
klebsiella_meropenem_resfinder+cdhit_train,KNN,415,"[{'clf__n_neighbors': 15, 'clf__p': 1, 'clf__weights': 'distance'}, {'clf__n_neighbors': 3, 'clf__p': 1, 'clf__weights': 'uniform'}, {'clf__n_neighbors': 9, 'clf__p': 1, 'clf__weights': 'distance'}, {'clf__n_neighbors': 11, 'clf__p': 1, 'clf__weights': 'distance'}, {'clf__n_neighbors': 7, 'clf__p': 1, 'clf__weights': 'uniform'}]","[0.3333333333333333, 0.6666666666666666, 0.22511848341232232, 0.23853625480009033, 0.42857142857142855]",0.333333333,63.2,4.53431362,10.8,5.844655678,163.2,5.844655678,11.4,4.841487375,0.936627524,0.017554948,0.910713823,0.018708323,0.892695247,0.025001911,0.847459459,0.064213911,0.847459459,0.064213911,0.937931034,0.033589975,0.850592424,0.030872607,0.790535091,0.043513464,0.378445233,0.161680505
klebsiella_meropenem_resfinder+cdhit_train,Decision Tree,415,"[{'clf__max_depth': 2, 'clf__min_samples_leaf': 1, 'clf__min_samples_split': 2}, {'clf__max_depth': 3, 'clf__min_samples_leaf': 1, 'clf__min_samples_split': 2}, {'clf__max_depth': 2, 'clf__min_samples_leaf': 1, 'clf__min_samples_split': 2}, {'clf__max_depth': 2, 'clf__min_samples_leaf': 5, 'clf__min_samples_split': 2}, {'clf__max_depth': 2, 'clf__min_samples_leaf': 1, 'clf__min_samples_split': 2}]","[0.9425420777713291, 0.9806627149936836, 0.9491178726668371, 0.853568800588668, 0.932975871313673]",0.942542078,52.6,24.50795789,3.4,1.624807681,170.6,1.624807681,22,24.76287544,0.920599358,0.027919735,0.89793367,0.095119481,0.843347002,0.161826929,0.706234234,0.329904303,0.706234234,0.329904303,0.98045977,0.009337975,0.742802215,0.32290988,0.724518776,0.287518208,0.931773467,0.042247759
klebsiella_meropenem_resfinder+cdhit+phenotypeseeker_train,Gradient Boosting,1415,"[{'clf__learning_rate': 0.1, 'clf__max_depth': 1, 'clf__n_estimators': 500}, {'clf__learning_rate': 0.2, 'clf__max_depth': 1, 'clf__n_estimators': 500}, {'clf__learning_rate': 0.2, 'clf__max_depth': 1, 'clf__n_estimators': 500}, {'clf__learning_rate': 0.1, 'clf__max_depth': 1, 'clf__n_estimators': 500}, {'clf__learning_rate': 0.2, 'clf__max_depth': 1, 'clf__n_estimators': 500}]","[0.4183185276431089, 0.5610490202532219, 0.5271098033916765, 0.4782840187639938, 0.5033533747640087]",0.503353375,68.4,2.059126028,4,2.28035085,174,2.28035085,7.8,2.039607805,0.960230249,0.009969906,0.953580361,0.01254701,0.937584961,0.01534877,0.897641832,0.026815697,0.897641832,0.026815697,0.97752809,0.01281096,0.9206123,0.021088091,0.888804413,0.030174729,0.497622949,0.048142215
klebsiella_meropenem_resfinder+cdhit+phenotypeseeker_train,RBF SVM,1415,"[{'clf__C': 100, 'clf__gamma': 'auto'}, {'clf__C': 10, 'clf__gamma': 'scale'}, {'clf__C': 100, 'clf__gamma': 'auto'}, {'clf__C': 100, 'clf__gamma': 'auto'}, {'clf__C': 100, 'clf__gamma': 'auto'}]","[0.3854005056850688, 0.3226066987794555, 0.24524309212199033, 0.5238039025116153, 0.303094228999206]",0.322606699,68.4,2.059126028,5.6,2.939387691,172.4,2.939387691,7.8,2.039607805,0.957134025,0.011375156,0.947284237,0.007723535,0.933090579,0.009100655,0.897641832,0.026815697,0.897641832,0.026815697,0.968539326,0.016513414,0.910895277,0.01190581,0.874576446,0.018123303,0.356029686,0.09508287
klebsiella_meropenem_resfinder+cdhit+phenotypeseeker_train,Random Forest,1415,"[{'clf__max_depth': 10, 'clf__min_samples_leaf': 1, 'clf__min_samples_split': 5, 'clf__n_estimators': 200}, {'clf__max_depth': 10, 'clf__min_samples_leaf': 2, 'clf__min_samples_split': 2, 'clf__n_estimators': 500}, {'clf__max_depth': 10, 'clf__min_samples_leaf': 1, 'clf__min_samples_split': 10, 'clf__n_estimators': 200}, {'clf__max_depth': 10, 'clf__min_samples_leaf': 1, 'clf__min_samples_split': 2, 'clf__n_estimators': 200}, {'clf__max_depth': None, 'clf__min_samples_leaf': 1, 'clf__min_samples_split': 5, 'clf__n_estimators': 200}]","[0.5254868080371233, 0.5166274382879116, 0.5278772181634203, 0.5111132284999342, 0.5023396926230717]",0.516627438,67.4,2.059126028,3.4,1.2,174.6,1.2,8.8,1.939071943,0.960309354,0.010311585,0.952005558,0.008771773,0.932691407,0.013066074,0.884483937,0.02563249,0.884483937,0.02563249,0.980898876,0.006741573,0.91686841,0.015847212,0.884622509,0.021443088,0.516688877,0.009376282
klebsiella_meropenem_resfinder+cdhit+phenotypeseeker_train,Linear SVM,1415,"[{'clf__C': 0.01}, {'clf__C': 0.01}, {'clf__C': 0.01}, {'clf__C': 0.01}, {'clf__C': 0.01}]","[-0.0019252366976295864, 0.009690940387143849, 0.008248123159207504, 0.024819567015822386, -0.12209018858645398]",0.008248123,68,1.095445115,5.2,2.13541565,172.8,2.13541565,8.2,1.166190379,0.958822874,0.009335824,0.947287324,0.008094651,0.931599684,0.007902303,0.89241285,0.015144635,0.89241285,0.015144635,0.970786517,0.011996717,0.910434683,0.012844489,0.87379396,0.019240512,-0.016251359,0.053604373
klebsiella_meropenem_resfinder+cdhit+phenotypeseeker_train,AdaBoost,1415,"[{'clf__learning_rate': 0.5, 'clf__n_estimators': 500}, {'clf__learning_rate': 1.0, 'clf__n_estimators': 500}, {'clf__learning_rate': 1.0, 'clf__n_estimators': 200}, {'clf__learning_rate': 1.0, 'clf__n_estimators': 500}, {'clf__learning_rate': 1.0, 'clf__n_estimators': 500}]","[0.4889322391298868, 0.5043368000582019, 0.507789603390794, 0.5022230775469128, 0.5043038270506602]",0.504303827,67.4,1.496662955,4,1.549193338,174,1.549193338,8.8,1.469693846,0.9593288,0.009833367,0.949649529,0.007607833,0.931023102,0.009821865,0.884518113,0.019305978,0.884518113,0.019305978,0.97752809,0.008703333,0.913288663,0.013064805,0.879033066,0.018694012,0.501517109,0.006541223
klebsiella_meropenem_resfinder+cdhit+phenotypeseeker_train,Balanced Random Forest,1415,"[{'clf__max_depth': None, 'clf__min_samples_leaf': 1, 'clf__min_samples_split': 10, 'clf__n_estimators': 200}, {'clf__max_depth': None, 'clf__min_samples_leaf': 2, 'clf__min_samples_split': 5, 'clf__n_estimators': 200}, {'clf__max_depth': None, 'clf__min_samples_leaf': 2, 'clf__min_samples_split': 5, 'clf__n_estimators': 200}, {'clf__max_depth': 10, 'clf__min_samples_leaf': 1, 'clf__min_samples_split': 5, 'clf__n_estimators': 500}, {'clf__max_depth': 20, 'clf__min_samples_leaf': 1, 'clf__min_samples_split': 10, 'clf__n_estimators': 200}]","[0.4410277777777777, 0.5335044159314726, 0.5094345022037853, 0.45903213245286195, 0.4968888888888889]",0.496888889,67.4,2.059126028,4,2.607680962,174,2.607680962,8.8,1.939071943,0.958995484,0.012256144,0.949655705,0.013222906,0.931006014,0.01515332,0.884483937,0.02563249,0.884483937,0.02563249,0.97752809,0.014649893,0.913415379,0.022133587,0.879341851,0.031757879,0.487977543,0.033629233
klebsiella_meropenem_resfinder+cdhit+phenotypeseeker_train,LogReg (L2),1415,"[{'clf__C': 0.1}, {'clf__C': 0.1}, {'clf__C': 0.1}, {'clf__C': 0.1}, {'clf__C': 0.1}]","[0.5703759462353577, 0.5046163105250512, 0.6222961998557168, 0.5297172344847235, 0.5358188133539151]",0.535818813,67.8,0.979795897,5,1.673320053,173,1.673320053,8.4,1.019803903,0.956383489,0.007762426,0.947287324,0.008827423,0.930845692,0.009389553,0.889781271,0.013250555,0.889781271,0.013250555,0.971910112,0.009400674,0.910147704,0.014675858,0.873451964,0.021308895,0.552564901,0.040696934
klebsiella_meropenem_resfinder+cdhit+phenotypeseeker_train,Extra Trees,1415,"[{'clf__max_depth': None, 'clf__min_samples_leaf': 2, 'clf__min_samples_split': 10, 'clf__n_estimators': 500}, {'clf__max_depth': 10, 'clf__min_samples_leaf': 1, 'clf__min_samples_split': 5, 'clf__n_estimators': 200}, {'clf__max_depth': None, 'clf__min_samples_leaf': 5, 'clf__min_samples_split': 2, 'clf__n_estimators': 200}, {'clf__max_depth': 10, 'clf__min_samples_leaf': 1, 'clf__min_samples_split': 10, 'clf__n_estimators': 500}, {'clf__max_depth': 10, 'clf__min_samples_leaf': 1, 'clf__min_samples_split': 10, 'clf__n_estimators': 200}]","[0.526714640106657, 0.5173883602582499, 0.44654568072188083, 0.4248137501198396, 0.4099315393615639]",0.446545681,67.6,2.059126028,4.6,2.497999199,173.4,2.497999199,8.6,2.059126028,0.96018772,0.01208905,0.948071638,0.010389893,0.930653498,0.01294247,0.887149692,0.027040945,0.887149692,0.027040945,0.974157303,0.014033703,0.911085472,0.017383485,0.875698385,0.025101678,0.465078794,0.048044225
klebsiella_meropenem_resfinder+cdhit+phenotypeseeker_train,LogReg (L1),1415,"[{'clf__C': 1}, {'clf__C': 1}, {'clf__C': 1}, {'clf__C': 1}, {'clf__C': 1}]","[0.6454707116543911, 0.7467705815445846, 0.7830699442820224, 0.4713937849533623, 0.36231198260282066]",0.645470712,68,2.097617696,5.8,3.370459909,172.2,3.370459909,8.2,2.13541565,0.962183197,0.008257524,0.944928208,0.00656079,0.92991429,0.006545717,0.89241285,0.027988866,0.89241285,0.027988866,0.96741573,0.018935168,0.906863035,0.008873321,0.869169401,0.014051272,0.601803401,0.16133362
klebsiella_meropenem_resfinder+cdhit+phenotypeseeker_train,Decision Tree,1415,"[{'clf__max_depth': 3, 'clf__min_samples_leaf': 10, 'clf__min_samples_split': 2}, {'clf__max_depth': None, 'clf__min_samples_leaf': 5, 'clf__min_samples_split': 2}, {'clf__max_depth': 5, 'clf__min_samples_leaf': 2, 'clf__min_samples_split': 2}, {'clf__max_depth': 10, 'clf__min_samples_leaf': 1, 'clf__min_samples_split': 10}, {'clf__max_depth': 5, 'clf__min_samples_leaf': 5, 'clf__min_samples_split': 2}]","[0.5606925044265197, 0.6093649775497112, 0.5391600454029513, 0.700589970501475, 0.5391600454029513]",0.560692504,68.4,2.653299832,6.8,1.939071943,171.2,1.939071943,7.8,2.638181192,0.941104645,0.025482038,0.942569091,0.012074164,0.929719792,0.017494378,0.897641832,0.034696486,0.897641832,0.034696486,0.961797753,0.010893663,0.903396787,0.021244668,0.863066197,0.029706848,0.589793509,0.061046314
klebsiella_meropenem_resfinder+cdhit+phenotypeseeker_train,SGD Logistic,1415,"[{'clf__alpha': 0.01}, {'clf__alpha': 0.01}, {'clf__alpha': 0.01}, {'clf__alpha': 0.001}, {'clf__alpha': 0.01}]","[0.5143781278599936, 0.46823134251619236, 0.6079023277275819, 0.30715273674474425, 0.5741103846606375]",0.514378128,68,1.673320053,6.8,4.019950248,171.2,4.019950248,8.2,1.469693846,0.954802353,0.006780674,0.940994287,0.014071998,0.927071125,0.010929608,0.892344498,0.019538294,0.892344498,0.019538294,0.961797753,0.02258399,0.901171752,0.021140517,0.860158981,0.031796608,0.494354984,0.105244454
klebsiella_meropenem_resfinder+cdhit+phenotypeseeker_train,HistGB,1415,"[{'clf__l2_regularization': 1.0, 'clf__learning_rate': 0.1, 'clf__max_depth': 6, 'clf__max_leaf_nodes': 31, 'clf__min_samples_leaf': 50}, {'clf__l2_regularization': 0.0, 'clf__learning_rate': 0.1, 'clf__max_depth': 3, 'clf__max_leaf_nodes': 31, 'clf__min_samples_leaf': 10}, {'clf__l2_regularization': 1.0, 'clf__learning_rate': 0.1, 'clf__max_depth': 3, 'clf__max_leaf_nodes': 31, 'clf__min_samples_leaf': 50}, {'clf__l2_regularization': 1.0, 'clf__learning_rate': 0.05, 'clf__max_depth': 6, 'clf__max_leaf_nodes': 31, 'clf__min_samples_leaf': 10}, {'clf__l2_regularization': 0.0, 'clf__learning_rate': 0.1, 'clf__max_depth': 6, 'clf__max_leaf_nodes': 31, 'clf__min_samples_leaf': 50}]","[0.549490325792396, 0.5524157573412029, 0.5256617802726931, 0.36833829997743023, 0.5117323881015894]",0.52566178,67,1.673320053,4.6,1.854723699,173.4,1.854723699,9.2,1.720465053,0.95719105,0.007044495,0.945721785,0.008328775,0.926723218,0.010829121,0.879289132,0.02248861,0.879289132,0.02248861,0.974157303,0.010419796,0.906668949,0.013954827,0.869657855,0.020077678,0.50152771,0.068287647
klebsiella_meropenem_resfinder+cdhit+phenotypeseeker_train,KNN,1415,"[{'clf__n_neighbors': 3, 'clf__p': 1, 'clf__weights': 'distance'}, {'clf__n_neighbors': 15, 'clf__p': 1, 'clf__weights': 'distance'}, {'clf__n_neighbors': 5, 'clf__p': 1, 'clf__weights': 'distance'}, {'clf__n_neighbors': 7, 'clf__p': 1, 'clf__weights': 'distance'}, {'clf__n_neighbors': 15, 'clf__p': 1, 'clf__weights': 'distance'}]","[0.5625, 0.5170320829046663, 0.5863826136909043, 0.37360538747612826, 0.5365924181125135]",0.536592418,65.4,1.959591794,7,1.264911064,171,1.264911064,10.8,1.6,0.931529795,0.015040428,0.929967578,0.008093818,0.909421152,0.011337516,0.858168148,0.021532728,0.858168148,0.021532728,0.960674157,0.007106242,0.880086097,0.014557259,0.831388667,0.019989987,0.5152225,0.074584554
klebsiella_meropenem_resfinder+cdhit+phenotypeseeker_train,BernoulliNB,1415,"[{'clf__alpha': 0.01, 'clf__binarize': None}, {'clf__alpha': 10.0, 'clf__binarize': None}, {'clf__alpha': 10.0, 'clf__binarize': None}, {'clf__alpha': 0.01, 'clf__binarize': None}, {'clf__alpha': 10.0, 'clf__binarize': None}]","[1.0598673222948307e-99, 1.0, 1.0, 6.258329603282431e-97, 1.0]",1,68.2,3.655133376,74.8,9.108238029,103.2,9.108238029,8,3.577708764,0.759000668,0.011902704,0.674302918,0.024741606,0.737375679,0.013783903,0.894976077,0.047144364,0.894976077,0.047144364,0.579775281,0.051169877,0.622539839,0.012314272,0.440543106,0.024298485,0.6,0.489897949
klebsiella_meropenem_resfinder+phenotypeseeker_train,Gradient Boosting,1313,"[{'clf__learning_rate': 0.05, 'clf__max_depth': 3, 'clf__n_estimators': 100}, {'clf__learning_rate': 0.1, 'clf__max_depth': 1, 'clf__n_estimators': 500}, {'clf__learning_rate': 0.05, 'clf__max_depth': 3, 'clf__n_estimators': 200}, {'clf__learning_rate': 0.2, 'clf__max_depth': 2, 'clf__n_estimators': 100}, {'clf__learning_rate': 0.2, 'clf__max_depth': 1, 'clf__n_estimators': 500}]","[0.3907691143448932, 0.30148576782457503, 0.505016632582112, 0.5417796056046503, 0.541622209186615]",0.505016633,66.8,4.118252056,4.6,1.959591794,169.4,1.959591794,7.8,4.4,0.96286911,0.010646495,0.950145744,0.018897116,0.934619447,0.029432354,0.895675676,0.058461513,0.895675676,0.058461513,0.973563218,0.011262022,0.914404787,0.03445285,0.88072429,0.046354181,0.456134666,0.095101587
klebsiella_meropenem_resfinder+phenotypeseeker_train,Balanced Random Forest,1313,"[{'clf__max_depth': 10, 'clf__min_samples_leaf': 1, 'clf__min_samples_split': 2, 'clf__n_estimators': 500}, {'clf__max_depth': 10, 'clf__min_samples_leaf': 1, 'clf__min_samples_split': 5, 'clf__n_estimators': 200}, {'clf__max_depth': None, 'clf__min_samples_leaf': 2, 'clf__min_samples_split': 5, 'clf__n_estimators': 200}, {'clf__max_depth': 10, 'clf__min_samples_leaf': 1, 'clf__min_samples_split': 2, 'clf__n_estimators': 500}, {'clf__max_depth': 10, 'clf__min_samples_leaf': 2, 'clf__min_samples_split': 2, 'clf__n_estimators': 200}]","[0.6103066305469556, 0.3842915018928844, 0.4821964285714286, 0.5911392732593116, 0.5338149168083378]",0.533814917,66.6,4.079215611,5.4,3.261901286,168.6,3.261901286,8,4.335896678,0.956242415,0.016053543,0.94612968,0.017279907,0.930969245,0.02659619,0.892972973,0.057580579,0.892972973,0.057580579,0.968965517,0.018746559,0.908207825,0.031208345,0.872081803,0.041664588,0.52034975,0.081550267
klebsiella_meropenem_resfinder+phenotypeseeker_train,RBF SVM,1313,"[{'clf__C': 100, 'clf__gamma': 'auto'}, {'clf__C': 100, 'clf__gamma': 'auto'}, {'clf__C': 10, 'clf__gamma': 0.01}, {'clf__C': 100, 'clf__gamma': 'auto'}, {'clf__C': 100, 'clf__gamma': 'auto'}]","[0.5780989710064309, 0.6128001835537662, 0.537359760108478, 0.5434312687439669, 0.3778419592887542]",0.543431269,66.6,2.8,5.4,1.356465997,168.6,1.356465997,8,3.16227766,0.95893528,0.01314795,0.946113486,0.011746772,0.930969245,0.019800877,0.892972973,0.041845892,0.892972973,0.041845892,0.968965517,0.007795782,0.908255764,0.021593273,0.871052473,0.028754907,0.529906429,0.080691972
klebsiella_meropenem_resfinder+phenotypeseeker_train,Random Forest,1313,"[{'clf__max_depth': 20, 'clf__min_samples_leaf': 1, 'clf__min_samples_split': 2, 'clf__n_estimators': 500}, {'clf__max_depth': 10, 'clf__min_samples_leaf': 1, 'clf__min_samples_split': 2, 'clf__n_estimators': 500}, {'clf__max_depth': 20, 'clf__min_samples_leaf': 1, 'clf__min_samples_split': 2, 'clf__n_estimators': 200}, {'clf__max_depth': 20, 'clf__min_samples_leaf': 1, 'clf__min_samples_split': 5, 'clf__n_estimators': 200}, {'clf__max_depth': 10, 'clf__min_samples_leaf': 1, 'clf__min_samples_split': 2, 'clf__n_estimators': 500}]","[0.508, 0.35887546701524325, 0.52, 0.5121812728990047, 0.5529644677094988]",0.512181273,66.4,3.878143886,5,2.097617696,169,2.097617696,8.2,4.166533331,0.95764316,0.014289911,0.946932893,0.018853565,0.930785337,0.028395854,0.890306306,0.05529558,0.890306306,0.05529558,0.971264368,0.012055274,0.909067279,0.034302309,0.872966569,0.046126573,0.490404242,0.06763632
klebsiella_meropenem_resfinder+phenotypeseeker_train,LogReg (L1),1313,"[{'clf__C': 1}, {'clf__C': 1}, {'clf__C': 1}, {'clf__C': 1}, {'clf__C': 1}]","[0.7302519577420817, 0.550770741901565, 0.5468406710165129, 0.5046435782060479, 0.4656102377190844]",0.546840671,66.6,4.317406629,5.6,1.356465997,168.4,1.356465997,8,4.604345773,0.961304132,0.014096654,0.945313512,0.017290655,0.93041255,0.02943529,0.893009009,0.061181124,0.893009009,0.061181124,0.967816092,0.007795782,0.906455316,0.032821737,0.869230778,0.042744369,0.559623437,0.090793312
klebsiella_meropenem_resfinder+phenotypeseeker_train,Extra Trees,1313,"[{'clf__max_depth': 10, 'clf__min_samples_leaf': 1, 'clf__min_samples_split': 2, 'clf__n_estimators': 200}, {'clf__max_depth': 10, 'clf__min_samples_leaf': 1, 'clf__min_samples_split': 2, 'clf__n_estimators': 200}, {'clf__max_depth': None, 'clf__min_samples_leaf': 1, 'clf__min_samples_split': 10, 'clf__n_estimators': 200}, {'clf__max_depth': 10, 'clf__min_samples_leaf': 1, 'clf__min_samples_split': 5, 'clf__n_estimators': 500}, {'clf__max_depth': 10, 'clf__min_samples_leaf': 1, 'clf__min_samples_split': 2, 'clf__n_estimators': 200}]","[0.6831961947774856, 0.3746293689794835, 0.5631113625090635, 0.5168282105304038, 0.5795338358328783]",0.563111363,66.4,3.878143886,5.2,1.469693846,168.8,1.469693846,8.2,4.166533331,0.952515274,0.0179971,0.946123202,0.015720029,0.930210624,0.026514897,0.890306306,0.05529558,0.890306306,0.05529558,0.970114943,0.008446516,0.907676995,0.029468204,0.871051325,0.03849691,0.543459795,0.100425829
klebsiella_meropenem_resfinder+phenotypeseeker_train,HistGB,1313,"[{'clf__l2_regularization': 0.0, 'clf__learning_rate': 0.1, 'clf__max_depth': 3, 'clf__max_leaf_nodes': 31, 'clf__min_samples_leaf': 10}, {'clf__l2_regularization': 0.0, 'clf__learning_rate': 0.1, 'clf__max_depth': 3, 'clf__max_leaf_nodes': 31, 'clf__min_samples_leaf': 50}, {'clf__l2_regularization': 1.0, 'clf__learning_rate': 0.1, 'clf__max_depth': 6, 'clf__max_leaf_nodes': 31, 'clf__min_samples_leaf': 50}, {'clf__l2_regularization': 0.0, 'clf__learning_rate': 0.1, 'clf__max_depth': 3, 'clf__max_leaf_nodes': 31, 'clf__min_samples_leaf': 50}, {'clf__l2_regularization': 1.0, 'clf__learning_rate': 0.05, 'clf__max_depth': 6, 'clf__max_leaf_nodes': 31, 'clf__min_samples_leaf': 10}]","[0.5781167725894449, 0.3621951593776342, 0.36884488246764047, 0.35995029860533795, 0.4163075136924251]",0.368844882,66,3.405877273,4.8,2.13541565,169.2,2.13541565,8.6,3.720215048,0.952881744,0.018513238,0.946116725,0.012794476,0.928675365,0.02210642,0.884936937,0.049317998,0.884936937,0.049317998,0.972413793,0.012272504,0.907402133,0.024162235,0.871209899,0.03112837,0.417082925,0.083109824
klebsiella_meropenem_resfinder+phenotypeseeker_train,LogReg (L2),1313,"[{'clf__C': 1}, {'clf__C': 1}, {'clf__C': 0.1}, {'clf__C': 1}, {'clf__C': 1}]","[0.4666047984678656, 0.6206706897814438, 0.5392675324878835, 0.4954140229686845, 0.578791743108849]",0.539267532,66.8,2.4,6.8,1.720465053,167.2,1.720465053,7.8,2.785677655,0.953256084,0.015304638,0.941278015,0.010312465,0.92827959,0.016930218,0.89563964,0.036807314,0.89563964,0.036807314,0.96091954,0.00988773,0.901268073,0.018630614,0.860137521,0.025585117,0.540149757,0.055475668
klebsiella_meropenem_resfinder+phenotypeseeker_train,AdaBoost,1313,"[{'clf__learning_rate': 0.5, 'clf__n_estimators': 500}, {'clf__learning_rate': 1.0, 'clf__n_estimators': 200}, {'clf__learning_rate': 1.0, 'clf__n_estimators': 200}, {'clf__learning_rate': 1.0, 'clf__n_estimators': 500}, {'clf__learning_rate': 0.5, 'clf__n_estimators': 500}]","[0.49457977656953017, 0.5001244510469085, 0.49090379901273384, 0.49929672226557864, 0.4815497082379467]",0.494579777,65.6,3.611094017,4.2,1.326649916,169.8,1.326649916,9,3.949683532,0.959917987,0.01713767,0.946932893,0.018853565,0.927732836,0.028138384,0.879603604,0.052427714,0.879603604,0.052427714,0.975862069,0.007624425,0.908061459,0.034094451,0.872320589,0.045922519,0.493290891,0.006752516
klebsiella_meropenem_resfinder+phenotypeseeker_train,Decision Tree,1313,"[{'clf__max_depth': 3, 'clf__min_samples_leaf': 1, 'clf__min_samples_split': 5}, {'clf__max_depth': 10, 'clf__min_samples_leaf': 2, 'clf__min_samples_split': 20}, {'clf__max_depth': 5, 'clf__min_samples_leaf': 2, 'clf__min_samples_split': 2}, {'clf__max_depth': 5, 'clf__min_samples_leaf': 2, 'clf__min_samples_split': 5}, {'clf__max_depth': 5, 'clf__min_samples_leaf': 1, 'clf__min_samples_split': 10}]","[0.9759446848632833, 0.6361974405850092, 0.5395348837209302, 0.6073298429319371, 0.6987951807228916]",0.636197441,66.8,4.489988864,7,2.19089023,167,2.19089023,7.8,4.749736835,0.924801284,0.039909703,0.940487757,0.02096269,0.927722895,0.032191532,0.895675676,0.063139825,0.895675676,0.063139825,0.959770115,0.012591323,0.899441514,0.037680545,0.858364396,0.050932336,0.691560407,0.151128002
klebsiella_meropenem_resfinder+phenotypeseeker_train,Linear SVM,1313,"[{'clf__C': 0.1}, {'clf__C': 0.1}, {'clf__C': 0.01}, {'clf__C': 0.1}, {'clf__C': 0.1}]","[0.11633128651317144, 0.1324185417611425, -0.050691809911110636, 0.020193296822229943, 0.0896978264155382]",0.089697826,66.4,2.939387691,6.8,2.638181192,167.2,2.638181192,8.2,3.310589071,0.952839805,0.016369679,0.939668351,0.011329883,0.925612923,0.018688305,0.890306306,0.043815789,0.890306306,0.043815789,0.96091954,0.015161961,0.898265695,0.020347891,0.856632447,0.027591426,0.061589828,0.068006224
klebsiella_meropenem_resfinder+phenotypeseeker_train,SGD Logistic,1313,"[{'clf__alpha': 1e-05}, {'clf__alpha': 1e-05}, {'clf__alpha': 0.0001}, {'clf__alpha': 0.001}, {'clf__alpha': 0.01}]","[1.0, 6.315561170604422e-06, 0.9999999909497207, 0.8406969022418721, 0.5107988943594626]",0.840696902,66.4,2.576819745,8.6,3.878143886,165.4,3.878143886,8.2,2.993325909,0.941918815,0.026905924,0.932445913,0.021403979,0.920440509,0.024535541,0.890306306,0.039550826,0.890306306,0.039550826,0.950574713,0.022288183,0.888010007,0.033642996,0.840435848,0.04903713,0.670300421,0.379782439
klebsiella_meropenem_resfinder+phenotypeseeker_train,KNN,1313,"[{'clf__n_neighbors': 9, 'clf__p': 1, 'clf__weights': 'distance'}, {'clf__n_neighbors': 7, 'clf__p': 1, 'clf__weights': 'distance'}, {'clf__n_neighbors': 7, 'clf__p': 1, 'clf__weights': 'distance'}, {'clf__n_neighbors': 5, 'clf__p': 1, 'clf__weights': 'distance'}, {'clf__n_neighbors': 15, 'clf__p': 1, 'clf__weights': 'distance'}]","[0.496972425123666, 0.5626042398670555, 0.39655172413793105, 0.5896951712975451, 0.5030070746758352]",0.503007075,63.6,3.261901286,7.6,3.826225294,166.4,3.826225294,11,3.633180425,0.936978565,0.021304037,0.925220236,0.025145154,0.904557316,0.030222369,0.852792793,0.047968824,0.852792793,0.047968824,0.956321839,0.021989801,0.872633454,0.042644017,0.820886748,0.060552408,0.509766127,0.066644404
klebsiella_meropenem_resfinder+phenotypeseeker_train,BernoulliNB,1313,"[{'clf__alpha': 0.01, 'clf__binarize': None}, {'clf__alpha': 10.0, 'clf__binarize': None}, {'clf__alpha': 0.01, 'clf__binarize': None}, {'clf__alpha': 10.0, 'clf__binarize': None}, {'clf__alpha': 0.01, 'clf__binarize': None}]","[1.0, 1.0, 1.0, 1.0, 0.9999999999965894]",1,66.2,1.939071943,70,4.604345773,104,4.604345773,8.4,2.332380758,0.757701667,0.023776762,0.684648271,0.023444112,0.742634358,0.023734181,0.887567568,0.03068633,0.887567568,0.03068633,0.597701149,0.026461757,0.628346841,0.02265616,0.447012468,0.042937207,1,1.36E-12
klebsiella_meropenem_resfinder+pointfinder_train,Gradient Boosting,367,"[{'clf__learning_rate': 0.2, 'clf__max_depth': 1, 'clf__n_estimators': 500}, {'clf__learning_rate': 0.1, 'clf__max_depth': 1, 'clf__n_estimators': 500}, {'clf__learning_rate': 0.1, 'clf__max_depth': 1, 'clf__n_estimators': 500}, {'clf__learning_rate': 0.05, 'clf__max_depth': 1, 'clf__n_estimators': 200}, {'clf__learning_rate': 0.1, 'clf__max_depth': 1, 'clf__n_estimators': 200}]","[0.5563637168173557, 0.657592580041264, 0.8229603432114705, 0.566010010783516, 0.5034892699147097]",0.566010011,65.4,3.611094017,4.2,1.166190379,169.8,1.166190379,9.2,3.969886648,0.949060578,0.02008399,0.946126441,0.017466789,0.926399503,0.027164416,0.876936937,0.052567919,0.876936937,0.052567919,0.975862069,0.006702244,0.906494519,0.032243496,0.870416631,0.042525782,0.621283184,0.112371808
klebsiella_meropenem_resfinder+pointfinder_train,Decision Tree,367,"[{'clf__max_depth': 3, 'clf__min_samples_leaf': 5, 'clf__min_samples_split': 2}, {'clf__max_depth': 10, 'clf__min_samples_leaf': 1, 'clf__min_samples_split': 2}, {'clf__max_depth': 3, 'clf__min_samples_leaf': 2, 'clf__min_samples_split': 2}, {'clf__max_depth': 3, 'clf__min_samples_leaf': 5, 'clf__min_samples_split': 2}, {'clf__max_depth': 3, 'clf__min_samples_leaf': 5, 'clf__min_samples_split': 2}]","[0.9031630170316302, 0.7776536312849163, 0.8234250221827861, 0.6085245901639345, 0.6361974405850092]",0.777653631,65,3.898717738,3.6,1.743559577,170.4,1.743559577,9.6,4.223742416,0.924277726,0.034531005,0.94693937,0.022007735,0.925438956,0.031378003,0.871567568,0.056018409,0.871567568,0.056018409,0.979310345,0.010020457,0.907276865,0.039788341,0.872210125,0.053542422,0.74979274,0.111875794
klebsiella_meropenem_resfinder+pointfinder_train,RBF SVM,367,"[{'clf__C': 10, 'clf__gamma': 'auto'}, {'clf__C': 10, 'clf__gamma': 0.01}, {'clf__C': 10, 'clf__gamma': 'auto'}, {'clf__C': 100, 'clf__gamma': 0.01}, {'clf__C': 10, 'clf__gamma': 0.01}]","[0.29608008034779026, 0.2693202661785173, 0.2409603448392418, 0.34621575168115704, 0.17663608965912722]",0.269320266,66.6,3.440930107,7.8,3.12409987,166.2,3.12409987,8,3.741657387,0.956972559,0.018290358,0.936465216,0.012730193,0.924072693,0.02084628,0.892972973,0.049620457,0.892972973,0.049620457,0.955172414,0.017954597,0.893717054,0.022713526,0.849908748,0.030827799,0.265842507,0.0565034
klebsiella_meropenem_resfinder+pointfinder_train,AdaBoost,367,"[{'clf__learning_rate': 1.0, 'clf__n_estimators': 500}, {'clf__learning_rate': 1.0, 'clf__n_estimators': 200}, {'clf__learning_rate': 1.0, 'clf__n_estimators': 50}, {'clf__learning_rate': 1.0, 'clf__n_estimators': 500}, {'clf__learning_rate': 1.0, 'clf__n_estimators': 500}]","[0.5027911610310379, 0.4757478809850774, 0.4990929404716119, 0.5002279718869086, 0.47861649521106786]",0.49909294,65.4,4.92341345,6,2.097617696,168,2.097617696,9.2,5.268775949,0.947023713,0.023656638,0.938884571,0.018682483,0.921263125,0.032582197,0.877009009,0.06996502,0.877009009,0.06996502,0.965517241,0.012055274,0.89474874,0.035902374,0.853954161,0.046031189,0.49129529,0.011620886
klebsiella_meropenem_resfinder+pointfinder_train,HistGB,367,"[{'clf__l2_regularization': 1.0, 'clf__learning_rate': 0.1, 'clf__max_depth': 6, 'clf__max_leaf_nodes': 31, 'clf__min_samples_leaf': 10}, {'clf__l2_regularization': 0.0, 'clf__learning_rate': 0.05, 'clf__max_depth': 6, 'clf__max_leaf_nodes': 31, 'clf__min_samples_leaf': 10}, {'clf__l2_regularization': 1.0, 'clf__learning_rate': 0.1, 'clf__max_depth': 3, 'clf__max_leaf_nodes': 31, 'clf__min_samples_leaf': 10}, {'clf__l2_regularization': 0.0, 'clf__learning_rate': 0.05, 'clf__max_depth': 6, 'clf__max_leaf_nodes': 31, 'clf__min_samples_leaf': 10}, {'clf__l2_regularization': 1.0, 'clf__learning_rate': 0.1, 'clf__max_depth': 3, 'clf__max_leaf_nodes': 31, 'clf__min_samples_leaf': 10}]","[0.2370231722856748, 0.3753109656009815, 0.3069655824857161, 0.36215617584533843, 0.3493878901244816]",0.34938789,65.6,2.870540019,7.2,3.762977544,166.8,3.762977544,9,3.286335345,0.959521694,0.016212338,0.934868506,0.021851614,0.919112147,0.026027716,0.879603604,0.04344643,0.879603604,0.04344643,0.95862069,0.021626308,0.890364635,0.036445361,0.845029395,0.052427977,0.326168757,0.050129585
klebsiella_meropenem_resfinder+pointfinder_train,LogReg (L2),367,"[{'clf__C': 0.1}, {'clf__C': 1}, {'clf__C': 1}, {'clf__C': 10}, {'clf__C': 1}]","[0.4913681903216537, 0.5575184524982896, 0.5209166686626541, 0.7008502858583983, 0.606923384288225]",0.557518452,65,3.633180425,6,2.28035085,168,2.28035085,9.6,3.929376541,0.955839909,0.019230879,0.937281384,0.021875018,0.918524386,0.029892827,0.871531532,0.052065775,0.871531532,0.052065775,0.965517241,0.013105465,0.892518691,0.038854426,0.849280259,0.053551191,0.575515396,0.073594782
klebsiella_meropenem_resfinder+pointfinder_train,LogReg (L1),367,"[{'clf__C': 1}, {'clf__C': 1}, {'clf__C': 1}, {'clf__C': 10}, {'clf__C': 1}]","[0.7913168080155417, 0.597792676923488, 0.7549950346383357, 0.5830864311060199, 0.6012269999060021]",0.601227,64.8,4.118252056,5.6,2.653299832,168.4,2.653299832,9.8,4.4,0.954227918,0.016795815,0.938071641,0.016335006,0.918340478,0.026865654,0.868864865,0.058354394,0.868864865,0.058354394,0.967816092,0.01524885,0.893153128,0.030760612,0.851878448,0.040100873,0.66568359,0.088708915
klebsiella_meropenem_resfinder+pointfinder_train,Extra Trees,367,"[{'clf__max_depth': 10, 'clf__min_samples_leaf': 1, 'clf__min_samples_split': 10, 'clf__n_estimators': 200}, {'clf__max_depth': 10, 'clf__min_samples_leaf': 1, 'clf__min_samples_split': 5, 'clf__n_estimators': 200}, {'clf__max_depth': 10, 'clf__min_samples_leaf': 1, 'clf__min_samples_split': 10, 'clf__n_estimators': 500}, {'clf__max_depth': 10, 'clf__min_samples_leaf': 1, 'clf__min_samples_split': 5, 'clf__n_estimators': 200}, {'clf__max_depth': 10, 'clf__min_samples_leaf': 1, 'clf__min_samples_split': 5, 'clf__n_estimators': 500}]","[0.4977939255298632, 0.4188110154400868, 0.4580262523421483, 0.5267074705462745, 0.5278293596595641]",0.497793926,65.4,3.382306905,7.8,4.166533331,166.2,4.166533331,9.2,3.709447398,0.950601325,0.018806354,0.931658894,0.023070697,0.916036657,0.027950908,0.876900901,0.0491074,0.876900901,0.0491074,0.955172414,0.023945594,0.885222029,0.038871639,0.837820464,0.0550879,0.485833605,0.042053875
klebsiella_meropenem_resfinder+pointfinder_train,SGD Logistic,367,"[{'clf__alpha': 0.01}, {'clf__alpha': 0.01}, {'clf__alpha': 0.001}, {'clf__alpha': 0.001}, {'clf__alpha': 0.001}]","[0.5684968238489969, 0.4640091980495847, 0.511300933400722, 0.49997690803437106, 0.763461060818366]",0.511300933,65.2,4.261455151,7.4,3.611094017,166.6,3.611094017,9.4,4.498888752,0.955875116,0.018683995,0.932445913,0.019522532,0.915834731,0.028545497,0.874198198,0.059786423,0.874198198,0.059786423,0.957471264,0.020753414,0.885475095,0.035469014,0.839514128,0.048549772,0.561448985,0.106439378
klebsiella_meropenem_resfinder+pointfinder_train,Linear SVM,367,"[{'clf__C': 0.01}, {'clf__C': 0.1}, {'clf__C': 0.1}, {'clf__C': 1}, {'clf__C': 1}]","[-0.0689356048115705, 0.04059493012324468, 0.11561262561975594, 0.24772040137388085, -0.12133724748190577]",0.04059493,65.8,3.544009029,9.2,2.315167381,164.8,2.315167381,8.8,3.919183588,0.954541369,0.017791683,0.927607203,0.015606431,0.914716372,0.024778267,0.882306306,0.05190708,0.882306306,0.05190708,0.947126437,0.01330556,0.879202974,0.028174943,0.828581183,0.038893772,0.042731021,0.131700242
klebsiella_meropenem_resfinder+pointfinder_train,Balanced Random Forest,367,"[{'clf__max_depth': None, 'clf__min_samples_leaf': 1, 'clf__min_samples_split': 10, 'clf__n_estimators': 200}, {'clf__max_depth': None, 'clf__min_samples_leaf': 1, 'clf__min_samples_split': 10, 'clf__n_estimators': 200}, {'clf__max_depth': 10, 'clf__min_samples_leaf': 1, 'clf__min_samples_split': 2, 'clf__n_estimators': 500}, {'clf__max_depth': 10, 'clf__min_samples_leaf': 1, 'clf__min_samples_split': 5, 'clf__n_estimators': 500}, {'clf__max_depth': 10, 'clf__min_samples_leaf': 1, 'clf__min_samples_split': 2, 'clf__n_estimators': 500}]","[0.477843253968254, 0.5428492063492064, 0.49952321847854353, 0.5207430962871539, 0.4200491459934097]",0.499523218,65.2,3.487119155,8.2,1.6,165.8,1.6,9.4,3.929376541,0.954197784,0.015525861,0.929233061,0.019365172,0.913589935,0.028299234,0.874306306,0.051988474,0.874306306,0.051988474,0.952873563,0.009195402,0.880626361,0.034323201,0.830908456,0.047642709,0.492201584,0.04206077
klebsiella_meropenem_resfinder+pointfinder_train,Random Forest,367,"[{'clf__max_depth': 10, 'clf__min_samples_leaf': 1, 'clf__min_samples_split': 5, 'clf__n_estimators': 500}, {'clf__max_depth': 20, 'clf__min_samples_leaf': 1, 'clf__min_samples_split': 5, 'clf__n_estimators': 500}, {'clf__max_depth': 10, 'clf__min_samples_leaf': 1, 'clf__min_samples_split': 10, 'clf__n_estimators': 500}, {'clf__max_depth': 10, 'clf__min_samples_leaf': 1, 'clf__min_samples_split': 2, 'clf__n_estimators': 200}, {'clf__max_depth': 20, 'clf__min_samples_leaf': 1, 'clf__min_samples_split': 5, 'clf__n_estimators': 500}]","[0.5377930213864752, 0.5028599088350257, 0.4353582964587905, 0.5136432306442359, 0.36985001249412625]",0.502859909,65.2,3.544009029,8.4,1.959591794,165.6,1.959591794,9.4,3.929376541,0.950415553,0.020126478,0.928433087,0.018817382,0.912997204,0.027595024,0.87427027,0.052003683,0.87427027,0.052003683,0.951724138,0.011262022,0.879464095,0.033548369,0.82927177,0.045798919,0.471900894,0.061306443
klebsiella_meropenem_resfinder+pointfinder_train,KNN,367,"[{'clf__n_neighbors': 7, 'clf__p': 1, 'clf__weights': 'distance'}, {'clf__n_neighbors': 3, 'clf__p': 1, 'clf__weights': 'distance'}, {'clf__n_neighbors': 15, 'clf__p': 1, 'clf__weights': 'distance'}, {'clf__n_neighbors': 3, 'clf__p': 1, 'clf__weights': 'distance'}, {'clf__n_neighbors': 11, 'clf__p': 1, 'clf__weights': 'distance'}]","[0.2857142857142857, 0.4146341463414634, 0.24741115748210127, 0.5714285714285714, 0.2854538826102807]",0.285714286,64.2,3.544009029,11.8,1.6,162.2,1.6,10.4,3.929376541,0.922730558,0.024259731,0.910730017,0.0187955,0.896524386,0.027817145,0.860864865,0.051932467,0.860864865,0.051932467,0.932183908,0.009195402,0.852116805,0.033776624,0.788789588,0.046829029,0.360928409,0.119527703
klebsiella_meropenem_resfinder+pointfinder_train,BernoulliNB,367,"[{'clf__alpha': 1.0, 'clf__binarize': None}, {'clf__alpha': 1.0, 'clf__binarize': None}, {'clf__alpha': 1.0, 'clf__binarize': None}, {'clf__alpha': 0.01, 'clf__binarize': None}, {'clf__alpha': 0.01, 'clf__binarize': None}]","[0.6598596041094181, 0.7469770364917845, 0.7060809160707271, 0.8027338458371156, 0.5608028787009215]",0.706080916,65.8,2.638181192,26,2.966479395,148,2.966479395,8.8,2.925747768,0.897432536,0.020277493,0.860030444,0.020630396,0.866386455,0.024985475,0.882198198,0.038700488,0.882198198,0.038700488,0.850574713,0.017048732,0.790899938,0.030807842,0.695984872,0.046744635,0.695290856,0.082066159
klebsiella_meropenem_resfinder+pointfinder+cdhit_train,Gradient Boosting,469,"[{'clf__learning_rate': 0.1, 'clf__max_depth': 2, 'clf__n_estimators': 200}, {'clf__learning_rate': 0.05, 'clf__max_depth': 3, 'clf__n_estimators': 500}, {'clf__learning_rate': 0.1, 'clf__max_depth': 3, 'clf__n_estimators': 100}, {'clf__learning_rate': 0.05, 'clf__max_depth': 2, 'clf__n_estimators': 500}, {'clf__learning_rate': 0.2, 'clf__max_depth': 1, 'clf__n_estimators': 500}]","[0.4361022845455867, 0.529865315719817, 0.5182288624169785, 0.46961028794504106, 0.5367476611458717]",0.518228862,67,1.414213562,4.6,2.154065923,173.4,2.154065923,9.2,1.469693846,0.949485627,0.009931497,0.945718697,0.011208665,0.926723218,0.012337299,0.879289132,0.019163335,0.879289132,0.019163335,0.974157303,0.012101494,0.906755119,0.018486314,0.86961173,0.026796728,0.498110882,0.038892745
klebsiella_meropenem_resfinder+pointfinder+cdhit_train,LogReg (L1),469,"[{'clf__C': 1}, {'clf__C': 1}, {'clf__C': 1}, {'clf__C': 1}, {'clf__C': 1}]","[0.45801798738625776, 0.6129297059763185, 0.5040076437060222, 0.3963594360067057, 0.5864400341382275]",0.504007644,67.2,1.6,8.2,2.13541565,169.8,2.13541565,9,1.414213562,0.953739718,0.008712823,0.932342134,0.011750001,0.917892471,0.012908174,0.881852358,0.01880836,0.881852358,0.01880836,0.953932584,0.011996717,0.886646261,0.019151212,0.838609652,0.027607789,0.511550961,0.08009718
klebsiella_meropenem_resfinder+pointfinder+cdhit_train,Linear SVM,469,"[{'clf__C': 0.1}, {'clf__C': 0.01}, {'clf__C': 0.1}, {'clf__C': 0.1}, {'clf__C': 0.01}]","[-0.1798005157352694, -0.3287728483030767, 0.006819574791521066, 0.009909322885330946, -0.24531243125639918]",-0.179800516,68.8,2.039607805,12,5.138093031,166,5.138093031,7.4,2.059126028,0.95508402,0.011735312,0.923674541,0.015701067,0.91774463,0.01093699,0.90290499,0.027019512,0.90290499,0.027019512,0.93258427,0.028865691,0.877091024,0.021556391,0.824135742,0.032442179,-0.14743138,0.135692773
klebsiella_meropenem_resfinder+pointfinder+cdhit_train,HistGB,469,"[{'clf__l2_regularization': 0.0, 'clf__learning_rate': 0.1, 'clf__max_depth': 6, 'clf__max_leaf_nodes': 31, 'clf__min_samples_leaf': 10}, {'clf__l2_regularization': 1.0, 'clf__learning_rate': 0.1, 'clf__max_depth': 3, 'clf__max_leaf_nodes': 31, 'clf__min_samples_leaf': 10}, {'clf__l2_regularization': 1.0, 'clf__learning_rate': 0.05, 'clf__max_depth': 6, 'clf__max_leaf_nodes': 31, 'clf__min_samples_leaf': 10}, {'clf__l2_regularization': 1.0, 'clf__learning_rate': 0.1, 'clf__max_depth': 6, 'clf__max_leaf_nodes': 31, 'clf__min_samples_leaf': 10}, {'clf__l2_regularization': 0.0, 'clf__learning_rate': 0.1, 'clf__max_depth': 6, 'clf__max_leaf_nodes': 31, 'clf__min_samples_leaf': 50}]","[0.43101952000537386, 0.2784696529245026, 0.46673914418284523, 0.38882413018420353, 0.3748898426514362]",0.38882413,66.2,2.227105745,6.2,1.939071943,171.8,1.939071943,10,2.28035085,0.954375629,0.010490314,0.936276054,0.012012697,0.916982766,0.016092002,0.868796992,0.029848772,0.868796992,0.029848772,0.965168539,0.010893663,0.890907032,0.020818423,0.846857575,0.02916751,0.387988458,0.063592427
klebsiella_meropenem_resfinder+pointfinder+cdhit_train,LogReg (L2),469,"[{'clf__C': 1}, {'clf__C': 10}, {'clf__C': 1}, {'clf__C': 1}, {'clf__C': 0.1}]","[0.5737146352241556, 0.5094197822421929, 0.5324475102440821, 0.4891495686781995, 0.36819384168418184]",0.509419782,67,2.529822128,8.8,3.655133376,169.2,3.655133376,9.2,2.638181192,0.955487992,0.011135503,0.929186352,0.012954717,0.914942553,0.015145209,0.879323308,0.034463659,0.879323308,0.034463659,0.950561798,0.020534457,0.881716282,0.020463994,0.832334712,0.030458929,0.494585068,0.069165611
klebsiella_meropenem_resfinder+pointfinder+cdhit_train,RBF SVM,469,"[{'clf__C': 10, 'clf__gamma': 'auto'}, {'clf__C': 10, 'clf__gamma': 'auto'}, {'clf__C': 10, 'clf__gamma': 0.01}, {'clf__C': 100, 'clf__gamma': 'scale'}, {'clf__C': 1, 'clf__gamma': 'scale'}]","[0.12547742701572745, 0.2293405345768027, 0.48118580163005414, 0.3532596180666225, 0.20836467489457666]",0.229340535,66.8,1.939071943,9,2.75680975,169,2.75680975,9.4,1.854723699,0.953379331,0.012217751,0.927608461,0.011613082,0.913030789,0.012928215,0.876623377,0.024478237,0.876623377,0.024478237,0.949438202,0.015487695,0.879016668,0.018260185,0.827889513,0.026623408,0.279525611,0.12443215
klebsiella_meropenem_resfinder+pointfinder+cdhit_train,Decision Tree,469,"[{'clf__max_depth': 3, 'clf__min_samples_leaf': 5, 'clf__min_samples_split': 2}, {'clf__max_depth': 5, 'clf__min_samples_leaf': 1, 'clf__min_samples_split': 5}, {'clf__max_depth': 5, 'clf__min_samples_leaf': 2, 'clf__min_samples_split': 5}, {'clf__max_depth': 2, 'clf__min_samples_leaf': 1, 'clf__min_samples_split': 2}, {'clf__max_depth': 3, 'clf__min_samples_leaf': 5, 'clf__min_samples_split': 2}]","[0.6365264100268576, 0.700589970501475, 0.6991150442477876, 0.9492880339745191, 0.5721168322794339]",0.699115044,64.6,3.072458299,4,2.097617696,174,2.097617696,11.6,2.870540019,0.922252356,0.019669785,0.938622819,0.013577504,0.912602049,0.01954323,0.847676008,0.038052814,0.847676008,0.038052814,0.97752809,0.011784369,0.891942597,0.02487148,0.852161504,0.033047727,0.711527258,0.127956452
klebsiella_meropenem_resfinder+pointfinder+cdhit_train,AdaBoost,469,"[{'clf__learning_rate': 1.0, 'clf__n_estimators': 200}, {'clf__learning_rate': 1.0, 'clf__n_estimators': 100}, {'clf__learning_rate': 1.0, 'clf__n_estimators': 200}, {'clf__learning_rate': 0.5, 'clf__n_estimators': 500}, {'clf__learning_rate': 1.0, 'clf__n_estimators': 500}]","[0.510468511475689, 0.4835574152652437, 0.46776401254938, 0.44887421155999596, 0.4813539150719811]",0.481353915,65.8,1.326649916,7.6,3.929376541,170.4,3.929376541,10.4,1.624807681,0.952165494,0.009812741,0.92918944,0.016517049,0.910452779,0.014935393,0.863602187,0.020674969,0.863602187,0.020674969,0.957303371,0.022075149,0.880156797,0.025013307,0.830968817,0.037345112,0.478403613,0.020241592
klebsiella_meropenem_resfinder+pointfinder+cdhit_train,Extra Trees,469,"[{'clf__max_depth': 5, 'clf__min_samples_leaf': 1, 'clf__min_samples_split': 5, 'clf__n_estimators': 500}, {'clf__max_depth': 10, 'clf__min_samples_leaf': 2, 'clf__min_samples_split': 10, 'clf__n_estimators': 500}, {'clf__max_depth': 10, 'clf__min_samples_leaf': 2, 'clf__min_samples_split': 5, 'clf__n_estimators': 500}, {'clf__max_depth': 10, 'clf__min_samples_leaf': 1, 'clf__min_samples_split': 10, 'clf__n_estimators': 200}, {'clf__max_depth': 20, 'clf__min_samples_leaf': 1, 'clf__min_samples_split': 10, 'clf__n_estimators': 200}]","[0.5077514976086807, 0.5167006663026, 0.40235175878105955, 0.35283842564135814, 0.6240153919708473]",0.507751498,65.8,1.939071943,7.8,4.354308211,170.2,4.354308211,10.4,2.244994432,0.950555558,0.01672894,0.928411302,0.018991258,0.909908069,0.018598146,0.863636364,0.028777826,0.863636364,0.028777826,0.956179775,0.024462406,0.879031476,0.029676815,0.829404511,0.043140072,0.480731548,0.094925399
klebsiella_meropenem_resfinder+pointfinder+cdhit_train,Balanced Random Forest,469,"[{'clf__max_depth': 5, 'clf__min_samples_leaf': 1, 'clf__min_samples_split': 2, 'clf__n_estimators': 500}, {'clf__max_depth': 20, 'clf__min_samples_leaf': 2, 'clf__min_samples_split': 5, 'clf__n_estimators': 200}, {'clf__max_depth': None, 'clf__min_samples_leaf': 1, 'clf__min_samples_split': 10, 'clf__n_estimators': 200}, {'clf__max_depth': None, 'clf__min_samples_leaf': 1, 'clf__min_samples_split': 10, 'clf__n_estimators': 500}, {'clf__max_depth': None, 'clf__min_samples_leaf': 2, 'clf__min_samples_split': 5, 'clf__n_estimators': 200}]","[0.561030011877114, 0.5009250511391605, 0.48034325396825395, 0.33303888888888894, 0.4486810438297273]",0.480343254,66,2,10,3.521363372,168,3.521363372,10.2,2.315167381,0.952580602,0.013593783,0.920528022,0.008090446,0.905044084,0.008650801,0.866267943,0.02968243,0.866267943,0.02968243,0.943820225,0.01978294,0.867411046,0.011106349,0.811906086,0.017789231,0.46480365,0.075402438
klebsiella_meropenem_resfinder+pointfinder+cdhit_train,Random Forest,469,"[{'clf__max_depth': 5, 'clf__min_samples_leaf': 1, 'clf__min_samples_split': 5, 'clf__n_estimators': 200}, {'clf__max_depth': 10, 'clf__min_samples_leaf': 1, 'clf__min_samples_split': 10, 'clf__n_estimators': 200}, {'clf__max_depth': 20, 'clf__min_samples_leaf': 1, 'clf__min_samples_split': 2, 'clf__n_estimators': 200}, {'clf__max_depth': 20, 'clf__min_samples_leaf': 1, 'clf__min_samples_split': 10, 'clf__n_estimators': 200}, {'clf__max_depth': None, 'clf__min_samples_leaf': 1, 'clf__min_samples_split': 10, 'clf__n_estimators': 200}]","[0.5212117192177691, 0.5717205710058528, 0.4491549103708462, 0.33778844290835564, 0.36420492044654584]",0.44915491,65.4,4.029888336,9.6,5.462600113,168.4,5.462600113,10.8,4.166533331,0.951462287,0.014943072,0.919743709,0.011865108,0.902220311,0.016672416,0.858373206,0.054462499,0.858373206,0.054462499,0.946067416,0.030688765,0.865124253,0.017761993,0.811290725,0.025881094,0.448816113,0.089255747
klebsiella_meropenem_resfinder+pointfinder+cdhit_train,SGD Logistic,469,"[{'clf__alpha': 0.001}, {'clf__alpha': 0.0001}, {'clf__alpha': 0.01}, {'clf__alpha': 0.001}, {'clf__alpha': 0.01}]","[0.6914457337777389, 0.46960091654414116, 0.333623417027952, 0.6981305944705489, 0.41874679561844774]",0.469600917,68,1.788854382,18.8,21.08459153,159.2,21.08459153,8.2,2.039607805,0.95288771,0.012392845,0.893750193,0.078135147,0.893431613,0.051739546,0.892481203,0.026326528,0.892481203,0.026326528,0.894382022,0.118452761,0.845856853,0.085548763,0.779354841,0.126054414,0.522309491,0.147394701
klebsiella_meropenem_resfinder+pointfinder+cdhit_train,KNN,469,"[{'clf__n_neighbors': 9, 'clf__p': 1, 'clf__weights': 'distance'}, {'clf__n_neighbors': 5, 'clf__p': 1, 'clf__weights': 'distance'}, {'clf__n_neighbors': 5, 'clf__p': 1, 'clf__weights': 'distance'}, {'clf__n_neighbors': 3, 'clf__p': 1, 'clf__weights': 'distance'}, {'clf__n_neighbors': 5, 'clf__p': 1, 'clf__weights': 'distance'}]","[0.49149636245152606, 0.20869565217391303, 0.3284671532846716, 0.3333333333333333, 0.3977272727272727]",0.333333333,64,1.095445115,12.2,4.664761516,165.8,4.664761516,12.2,1.166190379,0.925754472,0.007713024,0.903998765,0.018118375,0.885689325,0.014016763,0.839917977,0.015062972,0.839917977,0.015062972,0.931460674,0.026206525,0.840553255,0.02565782,0.772812122,0.039531414,0.351943955,0.092723868
klebsiella_meropenem_resfinder+pointfinder+cdhit_train,BernoulliNB,469,"[{'clf__alpha': 1.0, 'clf__binarize': None}, {'clf__alpha': 0.1, 'clf__binarize': None}, {'clf__alpha': 1.0, 'clf__binarize': None}, {'clf__alpha': 1.0, 'clf__binarize': None}, {'clf__alpha': 1.0, 'clf__binarize': None}]","[0.8142591822336966, 0.8283428583917751, 0.6986780886521219, 0.8123908062962606, 0.8008577118710897]",0.812390806,66,2.683281573,21,3.741657387,157,3.741657387,10.2,2.712931993,0.906008126,0.013797487,0.877267253,0.014341468,0.874093943,0.016682044,0.866165414,0.035593385,0.866165414,0.035593385,0.882022472,0.021020547,0.808907597,0.021241677,0.723354004,0.032142593,0.790905729,0.046932953
klebsiella_meropenem_resfinder+pointfinder+cdhit+phenotypeseeker_train,Linear SVM,1469,"[{'clf__C': 0.01}, {'clf__C': 0.01}, {'clf__C': 0.01}, {'clf__C': 0.01}, {'clf__C': 0.01}]","[-0.030898361689208814, -0.17478526229886707, -0.09560044885516206, -0.11822233594032762, -0.0503665588781808]",-0.095600449,72.8,2.481934729,6,2.529822128,180,2.529822128,6.6,2.244994432,0.963300071,0.014613452,0.952532274,0.011550937,0.942272866,0.014559039,0.916803797,0.028416312,0.916803797,0.028416312,0.967741935,0.013601194,0.920393853,0.019278096,0.887084714,0.027669906,-0.093974594,0.050992612
klebsiella_meropenem_resfinder+pointfinder+cdhit+phenotypeseeker_train,Extra Trees,1469,"[{'clf__max_depth': 10, 'clf__min_samples_leaf': 1, 'clf__min_samples_split': 10, 'clf__n_estimators': 200}, {'clf__max_depth': 10, 'clf__min_samples_leaf': 1, 'clf__min_samples_split': 10, 'clf__n_estimators': 200}, {'clf__max_depth': None, 'clf__min_samples_leaf': 5, 'clf__min_samples_split': 2, 'clf__n_estimators': 200}, {'clf__max_depth': 10, 'clf__min_samples_leaf': 1, 'clf__min_samples_split': 10, 'clf__n_estimators': 200}, {'clf__max_depth': 10, 'clf__min_samples_leaf': 1, 'clf__min_samples_split': 10, 'clf__n_estimators': 500}]","[0.3739867474386847, 0.4851615490160992, 0.4907456483110338, 0.5870953389800969, 0.5207470057652605]",0.490745648,71.4,3.878143886,3.8,3.249615362,182.2,3.249615362,8,3.633180425,0.963285865,0.012400314,0.955545467,0.009628673,0.939341908,0.01759833,0.899113924,0.045923991,0.899113924,0.045923991,0.979569892,0.01747105,0.923440094,0.01772046,0.894385662,0.023317795,0.491547258,0.069056433
klebsiella_meropenem_resfinder+pointfinder+cdhit+phenotypeseeker_train,Decision Tree,1469,"[{'clf__max_depth': 5, 'clf__min_samples_leaf': 5, 'clf__min_samples_split': 2}, {'clf__max_depth': 5, 'clf__min_samples_leaf': 2, 'clf__min_samples_split': 2}, {'clf__max_depth': 3, 'clf__min_samples_leaf': 2, 'clf__min_samples_split': 2}, {'clf__max_depth': 5, 'clf__min_samples_leaf': 1, 'clf__min_samples_split': 20}, {'clf__max_depth': 5, 'clf__min_samples_leaf': 5, 'clf__min_samples_split': 20}]","[0.7790575916230367, 0.7005649717514124, 0.8599735799207401, 0.6093366093366094, 0.7005649717514124]",0.700564972,72.2,2.993325909,6,0.894427191,180,0.894427191,7.2,2.925747768,0.949516554,0.025880312,0.950268123,0.010212396,0.938522866,0.017711371,0.909303797,0.037047543,0.909303797,0.037047543,0.967741935,0.004808748,0.915901711,0.01883659,0.881080244,0.025352061,0.729899545,0.084370876
klebsiella_meropenem_resfinder+pointfinder+cdhit+phenotypeseeker_train,Random Forest,1469,"[{'clf__max_depth': None, 'clf__min_samples_leaf': 1, 'clf__min_samples_split': 10, 'clf__n_estimators': 200}, {'clf__max_depth': 10, 'clf__min_samples_leaf': 2, 'clf__min_samples_split': 2, 'clf__n_estimators': 500}, {'clf__max_depth': 20, 'clf__min_samples_leaf': 2, 'clf__min_samples_split': 10, 'clf__n_estimators': 500}, {'clf__max_depth': 10, 'clf__min_samples_leaf': 1, 'clf__min_samples_split': 10, 'clf__n_estimators': 500}, {'clf__max_depth': None, 'clf__min_samples_leaf': 1, 'clf__min_samples_split': 10, 'clf__n_estimators': 500}]","[0.39171064627786206, 0.4809100863501329, 0.5016767471838982, 0.3468829440867372, 0.5159771877136525]",0.480910086,71.4,3.555277767,4.2,2.481934729,181.8,2.481934729,8,3.346640106,0.964283041,0.016994158,0.954036033,0.009924806,0.938282462,0.017710428,0.89914557,0.042319676,0.89914557,0.042319676,0.977419355,0.013343735,0.920992734,0.018431057,0.89024034,0.024372946,0.447431522,0.06629736
klebsiella_meropenem_resfinder+pointfinder+cdhit+phenotypeseeker_train,AdaBoost,1469,"[{'clf__learning_rate': 1.0, 'clf__n_estimators': 50}, {'clf__learning_rate': 1.0, 'clf__n_estimators': 500}, {'clf__learning_rate': 1.0, 'clf__n_estimators': 100}, {'clf__learning_rate': 0.5, 'clf__n_estimators': 500}, {'clf__learning_rate': 1.0, 'clf__n_estimators': 200}]","[0.5006559309783494, 0.4922086958020798, 0.47835622637911235, 0.500760777266116, 0.49087651326142273]",0.492208696,71.6,3.006659276,4.8,2.481934729,181.2,2.481934729,7.8,2.785677655,0.967596213,0.013439335,0.952532274,0.013582128,0.937935382,0.018388886,0.901677215,0.035316172,0.901677215,0.035316172,0.974193548,0.013343735,0.91903453,0.02336034,0.886385849,0.032812972,0.492571629,0.008215849
klebsiella_meropenem_resfinder+pointfinder+cdhit+phenotypeseeker_train,Gradient Boosting,1469,"[{'clf__learning_rate': 0.05, 'clf__max_depth': 3, 'clf__n_estimators': 500}, {'clf__learning_rate': 0.1, 'clf__max_depth': 1, 'clf__n_estimators': 500}, {'clf__learning_rate': 0.1, 'clf__max_depth': 2, 'clf__n_estimators': 100}, {'clf__learning_rate': 0.1, 'clf__max_depth': 1, 'clf__n_estimators': 500}, {'clf__learning_rate': 0.2, 'clf__max_depth': 1, 'clf__n_estimators': 200}]","[0.5057219455801054, 0.36393242178852975, 0.510293270611874, 0.6330450327477822, 0.3112313812312725]",0.505721946,71.4,2.244994432,4.6,1.624807681,181.4,1.624807681,8,2.097617696,0.961848884,0.01270138,0.952532274,0.009071305,0.937238839,0.01316468,0.899208861,0.02660412,0.899208861,0.02660412,0.975268817,0.008735525,0.918846645,0.015772246,0.886073695,0.021825521,0.46484481,0.114724203
klebsiella_meropenem_resfinder+pointfinder+cdhit+phenotypeseeker_train,HistGB,1469,"[{'clf__l2_regularization': 1.0, 'clf__learning_rate': 0.1, 'clf__max_depth': 6, 'clf__max_leaf_nodes': 31, 'clf__min_samples_leaf': 10}, {'clf__l2_regularization': 1.0, 'clf__learning_rate': 0.05, 'clf__max_depth': 6, 'clf__max_leaf_nodes': 31, 'clf__min_samples_leaf': 10}, {'clf__l2_regularization': 1.0, 'clf__learning_rate': 0.05, 'clf__max_depth': 3, 'clf__max_leaf_nodes': 31, 'clf__min_samples_leaf': 50}, {'clf__l2_regularization': 1.0, 'clf__learning_rate': 0.05, 'clf__max_depth': 6, 'clf__max_leaf_nodes': 31, 'clf__min_samples_leaf': 10}, {'clf__l2_regularization': 1.0, 'clf__learning_rate': 0.1, 'clf__max_depth': 3, 'clf__max_leaf_nodes': 31, 'clf__min_samples_leaf': 10}]","[0.45877621855043754, 0.4191505144536065, 0.5213044472962154, 0.5267098085298981, 0.3801798646158402]",0.458776219,71.2,3.544009029,4.4,2.059126028,181.6,2.059126028,8.2,3.310589071,0.965187662,0.013877583,0.9525266,0.012298606,0.936479005,0.019809251,0.896613924,0.042001623,0.896613924,0.042001623,0.976344086,0.01107057,0.918347543,0.022544083,0.886204022,0.030088316,0.461224171,0.056995391
klebsiella_meropenem_resfinder+pointfinder+cdhit+phenotypeseeker_train,LogReg (L1),1469,"[{'clf__C': 1}, {'clf__C': 0.1}, {'clf__C': 1}, {'clf__C': 0.1}, {'clf__C': 1}]","[0.5987202526665308, 0.5849387599727061, 0.39262229935340587, 0.47863801356474095, 0.5368647542920117]",0.536864754,71.2,3.42928564,4.6,2.154065923,181.4,2.154065923,8.2,3.370459909,0.957599956,0.024639573,0.951780394,0.013735955,0.935988839,0.020875607,0.896708861,0.042399206,0.896708861,0.042399206,0.975268817,0.011581,0.917226549,0.024495768,0.884444174,0.033436817,0.518356816,0.07565809
klebsiella_meropenem_resfinder+pointfinder+cdhit+phenotypeseeker_train,Balanced Random Forest,1469,"[{'clf__max_depth': None, 'clf__min_samples_leaf': 1, 'clf__min_samples_split': 5, 'clf__n_estimators': 500}, {'clf__max_depth': None, 'clf__min_samples_leaf': 1, 'clf__min_samples_split': 5, 'clf__n_estimators': 500}, {'clf__max_depth': None, 'clf__min_samples_leaf': 2, 'clf__min_samples_split': 10, 'clf__n_estimators': 500}, {'clf__max_depth': 10, 'clf__min_samples_leaf': 1, 'clf__min_samples_split': 10, 'clf__n_estimators': 200}, {'clf__max_depth': 10, 'clf__min_samples_leaf': 1, 'clf__min_samples_split': 10, 'clf__n_estimators': 500}]","[0.41083333333333333, 0.33233333333333337, 0.5408191309200494, 0.36359765972797886, 0.5020244617437559]",0.410833333,71.8,3.815756806,6,4.147288271,180,4.147288271,7.6,3.555277767,0.964413196,0.017038895,0.948770038,0.016383762,0.935943753,0.021013426,0.90414557,0.044994436,0.90414557,0.044994436,0.967741935,0.022297249,0.913564488,0.026907633,0.878821057,0.038680787,0.429921584,0.079729269
klebsiella_meropenem_resfinder+pointfinder+cdhit+phenotypeseeker_train,LogReg (L2),1469,"[{'clf__C': 0.1}, {'clf__C': 0.1}, {'clf__C': 0.1}, {'clf__C': 0.1}, {'clf__C': 0.1}]","[0.6091825108773291, 0.37153226277212753, 0.4452603457755188, 0.4143204689579944, 0.5392033942592507]",0.445260346,72,2.607680962,6.6,3.720215048,179.4,3.720215048,7.4,2.332380758,0.961297894,0.013793386,0.947260604,0.017951154,0.935612495,0.019368757,0.906708861,0.029647288,0.906708861,0.029647288,0.964516129,0.020001156,0.911697873,0.028976928,0.874692996,0.041839426,0.475899797,0.086481211
klebsiella_meropenem_resfinder+pointfinder+cdhit+phenotypeseeker_train,RBF SVM,1469,"[{'clf__C': 10, 'clf__gamma': 'auto'}, {'clf__C': 10, 'clf__gamma': 'auto'}, {'clf__C': 10, 'clf__gamma': 'auto'}, {'clf__C': 10, 'clf__gamma': 'auto'}, {'clf__C': 1, 'clf__gamma': 0.01}]","[0.34783677880686453, 0.31671827300703126, 0.5441144444891627, 0.43227909066389975, 0.6905050759830174]",0.432279091,71.2,3.370459909,4.8,3.310589071,181.2,3.310589071,8.2,3.059411708,0.962607782,0.015897076,0.951025677,0.011148721,0.935387913,0.016027759,0.896582278,0.038817468,0.896582278,0.038817468,0.974193548,0.017798866,0.916318324,0.019231485,0.883364768,0.027076526,0.466290733,0.13703186
klebsiella_meropenem_resfinder+pointfinder+cdhit+phenotypeseeker_train,SGD Logistic,1469,"[{'clf__alpha': 0.01}, {'clf__alpha': 0.0001}, {'clf__alpha': 0.01}, {'clf__alpha': 0.01}, {'clf__alpha': 0.01}]","[0.6968757507188832, 0.00013427486444125448, 0.5617678843712206, 0.47052722304304506, 0.4155203543516558]",0.470527223,71.2,2.925747768,6.4,5.16139516,179.6,5.16139516,8.2,2.712931993,0.958702787,0.018332399,0.94501064,0.023461659,0.931118484,0.023760612,0.89664557,0.034332512,0.89664557,0.034332512,0.965591398,0.027749436,0.907735524,0.036609581,0.869761816,0.053659206,0.428965097,0.23461319
klebsiella_meropenem_resfinder+pointfinder+cdhit+phenotypeseeker_train,KNN,1469,"[{'clf__n_neighbors': 7, 'clf__p': 1, 'clf__weights': 'distance'}, {'clf__n_neighbors': 11, 'clf__p': 1, 'clf__weights': 'distance'}, {'clf__n_neighbors': 15, 'clf__p': 1, 'clf__weights': 'distance'}, {'clf__n_neighbors': 7, 'clf__p': 1, 'clf__weights': 'distance'}, {'clf__n_neighbors': 11, 'clf__p': 1, 'clf__weights': 'distance'}]","[0.4162708988462871, 0.38898962385475, 0.5122579221304693, 0.44253859348198976, 0.5117142888656121]",0.442538593,68.6,3.006659276,7.6,3.666060556,178.4,3.666060556,10.8,2.638181192,0.945215904,0.012789258,0.930682366,0.008357615,0.911484449,0.010682014,0.863829114,0.033719628,0.863829114,0.033719628,0.959139785,0.019710003,0.881856188,0.012484065,0.834513471,0.018927042,0.454354265,0.050010989
klebsiella_meropenem_resfinder+pointfinder+cdhit+phenotypeseeker_train,BernoulliNB,1469,"[{'clf__alpha': 0.01, 'clf__binarize': None}, {'clf__alpha': 0.01, 'clf__binarize': None}, {'clf__alpha': 10.0, 'clf__binarize': None}, {'clf__alpha': 10.0, 'clf__binarize': None}, {'clf__alpha': 10.0, 'clf__binarize': None}]","[7.724033459631504e-72, 7.94095403471769e-73, 1.1790193912760459e-39, 1.5413405465932094e-50, 1.0]",1.54E-50,69.6,4.963869458,78.8,10.20588066,107.2,10.20588066,9.8,4.578209257,0.758207857,0.012590155,0.666182437,0.025947321,0.726320777,0.016916968,0.876297468,0.05811202,0.876297468,0.05811202,0.576344086,0.054870326,0.611071628,0.016927853,0.420176746,0.032923169,0.2,0.4
klebsiella_meropenem_resfinder+pointfinder+phenotypeseeker_train,Gradient Boosting,1367,"[{'clf__learning_rate': 0.1, 'clf__max_depth': 2, 'clf__n_estimators': 200}, {'clf__learning_rate': 0.1, 'clf__max_depth': 2, 'clf__n_estimators': 500}, {'clf__learning_rate': 0.1, 'clf__max_depth': 1, 'clf__n_estimators': 500}, {'clf__learning_rate': 0.1, 'clf__max_depth': 2, 'clf__n_estimators': 200}, {'clf__learning_rate': 0.2, 'clf__max_depth': 1, 'clf__n_estimators': 500}]","[0.5505969648976197, 0.4846958236250445, 0.41145399734508925, 0.25370769164376705, 0.5163421402940483]",0.484695824,68.8,1.720465053,5,3.033150178,173,3.033150178,7.4,1.743559577,0.957265162,0.011236194,0.951224332,0.014628167,0.937407551,0.015230449,0.90290499,0.022853835,0.90290499,0.022853835,0.971910112,0.01704017,0.917592247,0.023552848,0.883658527,0.034421513,0.443359324,0.105376279
klebsiella_meropenem_resfinder+pointfinder+phenotypeseeker_train,Linear SVM,1367,"[{'clf__C': 0.01}, {'clf__C': 0.01}, {'clf__C': 0.01}, {'clf__C': 0.01}, {'clf__C': 0.01}]","[0.12065551763665736, 0.14418247383430058, 0.13532917411090192, 0.012772070656835253, 0.05896824196030175]",0.120655518,68,1.264911064,4.8,2.13541565,173.2,2.13541565,8.2,1.326649916,0.958307349,0.009504518,0.948862128,0.011120581,0.932723279,0.011895681,0.89241285,0.017280395,0.89241285,0.017280395,0.973033708,0.011996717,0.912879243,0.01835482,0.877378095,0.026690062,0.094381496,0.050520037
klebsiella_meropenem_resfinder+pointfinder+phenotypeseeker_train,Random Forest,1367,"[{'clf__max_depth': 10, 'clf__min_samples_leaf': 1, 'clf__min_samples_split': 5, 'clf__n_estimators': 500}, {'clf__max_depth': None, 'clf__min_samples_leaf': 1, 'clf__min_samples_split': 5, 'clf__n_estimators': 200}, {'clf__max_depth': None, 'clf__min_samples_leaf': 2, 'clf__min_samples_split': 5, 'clf__n_estimators': 200}, {'clf__max_depth': 10, 'clf__min_samples_leaf': 1, 'clf__min_samples_split': 2, 'clf__n_estimators': 500}, {'clf__max_depth': 20, 'clf__min_samples_leaf': 1, 'clf__min_samples_split': 5, 'clf__n_estimators': 200}]","[0.5040752141858071, 0.5092793696395849, 0.48686044113180316, 0.3921033507249802, 0.5326524433315795]",0.504075214,67.4,2.059126028,3.6,1.496662955,174.4,1.496662955,8.8,1.939071943,0.955769659,0.010947081,0.951218157,0.01015098,0.932129609,0.013908659,0.884483937,0.02563249,0.884483937,0.02563249,0.979775281,0.008408219,0.915656967,0.017919485,0.882737138,0.024761923,0.484994164,0.048697752
klebsiella_meropenem_resfinder+pointfinder+phenotypeseeker_train,Balanced Random Forest,1367,"[{'clf__max_depth': None, 'clf__min_samples_leaf': 2, 'clf__min_samples_split': 2, 'clf__n_estimators': 200}, {'clf__max_depth': 10, 'clf__min_samples_leaf': 1, 'clf__min_samples_split': 5, 'clf__n_estimators': 500}, {'clf__max_depth': None, 'clf__min_samples_leaf': 1, 'clf__min_samples_split': 10, 'clf__n_estimators': 500}, {'clf__max_depth': None, 'clf__min_samples_leaf': 2, 'clf__min_samples_split': 2, 'clf__n_estimators': 200}, {'clf__max_depth': 20, 'clf__min_samples_leaf': 1, 'clf__min_samples_split': 10, 'clf__n_estimators': 500}]","[0.529556105006105, 0.5700997762512626, 0.5150055555555555, 0.456515873015873, 0.5003000000000001]",0.515005556,67.2,1.939071943,3.2,1.469693846,174.8,1.469693846,9,1.897366596,0.95642957,0.009861573,0.952008646,0.008014594,0.931954503,0.011945525,0.881886535,0.024972928,0.881886535,0.024972928,0.982022472,0.008256707,0.916695533,0.014418379,0.884764354,0.019644384,0.514295462,0.037099506
klebsiella_meropenem_resfinder+pointfinder+phenotypeseeker_train,LogReg (L1),1367,"[{'clf__C': 1}, {'clf__C': 1}, {'clf__C': 1}, {'clf__C': 1}, {'clf__C': 1}]","[0.608134322570263, 0.6772655714864232, 0.7530044800426102, 0.5101143540106411, 0.6881614828306722]",0.677265571,67.6,1.356465997,4.6,1.496662955,173.4,1.496662955,8.6,1.356465997,0.962690658,0.007776028,0.948077814,0.005729937,0.930653498,0.007740027,0.887149692,0.017767955,0.887149692,0.017767955,0.974157303,0.008408219,0.911073562,0.009584152,0.875344409,0.01389676,0.647336042,0.08257709
klebsiella_meropenem_resfinder+pointfinder+phenotypeseeker_train,LogReg (L2),1367,"[{'clf__C': 0.1}, {'clf__C': 0.1}, {'clf__C': 0.1}, {'clf__C': 0.1}, {'clf__C': 1}]","[0.5778025186638884, 0.5765949801471174, 0.607401218783272, 0.5134530347680935, 0.5817791629048207]",0.577802519,67.8,1.326649916,5.2,2.561249695,172.8,2.561249695,8.4,1.356465997,0.956003901,0.00899922,0.946499923,0.009507444,0.930283894,0.009118388,0.889781271,0.017722341,0.889781271,0.017722341,0.970786517,0.014389043,0.909022716,0.015206953,0.872021904,0.022570145,0.571406183,0.0310794
klebsiella_meropenem_resfinder+pointfinder+phenotypeseeker_train,Extra Trees,1367,"[{'clf__max_depth': None, 'clf__min_samples_leaf': 2, 'clf__min_samples_split': 10, 'clf__n_estimators': 200}, {'clf__max_depth': 20, 'clf__min_samples_leaf': 2, 'clf__min_samples_split': 10, 'clf__n_estimators': 500}, {'clf__max_depth': None, 'clf__min_samples_leaf': 5, 'clf__min_samples_split': 2, 'clf__n_estimators': 500}, {'clf__max_depth': 10, 'clf__min_samples_leaf': 1, 'clf__min_samples_split': 10, 'clf__n_estimators': 200}, {'clf__max_depth': 10, 'clf__min_samples_leaf': 2, 'clf__min_samples_split': 5, 'clf__n_estimators': 200}]","[0.5757834305041328, 0.5970998813330058, 0.48229804014449035, 0.5305063470650794, 0.5497883678339592]",0.549788368,67.2,1.939071943,4.2,2.039607805,173.8,2.039607805,9,1.897366596,0.953369347,0.010222051,0.948071638,0.010389893,0.929145514,0.013195627,0.881886535,0.024972928,0.881886535,0.024972928,0.976404494,0.011458471,0.910556089,0.017840875,0.875329081,0.025314423,0.547095213,0.039508475
klebsiella_meropenem_resfinder+pointfinder+phenotypeseeker_train,AdaBoost,1367,"[{'clf__learning_rate': 1.0, 'clf__n_estimators': 500}, {'clf__learning_rate': 1.0, 'clf__n_estimators': 500}, {'clf__learning_rate': 0.5, 'clf__n_estimators': 500}, {'clf__learning_rate': 0.5, 'clf__n_estimators': 500}, {'clf__learning_rate': 1.0, 'clf__n_estimators': 500}]","[0.5029122979343125, 0.49798462695251233, 0.5002943606837232, 0.4742722277262241, 0.5058696351550741]",0.500294361,67,2,4,2,174,2,9.2,1.939071943,0.958119667,0.011484043,0.948071638,0.012302437,0.928391523,0.015223789,0.879254956,0.025553216,0.879254956,0.025553216,0.97752809,0.011235955,0.910310536,0.021282093,0.875175122,0.030146111,0.49626663,0.011307612
klebsiella_meropenem_resfinder+pointfinder+phenotypeseeker_train,RBF SVM,1367,"[{'clf__C': 1, 'clf__gamma': 0.01}, {'clf__C': 10, 'clf__gamma': 0.01}, {'clf__C': 100, 'clf__gamma': 'auto'}, {'clf__C': 100, 'clf__gamma': 'auto'}, {'clf__C': 10, 'clf__gamma': 'scale'}]","[0.5217881848117418, 0.47913970700447617, 0.600900876234239, 0.6929384298658758, 0.2091562993922835]",0.521788185,67.4,2.059126028,5.2,3.059411708,172.8,3.059411708,8.8,2.039607805,0.958109395,0.011848304,0.94492512,0.005568441,0.927652315,0.006393796,0.884518113,0.026813824,0.884518113,0.026813824,0.970786517,0.017187706,0.906043235,0.007570825,0.868695466,0.012792782,0.500784699,0.163035628
klebsiella_meropenem_resfinder+pointfinder+phenotypeseeker_train,SGD Logistic,1367,"[{'clf__alpha': 0.01}, {'clf__alpha': 0.01}, {'clf__alpha': 0.01}, {'clf__alpha': 1e-05}, {'clf__alpha': 0.0001}]","[0.6654942659697124, 0.4784361774929766, 0.5653470581460489, 1.0, 0.005892516833937145]",0.565347058,67.8,1.6,6.4,2.727636339,171.6,2.727636339,8.4,1.624807681,0.951058219,0.006750711,0.941775513,0.007652444,0.926913108,0.00750106,0.889781271,0.021274057,0.889781271,0.021274057,0.964044944,0.0153238,0.901730573,0.011680621,0.861216017,0.017946672,0.543034004,0.321560621
klebsiella_meropenem_resfinder+pointfinder+phenotypeseeker_train,HistGB,1367,"[{'clf__l2_regularization': 0.0, 'clf__learning_rate': 0.1, 'clf__max_depth': 6, 'clf__max_leaf_nodes': 31, 'clf__min_samples_leaf': 50}, {'clf__l2_regularization': 1.0, 'clf__learning_rate': 0.1, 'clf__max_depth': 6, 'clf__max_leaf_nodes': 31, 'clf__min_samples_leaf': 10}, {'clf__l2_regularization': 1.0, 'clf__learning_rate': 0.05, 'clf__max_depth': 6, 'clf__max_leaf_nodes': 31, 'clf__min_samples_leaf': 10}, {'clf__l2_regularization': 1.0, 'clf__learning_rate': 0.1, 'clf__max_depth': 3, 'clf__max_leaf_nodes': 31, 'clf__min_samples_leaf': 10}, {'clf__l2_regularization': 1.0, 'clf__learning_rate': 0.1, 'clf__max_depth': 6, 'clf__max_leaf_nodes': 31, 'clf__min_samples_leaf': 50}]","[0.7226818414262295, 0.6246447915238661, 0.5309260662478245, 0.3768374584025936, 0.4263240803618995]",0.530926066,66.4,1.959591794,4.8,2.4,173.2,2.4,9.8,2.13541565,0.955790011,0.009718545,0.942575266,0.012035142,0.922248228,0.014812311,0.871462748,0.027683983,0.871462748,0.027683983,0.973033708,0.013483146,0.901024554,0.020479648,0.862123272,0.029423144,0.536282848,0.12656609
klebsiella_meropenem_resfinder+pointfinder+phenotypeseeker_train,Decision Tree,1367,"[{'clf__max_depth': 5, 'clf__min_samples_leaf': 1, 'clf__min_samples_split': 2}, {'clf__max_depth': 10, 'clf__min_samples_leaf': 1, 'clf__min_samples_split': 5}, {'clf__max_depth': 5, 'clf__min_samples_leaf': 1, 'clf__min_samples_split': 5}, {'clf__max_depth': None, 'clf__min_samples_leaf': 5, 'clf__min_samples_split': 2}, {'clf__max_depth': 5, 'clf__min_samples_leaf': 5, 'clf__min_samples_split': 2}]","[0.9849510163030657, 0.8239375542064181, 0.700589970501475, 0.6093649775497113, 0.8856502242152468]",0.823937554,65,2.19089023,5.8,1.720465053,172.2,1.720465053,11.2,2.4,0.928287938,0.024820345,0.933135711,0.015880018,0.910262889,0.02010953,0.853110048,0.03103047,0.853110048,0.03103047,0.96741573,0.009665534,0.884295814,0.027842515,0.838521597,0.03865418,0.800898749,0.132917924
klebsiella_meropenem_resfinder+pointfinder+phenotypeseeker_train,KNN,1367,"[{'clf__n_neighbors': 3, 'clf__p': 1, 'clf__weights': 'distance'}, {'clf__n_neighbors': 9, 'clf__p': 1, 'clf__weights': 'distance'}, {'clf__n_neighbors': 3, 'clf__p': 1, 'clf__weights': 'distance'}, {'clf__n_neighbors': 11, 'clf__p': 1, 'clf__weights': 'distance'}, {'clf__n_neighbors': 5, 'clf__p': 1, 'clf__weights': 'distance'}]","[0.5948275862068966, 0.41428210131822907, 0.5789473684210527, 0.4199532591067424, 0.5905974534769833]",0.578947368,65,2.28035085,8.2,3.969886648,169.8,3.969886648,11.2,1.939071943,0.927699932,0.014575861,0.923665277,0.018616291,0.903418787,0.018570995,0.85290499,0.025967145,0.85290499,0.025967145,0.953932584,0.022302734,0.870476264,0.029668992,0.81740362,0.043442697,0.519721554,0.083956176
klebsiella_meropenem_resfinder+pointfinder+phenotypeseeker_train,BernoulliNB,1367,"[{'clf__alpha': 0.01, 'clf__binarize': None}, {'clf__alpha': 10.0, 'clf__binarize': None}, {'clf__alpha': 10.0, 'clf__binarize': None}, {'clf__alpha': 10.0, 'clf__binarize': None}, {'clf__alpha': 0.01, 'clf__binarize': None}]","[9.407060707845169e-95, 1.0, 1.0, 1.0, 1.0]",1,66.4,2.332380758,72.4,8.11418511,105.6,8.11418511,9.8,2.315167381,0.756185631,0.010890147,0.676668211,0.026597925,0.732326411,0.017304995,0.871394395,0.030440866,0.871394395,0.030440866,0.593258427,0.04558531,0.618204283,0.016093446,0.428711898,0.029492596,0.8,0.4
