dataset,model,n_features,fold_best_params,fold_thresholds,median_threshold,tp_mean,tp_std,fp_mean,fp_std,tn_mean,tn_std,fn_mean,fn_std,auc_mean,auc_std,accuracy_mean,accuracy_std,balanced_accuracy_mean,balanced_accuracy_std,recall_mean,recall_std,sensitivity_mean,sensitivity_std,specificity_mean,specificity_std,f1_mean,f1_std,mcc_mean,mcc_std,threshold_mean,threshold_std
mycobacterium_isoniazid_cdhit_train,RBF SVM,3,"[{'clf__C': 0.1, 'clf__gamma': 'scale'}, {'clf__C': 0.1, 'clf__gamma': 'scale'}, {'clf__C': 0.1, 'clf__gamma': 'scale'}, {'clf__C': 0.1, 'clf__gamma': 'scale'}, {'clf__C': 0.1, 'clf__gamma': 'scale'}]","[0.6010181872919627, 0.5866635459086531, 0.5970031581802411, 0.5765318996350727, 0.5445646964026494]",0.586663546,58.8,48.00999896,37.2,30.37367281,24.8,30.37367281,39.2,48.00999896,0.501612903,0.003225806,0.5225,0.110227038,0.5,0,0.6,0.489897949,0.6,0.489897949,0.4,0.489897949,0.455813953,0.372170535,0,0,0.581156297,0.020180574
mycobacterium_isoniazid_cdhit_train,BernoulliNB,3,"[{'clf__alpha': 0.01, 'clf__binarize': None}, {'clf__alpha': 0.01, 'clf__binarize': None}, {'clf__alpha': 0.01, 'clf__binarize': None}, {'clf__alpha': 0.01, 'clf__binarize': None}, {'clf__alpha': 0.01, 'clf__binarize': None}]","[0.6141334050211154, 0.6126919237310643, 0.6135990958468399, 0.6135990958468399, 0.6135990958468399]",0.613599096,0,0,0,0,62,0,98,0,0.501612903,0.003225806,0.3875,0,0.5,0,0,0,0,0,1,0,0,0,0,0,0.613524523,0.000464896
mycobacterium_isoniazid_cdhit_train,LogReg (L1),3,"[{'clf__C': 0.001}, {'clf__C': 0.001}, {'clf__C': 0.001}, {'clf__C': 0.001}, {'clf__C': 0.001}]","[0.5, 0.5, 0.5, 0.5, 0.5]",0.5,98,0,62,0,0,0,0,0,0.5,0,0.6125,0,0.5,0,1,0,1,0,0,0,0.759689922,0,0,0,0.5,0
mycobacterium_isoniazid_cdhit_train,SGD Logistic,3,"[{'clf__alpha': 1e-05}, {'clf__alpha': 1e-05}, {'clf__alpha': 1e-05}, {'clf__alpha': 1e-05}, {'clf__alpha': 1e-05}]","[0.0032301127870601404, 0.00323011855868216, 0.00323011855868216, 0.00323011855868216, 0.00323011855868216]",0.003230119,98,0,62,0,0,0,0,0,0.5,0,0.6125,0,0.5,0,1,0,1,0,0,0,0.759689922,0,0,0,0.003230117,2.31E-09
mycobacterium_isoniazid_cdhit_train,KNN,3,"[{'clf__n_neighbors': 1, 'clf__p': 1, 'clf__weights': 'uniform'}, {'clf__n_neighbors': 1, 'clf__p': 1, 'clf__weights': 'uniform'}, {'clf__n_neighbors': 1, 'clf__p': 1, 'clf__weights': 'uniform'}, {'clf__n_neighbors': 1, 'clf__p': 1, 'clf__weights': 'uniform'}, {'clf__n_neighbors': 1, 'clf__p': 1, 'clf__weights': 'uniform'}]","[0.0, 0.0, 0.0, 0.0, 0.0]",0,98,0,62,0,0,0,0,0,0.5,0,0.6125,0,0.5,0,1,0,1,0,0,0,0.759689922,0,0,0,0,0
mycobacterium_isoniazid_cdhit_train,Random Forest,3,"[{'clf__max_depth': None, 'clf__min_samples_leaf': 1, 'clf__min_samples_split': 2, 'clf__n_estimators': 200}, {'clf__max_depth': None, 'clf__min_samples_leaf': 1, 'clf__min_samples_split': 2, 'clf__n_estimators': 200}, {'clf__max_depth': None, 'clf__min_samples_leaf': 1, 'clf__min_samples_split': 2, 'clf__n_estimators': 200}, {'clf__max_depth': None, 'clf__min_samples_leaf': 1, 'clf__min_samples_split': 2, 'clf__n_estimators': 200}, {'clf__max_depth': None, 'clf__min_samples_leaf': 1, 'clf__min_samples_split': 2, 'clf__n_estimators': 200}]","[0.4999552944565064, 0.4985100476054069, 0.5000559205230428, 0.49987815413169884, 0.49987815413169884]",0.499878154,98,0,62,0,0,0,0,0,0.5,0,0.6125,0,0.5,0,1,0,1,0,0,0,0.759689922,0,0,0,0.499655514,0.000576442
mycobacterium_isoniazid_cdhit_train,AdaBoost,3,"[{'clf__learning_rate': 0.01, 'clf__n_estimators': 50}, {'clf__learning_rate': 0.01, 'clf__n_estimators': 50}, {'clf__learning_rate': 0.01, 'clf__n_estimators': 50}, {'clf__learning_rate': 0.01, 'clf__n_estimators': 50}, {'clf__learning_rate': 0.01, 'clf__n_estimators': 50}]","[0.8807970779778823, 0.8807970779778825, 0.8807970779778823, 0.8807970779778823, 0.8807970779778823]",0.880797078,78.4,39.2,49.6,24.8,12.4,24.8,19.6,39.2,0.5,0,0.5675,0.09,0.5,0,0.8,0.4,0.8,0.4,0.2,0.4,0.607751938,0.303875969,0,0,0.880797078,1.11E-16
mycobacterium_isoniazid_cdhit_train,Linear SVM,3,"[{'clf__C': 0.001}, {'clf__C': 0.001}, {'clf__C': 0.001}, {'clf__C': 0.001}, {'clf__C': 0.001}]","[5.6090716519628765e-06, 0.0, 5.558418176024983e-06, 5.558418176024983e-06, 5.558418176024983e-06]",5.56E-06,19.6,39.2,12.4,24.8,49.6,24.8,78.4,39.2,0.5,0,0.4325,0.09,0.5,0,0.2,0.4,0.2,0.4,0.8,0.4,0.151937984,0.303875969,0,0,4.46E-06,2.23E-06
mycobacterium_isoniazid_cdhit_train,LogReg (L2),3,"[{'clf__C': 0.001}, {'clf__C': 0.001}, {'clf__C': 0.001}, {'clf__C': 0.001}, {'clf__C': 0.001}]","[0.5000001183622056, 0.5, 0.5000001174235076, 0.5000001174235076, 0.5000001174235076]",0.500000117,19.6,39.2,12.4,24.8,49.6,24.8,78.4,39.2,0.5,0,0.4325,0.09,0.5,0,0.2,0.4,0.2,0.4,0.8,0.4,0.151937984,0.303875969,0,0,0.500000094,4.71E-08
mycobacterium_isoniazid_cdhit_train,Balanced Random Forest,3,"[{'clf__max_depth': None, 'clf__min_samples_leaf': 1, 'clf__min_samples_split': 2, 'clf__n_estimators': 200}, {'clf__max_depth': None, 'clf__min_samples_leaf': 1, 'clf__min_samples_split': 2, 'clf__n_estimators': 200}, {'clf__max_depth': None, 'clf__min_samples_leaf': 1, 'clf__min_samples_split': 2, 'clf__n_estimators': 200}, {'clf__max_depth': None, 'clf__min_samples_leaf': 1, 'clf__min_samples_split': 2, 'clf__n_estimators': 200}, {'clf__max_depth': None, 'clf__min_samples_leaf': 1, 'clf__min_samples_split': 2, 'clf__n_estimators': 200}]","[0.5013478647713145, 0.5, 0.5015478518827172, 0.5013934425578621, 0.5013934425578621]",0.501393443,19.6,39.2,12.4,24.8,49.6,24.8,78.4,39.2,0.5,0,0.4325,0.09,0.5,0,0.2,0.4,0.2,0.4,0.8,0.4,0.151937984,0.303875969,0,0,0.50113652,0.000572286
mycobacterium_isoniazid_cdhit_train,Decision Tree,3,"[{'clf__max_depth': None, 'clf__min_samples_leaf': 1, 'clf__min_samples_split': 2}, {'clf__max_depth': None, 'clf__min_samples_leaf': 1, 'clf__min_samples_split': 2}, {'clf__max_depth': None, 'clf__min_samples_leaf': 1, 'clf__min_samples_split': 2}, {'clf__max_depth': None, 'clf__min_samples_leaf': 1, 'clf__min_samples_split': 2}, {'clf__max_depth': None, 'clf__min_samples_leaf': 1, 'clf__min_samples_split': 2}]","[0.5015197568389079, 0.5000000000000021, 0.50151057401812, 0.50151057401812, 0.50151057401812]",0.501510574,0,0,0,0,62,0,98,0,0.5,0,0.3875,0,0.5,0,0,0,0,0,1,0,0,0,0,0,0.501210296,0.000605158
mycobacterium_isoniazid_cdhit_train,Extra Trees,3,"[{'clf__max_depth': None, 'clf__min_samples_leaf': 1, 'clf__min_samples_split': 2, 'clf__n_estimators': 200}, {'clf__max_depth': None, 'clf__min_samples_leaf': 1, 'clf__min_samples_split': 2, 'clf__n_estimators': 200}, {'clf__max_depth': None, 'clf__min_samples_leaf': 1, 'clf__min_samples_split': 2, 'clf__n_estimators': 200}, {'clf__max_depth': None, 'clf__min_samples_leaf': 1, 'clf__min_samples_split': 2, 'clf__n_estimators': 200}, {'clf__max_depth': None, 'clf__min_samples_leaf': 1, 'clf__min_samples_split': 2, 'clf__n_estimators': 200}]","[0.5015197568389064, 0.5000000000000009, 0.5015105740181225, 0.5015105740181225, 0.5015105740181225]",0.501510574,0,0,0,0,62,0,98,0,0.5,0,0.3875,0,0.5,0,0,0,0,0,1,0,0,0,0,0,0.501210296,0.000605158
mycobacterium_isoniazid_cdhit_train,Gradient Boosting,3,"[{'clf__learning_rate': 0.01, 'clf__max_depth': 1, 'clf__n_estimators': 100}, {'clf__learning_rate': 0.01, 'clf__max_depth': 1, 'clf__n_estimators': 100}, {'clf__learning_rate': 0.01, 'clf__max_depth': 1, 'clf__n_estimators': 100}, {'clf__learning_rate': 0.01, 'clf__max_depth': 1, 'clf__n_estimators': 100}, {'clf__learning_rate': 0.01, 'clf__max_depth': 1, 'clf__n_estimators': 100}]","[0.6135899759088567, 0.6126760563380281, 0.6135831381733021, 0.6135831381733021, 0.6135831381733021]",0.613583138,0,0,0,0,62,0,98,0,0.5,0,0.3875,0,0.5,0,0,0,0,0,1,0,0,0,0,0,0.613403089,0.000363526
mycobacterium_isoniazid_cdhit_train,HistGB,3,"[{'clf__l2_regularization': 0.0, 'clf__learning_rate': 0.05, 'clf__max_depth': 3, 'clf__max_leaf_nodes': 31, 'clf__min_samples_leaf': 10}, {'clf__l2_regularization': 0.0, 'clf__learning_rate': 0.05, 'clf__max_depth': 3, 'clf__max_leaf_nodes': 31, 'clf__min_samples_leaf': 10}, {'clf__l2_regularization': 0.0, 'clf__learning_rate': 0.05, 'clf__max_depth': 3, 'clf__max_leaf_nodes': 31, 'clf__min_samples_leaf': 10}, {'clf__l2_regularization': 0.0, 'clf__learning_rate': 0.05, 'clf__max_depth': 3, 'clf__max_leaf_nodes': 31, 'clf__min_samples_leaf': 10}, {'clf__l2_regularization': 0.0, 'clf__learning_rate': 0.05, 'clf__max_depth': 3, 'clf__max_leaf_nodes': 31, 'clf__min_samples_leaf': 10}]","[0.6126760563380281, 0.6126760563380281, 0.6126760563380281, 0.6126760563380281, 0.6126760563380281]",0.612676056,0,0,0,0,62,0,98,0,0.5,0,0.3875,0,0.5,0,0,0,0,0,1,0,0,0,0,0,0.612676056,0
mycobacterium_isoniazid_cdhit+phenotypeseeker_train,HistGB,1003,"[{'clf__l2_regularization': 1.0, 'clf__learning_rate': 0.05, 'clf__max_depth': 3, 'clf__max_leaf_nodes': 31, 'clf__min_samples_leaf': 10}, {'clf__l2_regularization': 1.0, 'clf__learning_rate': 0.1, 'clf__max_depth': 3, 'clf__max_leaf_nodes': 31, 'clf__min_samples_leaf': 50}, {'clf__l2_regularization': 0.0, 'clf__learning_rate': 0.1, 'clf__max_depth': 6, 'clf__max_leaf_nodes': 31, 'clf__min_samples_leaf': 50}, {'clf__l2_regularization': 1.0, 'clf__learning_rate': 0.1, 'clf__max_depth': 3, 'clf__max_leaf_nodes': 31, 'clf__min_samples_leaf': 10}, {'clf__l2_regularization': 0.0, 'clf__learning_rate': 0.05, 'clf__max_depth': 6, 'clf__max_leaf_nodes': 31, 'clf__min_samples_leaf': 10}]","[0.6004568405211571, 0.6299615005882475, 0.6448170519130901, 0.6386988148285232, 0.7030691487795927]",0.638698815,67.6,2.653299832,16.8,2.925747768,45.2,2.925747768,30.4,2.653299832,0.762491771,0.050277255,0.705,0.02833946,0.709414088,0.030725403,0.689795918,0.027074488,0.689795918,0.027074488,0.729032258,0.04718948,0.741186343,0.024653151,0.409009931,0.059796807,0.643400671,0.033493954
mycobacterium_isoniazid_cdhit+phenotypeseeker_train,Linear SVM,1003,"[{'clf__C': 10}, {'clf__C': 0.1}, {'clf__C': 0.01}, {'clf__C': 0.1}, {'clf__C': 0.01}]","[0.1861518666106282, 0.11290876994892043, 0.2709421774596125, 0.1283576518088637, 0.0451179942229198]",0.128357652,63,4.516635916,14.4,2.416609195,47.6,2.416609195,35,4.516635916,0.756632653,0.047650659,0.69125,0.02755676,0.705299539,0.02512075,0.642857143,0.046088122,0.642857143,0.046088122,0.767741935,0.038977568,0.717574499,0.031249045,0.401298437,0.048776546,0.148695692,0.075854924
mycobacterium_isoniazid_cdhit+phenotypeseeker_train,LogReg (L2),1003,"[{'clf__C': 0.1}, {'clf__C': 0.1}, {'clf__C': 1}, {'clf__C': 1}, {'clf__C': 10}]","[0.5145572368205499, 0.5472533463897832, 0.5582126568700493, 0.507596903219697, 0.46344350323861605]",0.514557237,67,4.939635614,17,4,45,4,31,4.939635614,0.758179724,0.050636004,0.7,0.02404423,0.704739961,0.02494815,0.683673469,0.050404445,0.683673469,0.050404445,0.725806452,0.064516129,0.735527886,0.026594522,0.401525238,0.047820015,0.518212729,0.033373876
mycobacterium_isoniazid_cdhit+phenotypeseeker_train,Balanced Random Forest,1003,"[{'clf__max_depth': None, 'clf__min_samples_leaf': 1, 'clf__min_samples_split': 10, 'clf__n_estimators': 500}, {'clf__max_depth': 10, 'clf__min_samples_leaf': 1, 'clf__min_samples_split': 10, 'clf__n_estimators': 200}, {'clf__max_depth': 3, 'clf__min_samples_leaf': 1, 'clf__min_samples_split': 2, 'clf__n_estimators': 200}, {'clf__max_depth': None, 'clf__min_samples_leaf': 1, 'clf__min_samples_split': 10, 'clf__n_estimators': 500}, {'clf__max_depth': 10, 'clf__min_samples_leaf': 1, 'clf__min_samples_split': 10, 'clf__n_estimators': 500}]","[0.4878492350659464, 0.5332593166227466, 0.6203750911521909, 0.5040853146853146, 0.5594982569818123]",0.533259317,70,4.098780306,19,2.449489743,43,2.449489743,28,4.098780306,0.757323897,0.043025515,0.70625,0.035794553,0.703917051,0.035199307,0.714285714,0.041824289,0.714285714,0.041824289,0.693548387,0.039507899,0.748267867,0.032757143,0.400523577,0.070629636,0.541013443,0.046669488
mycobacterium_isoniazid_cdhit+phenotypeseeker_train,KNN,1003,"[{'clf__n_neighbors': 15, 'clf__p': 1, 'clf__weights': 'distance'}, {'clf__n_neighbors': 15, 'clf__p': 1, 'clf__weights': 'uniform'}, {'clf__n_neighbors': 11, 'clf__p': 1, 'clf__weights': 'distance'}, {'clf__n_neighbors': 11, 'clf__p': 1, 'clf__weights': 'uniform'}, {'clf__n_neighbors': 11, 'clf__p': 1, 'clf__weights': 'uniform'}]","[0.6, 0.6, 0.6, 0.5454545454545454, 0.6363636363636364]",0.6,79.6,6.019966777,25.2,4.53431362,36.8,4.53431362,18.4,6.019966777,0.756731402,0.043707881,0.7275,0.055,0.702896643,0.055944157,0.812244898,0.061428232,0.812244898,0.061428232,0.593548387,0.073134091,0.784423206,0.046430594,0.417882134,0.11575128,0.596363636,0.029090909
mycobacterium_isoniazid_cdhit+phenotypeseeker_train,LogReg (L1),1003,"[{'clf__C': 1}, {'clf__C': 1}, {'clf__C': 1}, {'clf__C': 10}, {'clf__C': 1}]","[0.49337234622175247, 0.5129257638017817, 0.6204810175486685, 0.5487130670901653, 0.49940745495887956]",0.512925764,65.8,5.491812087,16.8,4.261455151,45.2,4.261455151,32.2,5.491812087,0.761339697,0.054645732,0.69375,0.030618622,0.700230415,0.031072377,0.671428571,0.056038899,0.671428571,0.056038899,0.729032258,0.068733148,0.727721753,0.032346833,0.392742693,0.061448061,0.53497993,0.046865794
mycobacterium_isoniazid_cdhit+phenotypeseeker_train,RBF SVM,1003,"[{'clf__C': 0.1, 'clf__gamma': 1}, {'clf__C': 1, 'clf__gamma': 0.1}, {'clf__C': 0.1, 'clf__gamma': 0.1}, {'clf__C': 1, 'clf__gamma': 1}, {'clf__C': 1, 'clf__gamma': 1}]","[0.5358847021447387, 0.5785240823426657, 0.7731359950149256, 0.7239695619097024, 0.6458426474966136]",0.645842647,66.8,4.214261501,18,4.898979486,44,4.898979486,31.2,4.214261501,0.727271231,0.037835399,0.6925,0.025739075,0.695655036,0.031666596,0.681632653,0.043002668,0.681632653,0.043002668,0.709677419,0.079015798,0.730520656,0.023674021,0.383792759,0.060548106,0.651471398,0.088058544
mycobacterium_isoniazid_cdhit+phenotypeseeker_train,Extra Trees,1003,"[{'clf__max_depth': 10, 'clf__min_samples_leaf': 1, 'clf__min_samples_split': 10, 'clf__n_estimators': 500}, {'clf__max_depth': 10, 'clf__min_samples_leaf': 1, 'clf__min_samples_split': 10, 'clf__n_estimators': 200}, {'clf__max_depth': 3, 'clf__min_samples_leaf': 1, 'clf__min_samples_split': 2, 'clf__n_estimators': 200}, {'clf__max_depth': None, 'clf__min_samples_leaf': 1, 'clf__min_samples_split': 10, 'clf__n_estimators': 200}, {'clf__max_depth': 10, 'clf__min_samples_leaf': 1, 'clf__min_samples_split': 10, 'clf__n_estimators': 500}]","[0.5583634790963516, 0.5347401806554746, 0.37257017870741493, 0.5817307692307706, 0.5383133067022438]",0.538313307,67.8,2.481934729,18.8,3.370459909,43.2,3.370459909,30.2,2.481934729,0.753637261,0.042651961,0.69375,0.023385359,0.694305464,0.027465095,0.691836735,0.025325865,0.691836735,0.025325865,0.696774194,0.054362257,0.73455502,0.019278409,0.380491887,0.053113123,0.517143583,0.074202225
mycobacterium_isoniazid_cdhit+phenotypeseeker_train,Random Forest,1003,"[{'clf__max_depth': 10, 'clf__min_samples_leaf': 1, 'clf__min_samples_split': 10, 'clf__n_estimators': 500}, {'clf__max_depth': 10, 'clf__min_samples_leaf': 1, 'clf__min_samples_split': 10, 'clf__n_estimators': 500}, {'clf__max_depth': 3, 'clf__min_samples_leaf': 1, 'clf__min_samples_split': 2, 'clf__n_estimators': 200}, {'clf__max_depth': 10, 'clf__min_samples_leaf': 1, 'clf__min_samples_split': 10, 'clf__n_estimators': 200}, {'clf__max_depth': 10, 'clf__min_samples_leaf': 1, 'clf__min_samples_split': 10, 'clf__n_estimators': 500}]","[0.5330613960326477, 0.5182406327264797, 0.6232706451423037, 0.5106164818518844, 0.4929494886642036]",0.518240633,70.6,3.382306905,20.6,3.498571137,41.4,3.498571137,27.4,3.382306905,0.760072416,0.042277086,0.7,0.03377314,0.694075049,0.036345034,0.720408163,0.034513336,0.720408163,0.034513336,0.667741935,0.056428567,0.746205467,0.029088223,0.382498086,0.07100177,0.535627729,0.045688451
mycobacterium_isoniazid_cdhit+phenotypeseeker_train,Decision Tree,1003,"[{'clf__max_depth': 5, 'clf__min_samples_leaf': 1, 'clf__min_samples_split': 10}, {'clf__max_depth': 5, 'clf__min_samples_leaf': 2, 'clf__min_samples_split': 2}, {'clf__max_depth': 3, 'clf__min_samples_leaf': 5, 'clf__min_samples_split': 2}, {'clf__max_depth': None, 'clf__min_samples_leaf': 2, 'clf__min_samples_split': 10}, {'clf__max_depth': 10, 'clf__min_samples_leaf': 1, 'clf__min_samples_split': 20}]","[0.6216477410002421, 0.5447437011294531, 0.6867386807630433, 0.526745240253853, 0.5832449628844119]",0.583244963,63.6,13.76372043,16.8,6.462197769,45.2,6.462197769,34.4,13.76372043,0.738248848,0.050532838,0.68,0.057336725,0.689005925,0.039964567,0.648979592,0.140446127,0.648979592,0.140446127,0.729032258,0.104228996,0.703364214,0.092604738,0.3790695,0.072530297,0.592624065,0.057306982
mycobacterium_isoniazid_cdhit+phenotypeseeker_train,Gradient Boosting,1003,"[{'clf__learning_rate': 0.01, 'clf__max_depth': 2, 'clf__n_estimators': 200}, {'clf__learning_rate': 0.01, 'clf__max_depth': 2, 'clf__n_estimators': 200}, {'clf__learning_rate': 0.05, 'clf__max_depth': 2, 'clf__n_estimators': 100}, {'clf__learning_rate': 0.1, 'clf__max_depth': 3, 'clf__n_estimators': 200}, {'clf__learning_rate': 0.2, 'clf__max_depth': 2, 'clf__n_estimators': 200}]","[0.6197441983530212, 0.5863105574580771, 0.7358804906097736, 0.7142499334904358, 0.7051127602841513]",0.70511276,64.4,7.552483035,17.6,4.363484846,44.4,4.363484846,33.6,7.552483035,0.757784727,0.043488634,0.68,0.035222507,0.686635945,0.029992054,0.657142857,0.077066153,0.657142857,0.077066153,0.716129032,0.070378788,0.713116414,0.047391342,0.366926285,0.056627851,0.672259588,0.058369926
mycobacterium_isoniazid_cdhit+phenotypeseeker_train,AdaBoost,1003,"[{'clf__learning_rate': 0.01, 'clf__n_estimators': 50}, {'clf__learning_rate': 0.01, 'clf__n_estimators': 50}, {'clf__learning_rate': 0.01, 'clf__n_estimators': 50}, {'clf__learning_rate': 0.01, 'clf__n_estimators': 50}, {'clf__learning_rate': 0.01, 'clf__n_estimators': 50}]","[0.8807970779778823, 0.8807970779778823, 0.8807970779778823, 0.8807970779778823, 0.7796796716082888]",0.880797078,68.6,3.136877428,20.4,3.498571137,41.6,3.498571137,29.4,3.136877428,0.68184661,0.030181675,0.68875,0.030973779,0.685483871,0.033973959,0.7,0.032008953,0.7,0.032008953,0.670967742,0.056428567,0.7335943,0.026703067,0.364156227,0.065873354,0.860573597,0.040446963
mycobacterium_isoniazid_cdhit+phenotypeseeker_train,SGD Logistic,1003,"[{'clf__alpha': 0.01}, {'clf__alpha': 0.0001}, {'clf__alpha': 0.01}, {'clf__alpha': 0.001}, {'clf__alpha': 0.001}]","[0.7487885053819409, 1.0, 0.7780975704653156, 0.9523491954645771, 0.20824618251706498]",0.77809757,56.6,22.0599184,15.4,14.13647764,46.6,14.13647764,41.4,22.0599184,0.744552337,0.059703712,0.645,0.08627717,0.664581962,0.072523411,0.57755102,0.225101208,0.57755102,0.225101208,0.751612903,0.228007704,0.64029222,0.149244799,0.349234711,0.126824398,0.737496291,0.281762887
mycobacterium_isoniazid_cdhit+phenotypeseeker_train,BernoulliNB,1003,"[{'clf__alpha': 0.01, 'clf__binarize': None}, {'clf__alpha': 0.01, 'clf__binarize': None}, {'clf__alpha': 0.01, 'clf__binarize': None}, {'clf__alpha': 0.01, 'clf__binarize': None}, {'clf__alpha': 0.01, 'clf__binarize': None}]","[1.0, 1.0, 1.0, 1.0, 1.0]",1,69.4,2.576819745,26.2,4.445222154,35.8,4.445222154,28.6,2.576819745,0.648008558,0.035322088,0.6575,0.030973779,0.64279131,0.037178712,0.708163265,0.026294079,0.708163265,0.026294079,0.577419355,0.071697132,0.717068161,0.022587024,0.283750503,0.071911741,1,0
mycobacterium_isoniazid_phenotypeseeker_train,HistGB,1000,"[{'clf__l2_regularization': 1.0, 'clf__learning_rate': 0.05, 'clf__max_depth': 3, 'clf__max_leaf_nodes': 31, 'clf__min_samples_leaf': 10}, {'clf__l2_regularization': 1.0, 'clf__learning_rate': 0.1, 'clf__max_depth': 3, 'clf__max_leaf_nodes': 31, 'clf__min_samples_leaf': 50}, {'clf__l2_regularization': 0.0, 'clf__learning_rate': 0.1, 'clf__max_depth': 6, 'clf__max_leaf_nodes': 31, 'clf__min_samples_leaf': 50}, {'clf__l2_regularization': 1.0, 'clf__learning_rate': 0.1, 'clf__max_depth': 3, 'clf__max_leaf_nodes': 31, 'clf__min_samples_leaf': 10}, {'clf__l2_regularization': 0.0, 'clf__learning_rate': 0.05, 'clf__max_depth': 6, 'clf__max_leaf_nodes': 31, 'clf__min_samples_leaf': 10}]","[0.6004568405211571, 0.6299615005882475, 0.6448170519130901, 0.6386988148285232, 0.7030691487795927]",0.638698815,67.6,2.653299832,16.8,2.925747768,45.2,2.925747768,30.4,2.653299832,0.762491771,0.050277255,0.705,0.02833946,0.709414088,0.030725403,0.689795918,0.027074488,0.689795918,0.027074488,0.729032258,0.04718948,0.741186343,0.024653151,0.409009931,0.059796807,0.643400671,0.033493954
mycobacterium_isoniazid_phenotypeseeker_train,Balanced Random Forest,1000,"[{'clf__max_depth': None, 'clf__min_samples_leaf': 1, 'clf__min_samples_split': 10, 'clf__n_estimators': 500}, {'clf__max_depth': 10, 'clf__min_samples_leaf': 1, 'clf__min_samples_split': 10, 'clf__n_estimators': 200}, {'clf__max_depth': 3, 'clf__min_samples_leaf': 1, 'clf__min_samples_split': 2, 'clf__n_estimators': 200}, {'clf__max_depth': None, 'clf__min_samples_leaf': 1, 'clf__min_samples_split': 10, 'clf__n_estimators': 500}, {'clf__max_depth': 10, 'clf__min_samples_leaf': 1, 'clf__min_samples_split': 10, 'clf__n_estimators': 200}]","[0.4829963203463199, 0.5236735313966374, 0.6188156013591126, 0.503216994116994, 0.5518196248196249]",0.523673531,71,3.847076812,19.2,2.227105745,42.8,2.227105745,27,3.847076812,0.757669519,0.043625752,0.71125,0.035,0.707406188,0.034425637,0.724489796,0.039255886,0.724489796,0.039255886,0.690322581,0.03592106,0.754183381,0.031808923,0.407959932,0.069100753,0.536104414,0.047211624
mycobacterium_isoniazid_phenotypeseeker_train,Linear SVM,1000,"[{'clf__C': 1}, {'clf__C': 0.1}, {'clf__C': 10}, {'clf__C': 1}, {'clf__C': 0.01}]","[0.0776009326331104, 0.11290611746406704, 0.1421996389248653, 0.03745412051692458, 0.045140546171130384]",0.077600933,65.4,2.576819745,16,1.673320053,46,1.673320053,32.6,2.576819745,0.753472679,0.0458304,0.69625,0.025799709,0.704641211,0.02583897,0.667346939,0.026294079,0.667346939,0.026294079,0.741935484,0.026989033,0.728961416,0.024511136,0.39891255,0.050412708,0.083060271,0.039839353
mycobacterium_isoniazid_phenotypeseeker_train,LogReg (L2),1000,"[{'clf__C': 0.1}, {'clf__C': 0.1}, {'clf__C': 1}, {'clf__C': 1}, {'clf__C': 10}]","[0.5144087494780508, 0.5472537253571312, 0.5558165184571706, 0.5074071487529183, 0.4326536655608725]",0.514408749,67,4.939635614,17.2,4.354308211,44.8,4.354308211,31,4.939635614,0.758080974,0.050462998,0.69875,0.02351861,0.703127057,0.025822359,0.683673469,0.050404445,0.683673469,0.050404445,0.722580645,0.070230778,0.734756351,0.025691277,0.398536385,0.048848815,0.511507962,0.043552816
mycobacterium_isoniazid_phenotypeseeker_train,LogReg (L1),1000,"[{'clf__C': 1}, {'clf__C': 1}, {'clf__C': 1}, {'clf__C': 1}, {'clf__C': 1}]","[0.49375070930377324, 0.5132891888419032, 0.6207750873912317, 0.5706760820954769, 0.49752876317646155]",0.513289189,64.6,6.711184694,16.2,4.53431362,45.8,4.53431362,33.4,6.711184694,0.76441738,0.050627974,0.69,0.033680484,0.698946675,0.031706432,0.659183673,0.068481476,0.659183673,0.068481476,0.738709677,0.073134091,0.720944399,0.039296256,0.390894225,0.062383757,0.539203966,0.049231573
mycobacterium_isoniazid_phenotypeseeker_train,KNN,1000,"[{'clf__n_neighbors': 11, 'clf__p': 1, 'clf__weights': 'distance'}, {'clf__n_neighbors': 15, 'clf__p': 1, 'clf__weights': 'uniform'}, {'clf__n_neighbors': 11, 'clf__p': 1, 'clf__weights': 'distance'}, {'clf__n_neighbors': 11, 'clf__p': 1, 'clf__weights': 'uniform'}, {'clf__n_neighbors': 11, 'clf__p': 1, 'clf__weights': 'uniform'}]","[0.5454545454545454, 0.6, 0.6, 0.5454545454545454, 0.6363636363636364]",0.6,80,6.228964601,26,3.405877273,36,3.405877273,18,6.228964601,0.7520079,0.039627823,0.725,0.052440442,0.698485846,0.050865785,0.816326531,0.063560863,0.816326531,0.063560863,0.580645161,0.054933504,0.783472523,0.045563384,0.411413457,0.108895665,0.585454545,0.035255854
mycobacterium_isoniazid_phenotypeseeker_train,RBF SVM,1000,"[{'clf__C': 0.1, 'clf__gamma': 1}, {'clf__C': 1, 'clf__gamma': 0.1}, {'clf__C': 0.1, 'clf__gamma': 0.1}, {'clf__C': 1, 'clf__gamma': 1}, {'clf__C': 1, 'clf__gamma': 1}]","[0.5368946339873837, 0.5788458310337188, 0.7725729979406863, 0.7368480464896257, 0.624646622022678]",0.624646622,66.6,4.498888752,18,4.898979486,44,4.898979486,31.4,4.498888752,0.714104674,0.035947443,0.69125,0.026692696,0.694634628,0.031905409,0.679591837,0.045907028,0.679591837,0.045907028,0.709677419,0.079015798,0.729019095,0.02564534,0.381852766,0.061072955,0.649961626,0.090625878
mycobacterium_isoniazid_phenotypeseeker_train,Random Forest,1000,"[{'clf__max_depth': None, 'clf__min_samples_leaf': 1, 'clf__min_samples_split': 10, 'clf__n_estimators': 500}, {'clf__max_depth': 10, 'clf__min_samples_leaf': 1, 'clf__min_samples_split': 10, 'clf__n_estimators': 200}, {'clf__max_depth': 3, 'clf__min_samples_leaf': 1, 'clf__min_samples_split': 2, 'clf__n_estimators': 200}, {'clf__max_depth': 10, 'clf__min_samples_leaf': 1, 'clf__min_samples_split': 10, 'clf__n_estimators': 200}, {'clf__max_depth': None, 'clf__min_samples_leaf': 1, 'clf__min_samples_split': 10, 'clf__n_estimators': 500}]","[0.527099595875376, 0.5117115154560055, 0.36742443760992904, 0.5127791934541728, 0.5502319163354948]",0.512779193,70.8,3.544009029,21,3.286335345,41,3.286335345,27.2,3.544009029,0.755299539,0.042970349,0.69875,0.035222507,0.691869651,0.037080488,0.72244898,0.036163357,0.72244898,0.036163357,0.661290323,0.053005409,0.74590215,0.030644785,0.378522287,0.072890531,0.493849332,0.064722835
mycobacterium_isoniazid_phenotypeseeker_train,Extra Trees,1000,"[{'clf__max_depth': None, 'clf__min_samples_leaf': 5, 'clf__min_samples_split': 2, 'clf__n_estimators': 200}, {'clf__max_depth': 10, 'clf__min_samples_leaf': 1, 'clf__min_samples_split': 10, 'clf__n_estimators': 500}, {'clf__max_depth': 3, 'clf__min_samples_leaf': 1, 'clf__min_samples_split': 2, 'clf__n_estimators': 500}, {'clf__max_depth': None, 'clf__min_samples_leaf': 1, 'clf__min_samples_split': 10, 'clf__n_estimators': 200}, {'clf__max_depth': 10, 'clf__min_samples_leaf': 1, 'clf__min_samples_split': 10, 'clf__n_estimators': 200}]","[0.643493077420098, 0.5165128252259087, 0.36885458565182594, 0.4976784573390826, 0.5419533409912617]",0.516512825,66.8,1.6,18.6,4.45421149,43.4,4.45421149,31.2,1.6,0.753275181,0.043349602,0.68875,0.025124689,0.690816327,0.033169468,0.681632653,0.016326531,0.681632653,0.016326531,0.7,0.071842121,0.728752816,0.016766342,0.373335013,0.063598803,0.513698457,0.088192165
mycobacterium_isoniazid_phenotypeseeker_train,Gradient Boosting,1000,"[{'clf__learning_rate': 0.01, 'clf__max_depth': 2, 'clf__n_estimators': 200}, {'clf__learning_rate': 0.01, 'clf__max_depth': 2, 'clf__n_estimators': 200}, {'clf__learning_rate': 0.01, 'clf__max_depth': 2, 'clf__n_estimators': 500}, {'clf__learning_rate': 0.05, 'clf__max_depth': 3, 'clf__n_estimators': 200}, {'clf__learning_rate': 0.2, 'clf__max_depth': 2, 'clf__n_estimators': 200}]","[0.6197441985355515, 0.571782002718305, 0.7343235057097663, 0.5358678995448872, 0.7051127602841513]",0.619744199,69.8,3.18747549,21,5.477225575,41,5.477225575,28.2,3.18747549,0.759595128,0.04232316,0.6925,0.022150056,0.68676761,0.032862596,0.712244898,0.03252526,0.712244898,0.03252526,0.661290323,0.088342348,0.739448905,0.014106175,0.368499126,0.060159843,0.633366073,0.075926329
mycobacterium_isoniazid_phenotypeseeker_train,Decision Tree,1000,"[{'clf__max_depth': 5, 'clf__min_samples_leaf': 1, 'clf__min_samples_split': 10}, {'clf__max_depth': 5, 'clf__min_samples_leaf': 2, 'clf__min_samples_split': 2}, {'clf__max_depth': 3, 'clf__min_samples_leaf': 5, 'clf__min_samples_split': 2}, {'clf__max_depth': None, 'clf__min_samples_leaf': 2, 'clf__min_samples_split': 10}, {'clf__max_depth': 10, 'clf__min_samples_leaf': 1, 'clf__min_samples_split': 20}]","[0.6216477410002423, 0.544743701129453, 0.6867386807630433, 0.526745240253853, 0.583244962884412]",0.583244963,63.6,13.76372043,17.2,6.76461381,44.8,6.76461381,34.4,13.76372043,0.738248848,0.047862472,0.6775,0.055565277,0.685780118,0.038497603,0.648979592,0.140446127,0.648979592,0.140446127,0.722580645,0.109106674,0.701786263,0.091461552,0.373091345,0.069739906,0.592624065,0.057306982
mycobacterium_isoniazid_phenotypeseeker_train,AdaBoost,1000,"[{'clf__learning_rate': 0.01, 'clf__n_estimators': 50}, {'clf__learning_rate': 0.01, 'clf__n_estimators': 50}, {'clf__learning_rate': 0.01, 'clf__n_estimators': 50}, {'clf__learning_rate': 0.01, 'clf__n_estimators': 50}, {'clf__learning_rate': 1.0, 'clf__n_estimators': 200}]","[0.8807970779778823, 0.8807970779778823, 0.8807970779778823, 0.8807970779778823, 0.5111477610522417]",0.880797078,69.4,4.223742416,21.6,3.136877428,40.4,3.136877428,28.6,4.223742416,0.694140882,0.047926748,0.68625,0.027782638,0.679888084,0.027901182,0.708163265,0.043099412,0.708163265,0.043099412,0.651612903,0.050594797,0.733898326,0.02712181,0.355000367,0.055444746,0.806867215,0.147859727
mycobacterium_isoniazid_phenotypeseeker_train,BernoulliNB,1000,"[{'clf__alpha': 0.01, 'clf__binarize': None}, {'clf__alpha': 0.01, 'clf__binarize': None}, {'clf__alpha': 0.01, 'clf__binarize': None}, {'clf__alpha': 0.01, 'clf__binarize': None}, {'clf__alpha': 0.01, 'clf__binarize': None}]","[1.0, 1.0, 1.0, 1.0, 1.0]",1,69.4,2.576819745,26.2,4.445222154,35.8,4.445222154,28.6,2.576819745,0.647975642,0.035348949,0.6575,0.030973779,0.64279131,0.037178712,0.708163265,0.026294079,0.708163265,0.026294079,0.577419355,0.071697132,0.717068161,0.022587024,0.283750503,0.071911741,1,0
mycobacterium_isoniazid_phenotypeseeker_train,SGD Logistic,1000,"[{'clf__alpha': 0.01}, {'clf__alpha': 0.01}, {'clf__alpha': 0.0001}, {'clf__alpha': 0.001}, {'clf__alpha': 0.001}]","[0.7473677915460121, 0.46222848656941035, 1.0, 0.40777803712360655, 0.14106068851476836]",0.462228487,66,26.97406161,25.4,19.13739794,36.6,19.13739794,32,26.97406161,0.736158657,0.048485589,0.64125,0.095246391,0.631895984,0.085486894,0.673469388,0.275245527,0.673469388,0.275245527,0.590322581,0.308667709,0.658295167,0.198809858,0.293189908,0.138754871,0.551687001,0.295500288
mycobacterium_isoniazid_pointfinder_train,RBF SVM,209,"[{'clf__C': 1, 'clf__gamma': 'scale'}, {'clf__C': 10, 'clf__gamma': 'scale'}, {'clf__C': 1, 'clf__gamma': 'scale'}, {'clf__C': 1, 'clf__gamma': 'scale'}, {'clf__C': 1, 'clf__gamma': 'scale'}]","[0.8954941378795361, 0.7787308331510369, 0.38891882166020386, 0.6488557073565678, 0.8765198137098763]",0.778730833,90.4,1.854723699,0.6,0.489897949,61.4,0.489897949,7.6,1.854723699,0.965454246,0.011403927,0.94875,0.011456439,0.95638578,0.009591048,0.92244898,0.018925752,0.92244898,0.018925752,0.990322581,0.00790158,0.956519415,0.010083668,0.898251403,0.021503965,0.717703863,0.186223442
mycobacterium_isoniazid_pointfinder_train,Linear SVM,209,"[{'clf__C': 100}, {'clf__C': 100}, {'clf__C': 1}, {'clf__C': 1}, {'clf__C': 1}]","[0.07617683281226595, 0.11969317557945358, 0.0497993298522037, 0.46487041336272206, 0.4958521930764962]",0.119693176,89.6,1.356465997,0.2,0.4,61.8,0.4,8.4,1.356465997,0.963034891,0.007864952,0.94625,0.009354143,0.955529954,0.008256964,0.914285714,0.01384149,0.914285714,0.01384149,0.996774194,0.006451613,0.954156918,0.008200518,0.894593847,0.017787251,0.241278389,0.19672668
mycobacterium_isoniazid_pointfinder_train,LogReg (L1),209,"[{'clf__C': 10}, {'clf__C': 10}, {'clf__C': 10}, {'clf__C': 10}, {'clf__C': 10}]","[0.920267566488351, 0.8784293934445979, 0.8021848181985264, 0.9344265260654435, 0.8827966651635736]",0.882796665,89.4,1.624807681,0.2,0.4,61.8,0.4,8.6,1.624807681,0.960697828,0.009702606,0.945,0.010752907,0.954509546,0.009257995,0.912244898,0.01657967,0.912244898,0.01657967,0.996774194,0.006451613,0.953017714,0.009512384,0.892389895,0.020075953,0.883620994,0.046007948
mycobacterium_isoniazid_pointfinder_train,Balanced Random Forest,209,"[{'clf__max_depth': 20, 'clf__min_samples_leaf': 1, 'clf__min_samples_split': 2, 'clf__n_estimators': 200}, {'clf__max_depth': None, 'clf__min_samples_leaf': 1, 'clf__min_samples_split': 2, 'clf__n_estimators': 200}, {'clf__max_depth': 20, 'clf__min_samples_leaf': 1, 'clf__min_samples_split': 5, 'clf__n_estimators': 500}, {'clf__max_depth': 20, 'clf__min_samples_leaf': 1, 'clf__min_samples_split': 10, 'clf__n_estimators': 200}, {'clf__max_depth': 20, 'clf__min_samples_leaf': 1, 'clf__min_samples_split': 2, 'clf__n_estimators': 500}]","[0.5751912477929199, 0.6421066433566434, 0.6176832112721232, 0.504001473965024, 0.5867075031958275]",0.586707503,89.6,1.743559577,0.4,0.8,61.6,0.8,8.4,1.743559577,0.96395655,0.007903019,0.945,0.012747549,0.953917051,0.011853558,0.914285714,0.017791424,0.914285714,0.017791424,0.993548387,0.012903226,0.953119031,0.011126308,0.891818345,0.02467751,0.585138016,0.046881029
mycobacterium_isoniazid_pointfinder_train,Decision Tree,209,"[{'clf__max_depth': None, 'clf__min_samples_leaf': 2, 'clf__min_samples_split': 2}, {'clf__max_depth': 5, 'clf__min_samples_leaf': 1, 'clf__min_samples_split': 2}, {'clf__max_depth': None, 'clf__min_samples_leaf': 2, 'clf__min_samples_split': 10}, {'clf__max_depth': None, 'clf__min_samples_leaf': 1, 'clf__min_samples_split': 10}, {'clf__max_depth': 5, 'clf__min_samples_leaf': 1, 'clf__min_samples_split': 2}]","[1.0, 0.9449715370018975, 0.8349146110056926, 0.7596685082872927, 0.9404924760601916]",0.940492476,89.8,1.939071943,0.6,0.8,61.4,0.8,8.2,1.939071943,0.952205398,0.009316764,0.945,0.010752907,0.953324556,0.008958219,0.916326531,0.019786448,0.916326531,0.019786448,0.990322581,0.012903226,0.953195019,0.009601135,0.891434713,0.01971139,0.896009426,0.086615809
mycobacterium_isoniazid_pointfinder_train,LogReg (L2),209,"[{'clf__C': 100}, {'clf__C': 100}, {'clf__C': 10}, {'clf__C': 10}, {'clf__C': 10}]","[0.9581490987852856, 0.5737095566667626, 0.5408011580756017, 0.8068884813355923, 0.7292526296399955]",0.72925263,89.4,1.496662955,0.4,0.489897949,61.6,0.489897949,8.6,1.496662955,0.963462804,0.007899591,0.94375,0.011858541,0.952896643,0.010954484,0.912244898,0.015272071,0.912244898,0.015272071,0.993548387,0.00790158,0.952018492,0.010330838,0.889402289,0.023049132,0.721760185,0.153523835
mycobacterium_isoniazid_pointfinder_train,Extra Trees,209,"[{'clf__max_depth': None, 'clf__min_samples_leaf': 1, 'clf__min_samples_split': 2, 'clf__n_estimators': 200}, {'clf__max_depth': None, 'clf__min_samples_leaf': 1, 'clf__min_samples_split': 2, 'clf__n_estimators': 200}, {'clf__max_depth': None, 'clf__min_samples_leaf': 1, 'clf__min_samples_split': 5, 'clf__n_estimators': 200}, {'clf__max_depth': None, 'clf__min_samples_leaf': 1, 'clf__min_samples_split': 5, 'clf__n_estimators': 200}, {'clf__max_depth': 10, 'clf__min_samples_leaf': 1, 'clf__min_samples_split': 2, 'clf__n_estimators': 200}]","[0.5392291711059021, 0.5598650927487366, 0.6892940979208584, 0.586443044902237, 0.5214540482394274]",0.559865093,89.6,1.2,0.6,0.8,61.4,0.8,8.4,1.2,0.960434496,0.006974159,0.94375,0.008838835,0.952304147,0.008707241,0.914285714,0.012244898,0.914285714,0.012244898,0.990322581,0.012903226,0.952152972,0.007643465,0.888831994,0.017585511,0.579257091,0.059125725
mycobacterium_isoniazid_pointfinder_train,Gradient Boosting,209,"[{'clf__learning_rate': 0.01, 'clf__max_depth': 3, 'clf__n_estimators': 200}, {'clf__learning_rate': 0.01, 'clf__max_depth': 3, 'clf__n_estimators': 200}, {'clf__learning_rate': 0.01, 'clf__max_depth': 3, 'clf__n_estimators': 100}, {'clf__learning_rate': 0.1, 'clf__max_depth': 2, 'clf__n_estimators': 100}, {'clf__learning_rate': 0.01, 'clf__max_depth': 3, 'clf__n_estimators': 200}]","[0.6205500652852993, 0.6718911131446625, 0.5409056727948184, 0.8174911813608386, 0.6064980550752214]",0.620550065,89.2,1.939071943,0.4,0.489897949,61.6,0.489897949,8.8,1.939071943,0.960023041,0.010151706,0.9425,0.012747549,0.951876234,0.01095755,0.910204082,0.019786448,0.910204082,0.019786448,0.993548387,0.00790158,0.950853498,0.01134097,0.887318756,0.02362746,0.651467218,0.092933356
mycobacterium_isoniazid_pointfinder_train,HistGB,209,"[{'clf__l2_regularization': 0.0, 'clf__learning_rate': 0.05, 'clf__max_depth': 6, 'clf__max_leaf_nodes': 31, 'clf__min_samples_leaf': 10}, {'clf__l2_regularization': 0.0, 'clf__learning_rate': 0.05, 'clf__max_depth': 3, 'clf__max_leaf_nodes': 31, 'clf__min_samples_leaf': 10}, {'clf__l2_regularization': 0.0, 'clf__learning_rate': 0.05, 'clf__max_depth': 3, 'clf__max_leaf_nodes': 31, 'clf__min_samples_leaf': 10}, {'clf__l2_regularization': 0.0, 'clf__learning_rate': 0.05, 'clf__max_depth': 3, 'clf__max_leaf_nodes': 31, 'clf__min_samples_leaf': 10}, {'clf__l2_regularization': 0.0, 'clf__learning_rate': 0.05, 'clf__max_depth': 3, 'clf__max_leaf_nodes': 31, 'clf__min_samples_leaf': 10}]","[0.5305735296851877, 0.5786684292635792, 0.5366007780249655, 0.7083385767440371, 0.7010980037239795]",0.578668429,89.2,1.939071943,0.6,0.8,61.4,0.8,8.8,1.939071943,0.95994075,0.008841345,0.94125,0.013462912,0.950263331,0.01222187,0.910204082,0.019786448,0.910204082,0.019786448,0.990322581,0.012903226,0.949851584,0.011863321,0.884438266,0.025621606,0.611055863,0.078283364
mycobacterium_isoniazid_pointfinder_train,Random Forest,209,"[{'clf__max_depth': 20, 'clf__min_samples_leaf': 1, 'clf__min_samples_split': 2, 'clf__n_estimators': 200}, {'clf__max_depth': 20, 'clf__min_samples_leaf': 1, 'clf__min_samples_split': 2, 'clf__n_estimators': 200}, {'clf__max_depth': None, 'clf__min_samples_leaf': 1, 'clf__min_samples_split': 10, 'clf__n_estimators': 200}, {'clf__max_depth': None, 'clf__min_samples_leaf': 1, 'clf__min_samples_split': 5, 'clf__n_estimators': 200}, {'clf__max_depth': 10, 'clf__min_samples_leaf': 1, 'clf__min_samples_split': 2, 'clf__n_estimators': 500}]","[0.5652804818577732, 0.6211993232833463, 0.6038157824094046, 0.7059605955734537, 0.505901526939454]",0.603815782,89.4,1.019803903,0.8,0.748331477,61.2,0.748331477,8.6,1.019803903,0.962343647,0.009083911,0.94125,0.008477912,0.949670836,0.008565475,0.912244898,0.010406162,0.912244898,0.010406162,0.987096774,0.012069863,0.950037585,0.007284322,0.883595183,0.017110534,0.600431542,0.065955524
mycobacterium_isoniazid_pointfinder_train,SGD Logistic,209,"[{'clf__alpha': 0.001}, {'clf__alpha': 1e-05}, {'clf__alpha': 0.0001}, {'clf__alpha': 1e-05}, {'clf__alpha': 0.0001}]","[0.5428885667409188, 0.9250156145159942, 0.8342461245455586, 0.8884984764984909, 0.813970777709793]",0.834246125,89.6,1.743559577,1,0.894427191,61,0.894427191,8.4,1.743559577,0.960862409,0.007952154,0.94125,0.015103807,0.949078341,0.014610059,0.914285714,0.017791424,0.914285714,0.017791424,0.983870968,0.014426245,0.950093534,0.013064142,0.883087624,0.030002915,0.800923912,0.134856134
mycobacterium_isoniazid_pointfinder_train,AdaBoost,209,"[{'clf__learning_rate': 1.0, 'clf__n_estimators': 500}, {'clf__learning_rate': 1.0, 'clf__n_estimators': 500}, {'clf__learning_rate': 1.0, 'clf__n_estimators': 500}, {'clf__learning_rate': 1.0, 'clf__n_estimators': 500}, {'clf__learning_rate': 1.0, 'clf__n_estimators': 500}]","[0.5227269809840674, 0.5172176456950083, 0.5298300578005646, 0.5307246384767302, 0.49880108029526765]",0.522726981,88.2,2.227105745,0.2,0.4,61.8,0.4,9.8,2.227105745,0.962425938,0.008744028,0.9375,0.015309311,0.948387097,0.013256196,0.9,0.022725569,0.9,0.022725569,0.996774194,0.006451613,0.946208322,0.013620356,0.879014824,0.028481942,0.519860081,0.011628604
mycobacterium_isoniazid_pointfinder_train,BernoulliNB,209,"[{'clf__alpha': 0.1, 'clf__binarize': None}, {'clf__alpha': 0.01, 'clf__binarize': None}, {'clf__alpha': 0.01, 'clf__binarize': None}, {'clf__alpha': 0.01, 'clf__binarize': None}, {'clf__alpha': 0.01, 'clf__binarize': None}]","[0.9079034169336183, 0.3035470078626405, 0.3971238246531992, 0.6036245174843822, 0.4854573328470968]",0.485457333,88.8,2.039607805,0.6,0.489897949,61.4,0.489897949,9.2,2.039607805,0.964631336,0.009488746,0.93875,0.015512092,0.948222515,0.014011175,0.906122449,0.020812325,0.906122449,0.020812325,0.990322581,0.00790158,0.947589607,0.013702659,0.879805707,0.029503847,0.53953122,0.209140348
mycobacterium_isoniazid_pointfinder_train,KNN,209,"[{'clf__n_neighbors': 3, 'clf__p': 1, 'clf__weights': 'uniform'}, {'clf__n_neighbors': 5, 'clf__p': 1, 'clf__weights': 'distance'}, {'clf__n_neighbors': 3, 'clf__p': 1, 'clf__weights': 'distance'}, {'clf__n_neighbors': 3, 'clf__p': 1, 'clf__weights': 'distance'}, {'clf__n_neighbors': 3, 'clf__p': 1, 'clf__weights': 'distance'}]","[0.6666666666666666, 0.6000000000000001, 0.5, 0.5, 0.6000000000000001]",0.6,89.6,2.653299832,2.6,1.959591794,59.4,1.959591794,8.4,2.653299832,0.950164582,0.01071852,0.93125,0.013693064,0.936175115,0.013521548,0.914285714,0.027074488,0.914285714,0.027074488,0.958064516,0.031606319,0.942046594,0.011979325,0.861247779,0.026613223,0.573333333,0.064635731
mycobacterium_isoniazid_pointfinder+cdhit_train,Linear SVM,212,"[{'clf__C': 100}, {'clf__C': 100}, {'clf__C': 1}, {'clf__C': 1}, {'clf__C': 1}]","[0.1126587126490527, 0.055783332878052705, 0.0501887668170663, 0.46462176265310723, 0.4949675040255355]",0.112658713,89.6,1.356465997,0.2,0.4,61.8,0.4,8.4,1.356465997,0.962969059,0.007926975,0.94625,0.009354143,0.955529954,0.008256964,0.914285714,0.01384149,0.914285714,0.01384149,0.996774194,0.006451613,0.954156918,0.008200518,0.894593847,0.017787251,0.235644016,0.200772697
mycobacterium_isoniazid_pointfinder+cdhit_train,RBF SVM,212,"[{'clf__C': 100, 'clf__gamma': 'auto'}, {'clf__C': 10, 'clf__gamma': 'scale'}, {'clf__C': 10, 'clf__gamma': 'scale'}, {'clf__C': 10, 'clf__gamma': 'scale'}, {'clf__C': 10, 'clf__gamma': 'scale'}]","[0.2742883290997861, 0.6789171769826936, 0.9182993822618373, 0.48874371141354184, 0.8249981991953654]",0.678917177,90.2,1.939071943,0.6,0.8,61.4,0.8,7.8,1.939071943,0.964680711,0.013607594,0.9475,0.012869538,0.955365372,0.011528916,0.920408163,0.019786448,0.920408163,0.019786448,0.990322581,0.012903226,0.955415642,0.011217626,0.895970184,0.024812426,0.63704936,0.232279739
mycobacterium_isoniazid_pointfinder+cdhit_train,LogReg (L1),212,"[{'clf__C': 10}, {'clf__C': 10}, {'clf__C': 10}, {'clf__C': 10}, {'clf__C': 10}]","[0.9174524649920422, 0.8794560628260711, 0.8199828295501161, 0.8857350651058301, 0.8827469758366947]",0.882746976,89.2,1.6,0.2,0.4,61.8,0.4,8.8,1.6,0.960681369,0.009636045,0.94375,0.01045825,0.953489138,0.008963056,0.910204082,0.016326531,0.910204082,0.016326531,0.996774194,0.006451613,0.951902684,0.009251025,0.890117318,0.01950664,0.87707468,0.031631292
mycobacterium_isoniazid_pointfinder+cdhit_train,LogReg (L2),212,"[{'clf__C': 100}, {'clf__C': 100}, {'clf__C': 10}, {'clf__C': 10}, {'clf__C': 10}]","[0.9580935728728841, 0.573301259989371, 0.5412892367906726, 0.8063195924348221, 0.7283245750458531]",0.728324575,89.4,1.496662955,0.4,0.489897949,61.6,0.489897949,8.6,1.496662955,0.963265306,0.00808022,0.94375,0.011858541,0.952896643,0.010954484,0.912244898,0.015272071,0.912244898,0.015272071,0.993548387,0.00790158,0.952018492,0.010330838,0.889402289,0.023049132,0.721465647,0.153398981
mycobacterium_isoniazid_pointfinder+cdhit_train,Balanced Random Forest,212,"[{'clf__max_depth': None, 'clf__min_samples_leaf': 1, 'clf__min_samples_split': 2, 'clf__n_estimators': 200}, {'clf__max_depth': None, 'clf__min_samples_leaf': 1, 'clf__min_samples_split': 2, 'clf__n_estimators': 500}, {'clf__max_depth': 20, 'clf__min_samples_leaf': 1, 'clf__min_samples_split': 10, 'clf__n_estimators': 500}, {'clf__max_depth': None, 'clf__min_samples_leaf': 1, 'clf__min_samples_split': 5, 'clf__n_estimators': 200}, {'clf__max_depth': 20, 'clf__min_samples_leaf': 1, 'clf__min_samples_split': 2, 'clf__n_estimators': 500}]","[0.5540681457805767, 0.6138778021978021, 0.4810248142235587, 0.40871466098691, 0.597617023621874]",0.554068146,90.2,2.13541565,1,0.894427191,61,0.894427191,7.8,2.13541565,0.962458855,0.010698891,0.945,0.012747549,0.952139566,0.011016129,0.920408163,0.021789956,0.920408163,0.021789956,0.983870968,0.014426245,0.953374411,0.011254671,0.890400167,0.024046877,0.531060489,0.076537445
mycobacterium_isoniazid_pointfinder+cdhit_train,Gradient Boosting,212,"[{'clf__learning_rate': 0.01, 'clf__max_depth': 3, 'clf__n_estimators': 200}, {'clf__learning_rate': 0.01, 'clf__max_depth': 3, 'clf__n_estimators': 200}, {'clf__learning_rate': 0.01, 'clf__max_depth': 3, 'clf__n_estimators': 100}, {'clf__learning_rate': 0.05, 'clf__max_depth': 2, 'clf__n_estimators': 200}, {'clf__learning_rate': 0.01, 'clf__max_depth': 3, 'clf__n_estimators': 200}]","[0.6205500652852993, 0.6668233391891457, 0.5409056727948184, 0.8004000234988239, 0.6064980550752214]",0.620550065,89.2,1.939071943,0.4,0.489897949,61.6,0.489897949,8.8,1.939071943,0.960023041,0.010151706,0.9425,0.012747549,0.951876234,0.01095755,0.910204082,0.019786448,0.910204082,0.019786448,0.993548387,0.00790158,0.950853498,0.01134097,0.887318756,0.02362746,0.647035431,0.086626253
mycobacterium_isoniazid_pointfinder+cdhit_train,Random Forest,212,"[{'clf__max_depth': 10, 'clf__min_samples_leaf': 1, 'clf__min_samples_split': 2, 'clf__n_estimators': 200}, {'clf__max_depth': 20, 'clf__min_samples_leaf': 1, 'clf__min_samples_split': 2, 'clf__n_estimators': 200}, {'clf__max_depth': 20, 'clf__min_samples_leaf': 1, 'clf__min_samples_split': 5, 'clf__n_estimators': 200}, {'clf__max_depth': None, 'clf__min_samples_leaf': 1, 'clf__min_samples_split': 5, 'clf__n_estimators': 200}, {'clf__max_depth': 20, 'clf__min_samples_leaf': 1, 'clf__min_samples_split': 2, 'clf__n_estimators': 500}]","[0.5234046715692232, 0.6359126316542647, 0.474881047845592, 0.43955221995308114, 0.5865570151204367]",0.523404672,89.8,2.039607805,0.8,0.748331477,61.2,0.748331477,8.2,2.039607805,0.964713627,0.008405032,0.94375,0.014252193,0.951711652,0.012824135,0.916326531,0.020812325,0.916326531,0.020812325,0.987096774,0.012069863,0.952172709,0.012493107,0.888459569,0.027322601,0.532061517,0.071634252
mycobacterium_isoniazid_pointfinder+cdhit_train,Extra Trees,212,"[{'clf__max_depth': 10, 'clf__min_samples_leaf': 1, 'clf__min_samples_split': 2, 'clf__n_estimators': 500}, {'clf__max_depth': None, 'clf__min_samples_leaf': 1, 'clf__min_samples_split': 2, 'clf__n_estimators': 200}, {'clf__max_depth': None, 'clf__min_samples_leaf': 1, 'clf__min_samples_split': 5, 'clf__n_estimators': 500}, {'clf__max_depth': None, 'clf__min_samples_leaf': 1, 'clf__min_samples_split': 5, 'clf__n_estimators': 200}, {'clf__max_depth': 10, 'clf__min_samples_leaf': 1, 'clf__min_samples_split': 2, 'clf__n_estimators': 200}]","[0.457799491043927, 0.5534041786743513, 0.7166123778501592, 0.5874544219632499, 0.5255872050998557]",0.553404179,89.4,1.356465997,0.6,0.8,61.4,0.8,8.6,1.356465997,0.961273864,0.005241257,0.9425,0.010752907,0.951283739,0.010453222,0.912244898,0.01384149,0.912244898,0.01384149,0.990322581,0.012903226,0.951027226,0.009316855,0.886540338,0.021329154,0.568171535,0.085580373
mycobacterium_isoniazid_pointfinder+cdhit_train,HistGB,212,"[{'clf__l2_regularization': 0.0, 'clf__learning_rate': 0.05, 'clf__max_depth': 6, 'clf__max_leaf_nodes': 31, 'clf__min_samples_leaf': 10}, {'clf__l2_regularization': 0.0, 'clf__learning_rate': 0.05, 'clf__max_depth': 3, 'clf__max_leaf_nodes': 31, 'clf__min_samples_leaf': 10}, {'clf__l2_regularization': 0.0, 'clf__learning_rate': 0.05, 'clf__max_depth': 3, 'clf__max_leaf_nodes': 31, 'clf__min_samples_leaf': 10}, {'clf__l2_regularization': 0.0, 'clf__learning_rate': 0.05, 'clf__max_depth': 3, 'clf__max_leaf_nodes': 31, 'clf__min_samples_leaf': 10}, {'clf__l2_regularization': 0.0, 'clf__learning_rate': 0.05, 'clf__max_depth': 3, 'clf__max_leaf_nodes': 31, 'clf__min_samples_leaf': 10}]","[0.5305735296851877, 0.5786684292635792, 0.5366007780249655, 0.7083385767440371, 0.7010980037239795]",0.578668429,89.2,1.939071943,0.6,0.8,61.4,0.8,8.8,1.939071943,0.95994075,0.008841345,0.94125,0.013462912,0.950263331,0.01222187,0.910204082,0.019786448,0.910204082,0.019786448,0.990322581,0.012903226,0.949851584,0.011863321,0.884438266,0.025621606,0.611055863,0.078283364
mycobacterium_isoniazid_pointfinder+cdhit_train,Decision Tree,212,"[{'clf__max_depth': None, 'clf__min_samples_leaf': 2, 'clf__min_samples_split': 2}, {'clf__max_depth': 5, 'clf__min_samples_leaf': 1, 'clf__min_samples_split': 2}, {'clf__max_depth': None, 'clf__min_samples_leaf': 1, 'clf__min_samples_split': 5}, {'clf__max_depth': None, 'clf__min_samples_leaf': 1, 'clf__min_samples_split': 5}, {'clf__max_depth': None, 'clf__min_samples_leaf': 2, 'clf__min_samples_split': 2}]","[1.0, 0.9449715370018975, 0.6561264822134387, 0.6561264822134387, 0.8165846802529866]",0.81658468,88.8,1.720465053,0.4,0.489897949,61.6,0.489897949,9.2,1.720465053,0.951201448,0.010070614,0.94,0.012247449,0.949835418,0.010908395,0.906122449,0.017555766,0.906122449,0.017555766,0.993548387,0.00790158,0.948637238,0.010758656,0.882688158,0.023320623,0.814761836,0.142549232
mycobacterium_isoniazid_pointfinder+cdhit_train,AdaBoost,212,"[{'clf__learning_rate': 1.0, 'clf__n_estimators': 500}, {'clf__learning_rate': 1.0, 'clf__n_estimators': 500}, {'clf__learning_rate': 1.0, 'clf__n_estimators': 500}, {'clf__learning_rate': 1.0, 'clf__n_estimators': 500}, {'clf__learning_rate': 1.0, 'clf__n_estimators': 500}]","[0.5227269809840674, 0.5172176456950083, 0.5298300578005646, 0.5307246384767302, 0.5051536704923735]",0.522726981,88.2,2.227105745,0.2,0.4,61.8,0.4,9.8,2.227105745,0.962425938,0.008744028,0.9375,0.015309311,0.948387097,0.013256196,0.9,0.022725569,0.9,0.022725569,0.996774194,0.006451613,0.946208322,0.013620356,0.879014824,0.028481942,0.521130599,0.009389868
mycobacterium_isoniazid_pointfinder+cdhit_train,BernoulliNB,212,"[{'clf__alpha': 0.1, 'clf__binarize': None}, {'clf__alpha': 0.01, 'clf__binarize': None}, {'clf__alpha': 0.01, 'clf__binarize': None}, {'clf__alpha': 0.01, 'clf__binarize': None}, {'clf__alpha': 0.01, 'clf__binarize': None}]","[0.9079583231251899, 0.3035611438799317, 0.3985960950105233, 0.6036406207529689, 0.48699255107630846]",0.486992551,88.8,2.039607805,0.6,0.489897949,61.4,0.489897949,9.2,2.039607805,0.964647795,0.009459755,0.93875,0.015512092,0.948222515,0.014011175,0.906122449,0.020812325,0.906122449,0.020812325,0.990322581,0.00790158,0.947589607,0.013702659,0.879805707,0.029503847,0.540149747,0.208878688
mycobacterium_isoniazid_pointfinder+cdhit_train,SGD Logistic,212,"[{'clf__alpha': 1e-05}, {'clf__alpha': 0.0001}, {'clf__alpha': 0.0001}, {'clf__alpha': 0.0001}, {'clf__alpha': 0.0001}]","[0.977308111254394, 0.5855355917028437, 0.8554385444635175, 0.9211002976106655, 0.8407577879960335]",0.855438544,88,2.366431913,0.4,0.8,61.6,0.8,10,2.366431913,0.961356155,0.010314392,0.935,0.01457738,0.945753785,0.012428979,0.897959184,0.024147264,0.897959184,0.024147264,0.993548387,0.012903226,0.944052565,0.013048397,0.874041749,0.02675028,0.836028067,0.134419457
mycobacterium_isoniazid_pointfinder+cdhit_train,KNN,212,"[{'clf__n_neighbors': 3, 'clf__p': 1, 'clf__weights': 'uniform'}, {'clf__n_neighbors': 5, 'clf__p': 1, 'clf__weights': 'distance'}, {'clf__n_neighbors': 3, 'clf__p': 1, 'clf__weights': 'distance'}, {'clf__n_neighbors': 3, 'clf__p': 1, 'clf__weights': 'distance'}, {'clf__n_neighbors': 3, 'clf__p': 1, 'clf__weights': 'distance'}]","[0.6666666666666666, 0.6000000000000001, 0.5, 0.5, 0.6000000000000001]",0.6,89.6,2.653299832,2.6,1.959591794,59.4,1.959591794,8.4,2.653299832,0.950164582,0.01071852,0.93125,0.013693064,0.936175115,0.013521548,0.914285714,0.027074488,0.914285714,0.027074488,0.958064516,0.031606319,0.942046594,0.011979325,0.861247779,0.026613223,0.573333333,0.064635731
mycobacterium_isoniazid_pointfinder+cdhit+phenotypeseeker_train,HistGB,1212,"[{'clf__l2_regularization': 0.0, 'clf__learning_rate': 0.1, 'clf__max_depth': 3, 'clf__max_leaf_nodes': 31, 'clf__min_samples_leaf': 10}, {'clf__l2_regularization': 1.0, 'clf__learning_rate': 0.1, 'clf__max_depth': 6, 'clf__max_leaf_nodes': 31, 'clf__min_samples_leaf': 10}, {'clf__l2_regularization': 0.0, 'clf__learning_rate': 0.1, 'clf__max_depth': 3, 'clf__max_leaf_nodes': 31, 'clf__min_samples_leaf': 10}, {'clf__l2_regularization': 0.0, 'clf__learning_rate': 0.1, 'clf__max_depth': 3, 'clf__max_leaf_nodes': 31, 'clf__min_samples_leaf': 10}, {'clf__l2_regularization': 0.0, 'clf__learning_rate': 0.05, 'clf__max_depth': 6, 'clf__max_leaf_nodes': 31, 'clf__min_samples_leaf': 10}]","[0.6519114271099024, 0.5193563466118091, 0.7224901459512766, 0.7245777629299883, 0.5487014376624795]",0.651911427,90,2,0.4,0.489897949,61.6,0.489897949,8,2,0.952172482,0.011860343,0.9475,0.015103807,0.955957867,0.013622217,0.918367347,0.020408163,0.918367347,0.020408163,0.993548387,0.00790158,0.955304829,0.013199834,0.896404031,0.029078001,0.633407424,0.085758863
mycobacterium_isoniazid_pointfinder+cdhit+phenotypeseeker_train,Decision Tree,1212,"[{'clf__max_depth': 5, 'clf__min_samples_leaf': 1, 'clf__min_samples_split': 2}, {'clf__max_depth': 3, 'clf__min_samples_leaf': 1, 'clf__min_samples_split': 2}, {'clf__max_depth': None, 'clf__min_samples_leaf': 2, 'clf__min_samples_split': 10}, {'clf__max_depth': 10, 'clf__min_samples_leaf': 1, 'clf__min_samples_split': 5}, {'clf__max_depth': 5, 'clf__min_samples_leaf': 2, 'clf__min_samples_split': 5}]","[1.0, 0.8841544607190412, 0.815677966101695, 0.6547619047619045, 0.6547619047619045]",0.815677966,89.6,1.743559577,0.4,0.489897949,61.6,0.489897949,8.4,1.743559577,0.954312047,0.010558853,0.945,0.010752907,0.953917051,0.009031937,0.914285714,0.017791424,0.914285714,0.017791424,0.993548387,0.00790158,0.9531073,0.009555685,0.891855289,0.019850094,0.801871247,0.13378974
mycobacterium_isoniazid_pointfinder+cdhit+phenotypeseeker_train,RBF SVM,1212,"[{'clf__C': 100, 'clf__gamma': 'scale'}, {'clf__C': 100, 'clf__gamma': 'scale'}, {'clf__C': 100, 'clf__gamma': 'scale'}, {'clf__C': 100, 'clf__gamma': 'scale'}, {'clf__C': 100, 'clf__gamma': 'scale'}]","[0.2751712116456269, 0.794098738228486, 0.4097615486168139, 0.8569485488179409, 0.6290988689115553]",0.629098869,90,2,0.8,1.166190379,61.2,1.166190379,8,2,0.969749835,0.006893332,0.945,0.016007811,0.952732061,0.015554659,0.918367347,0.020408163,0.918367347,0.020408163,0.987096774,0.018809522,0.95330971,0.013777048,0.890742597,0.031821415,0.593015783,0.221812594
mycobacterium_isoniazid_pointfinder+cdhit+phenotypeseeker_train,Gradient Boosting,1212,"[{'clf__learning_rate': 0.05, 'clf__max_depth': 2, 'clf__n_estimators': 500}, {'clf__learning_rate': 0.01, 'clf__max_depth': 3, 'clf__n_estimators': 200}, {'clf__learning_rate': 0.01, 'clf__max_depth': 3, 'clf__n_estimators': 100}, {'clf__learning_rate': 0.05, 'clf__max_depth': 3, 'clf__n_estimators': 100}, {'clf__learning_rate': 0.01, 'clf__max_depth': 3, 'clf__n_estimators': 200}]","[0.6902686183795463, 0.6586847475400429, 0.5153243848766167, 0.5042069820322735, 0.6019053341142777]",0.601905334,89.6,2.244994432,0.6,0.489897949,61.4,0.489897949,8.4,2.244994432,0.955760369,0.014476534,0.94375,0.013693064,0.952304147,0.011271834,0.914285714,0.022908106,0.914285714,0.022908106,0.990322581,0.00790158,0.952034294,0.012237868,0.889159847,0.025009609,0.594078013,0.074520958
mycobacterium_isoniazid_pointfinder+cdhit+phenotypeseeker_train,Linear SVM,1212,"[{'clf__C': 1}, {'clf__C': 1}, {'clf__C': 1}, {'clf__C': 1}, {'clf__C': 1}]","[0.30860183760096954, 0.1341393803267223, -0.033099461625849855, -0.06762928223387443, 0.33107297808421643]",0.13413938,89.4,1.854723699,0.6,0.8,61.4,0.8,8.6,1.854723699,0.958410138,0.01229435,0.9425,0.0121192,0.951283739,0.010862908,0.912244898,0.018925752,0.912244898,0.018925752,0.990322581,0.012903226,0.950978544,0.010688536,0.886738769,0.023021847,0.13461709,0.166071234
mycobacterium_isoniazid_pointfinder+cdhit+phenotypeseeker_train,LogReg (L2),1212,"[{'clf__C': 1}, {'clf__C': 10}, {'clf__C': 10}, {'clf__C': 10}, {'clf__C': 10}]","[0.5091150282376901, 0.42723291082116654, 0.5739507746877907, 0.6212485742837407, 0.5843387373048236]",0.573950775,89.2,2.039607805,0.6,0.8,61.4,0.8,8.8,2.039607805,0.957669519,0.011403832,0.94125,0.015103807,0.950263331,0.013881745,0.910204082,0.020812325,0.910204082,0.020812325,0.990322581,0.012903226,0.949841854,0.013232549,0.884426129,0.029153022,0.543177205,0.068322374
mycobacterium_isoniazid_pointfinder+cdhit+phenotypeseeker_train,LogReg (L1),1212,"[{'clf__C': 0.1}, {'clf__C': 10}, {'clf__C': 10}, {'clf__C': 10}, {'clf__C': 1}]","[0.9457281657996197, 0.6899055985296266, 0.5610585331229597, 0.6127600716783702, 0.6088925984764508]",0.612760072,88.6,2.576819745,0.4,0.489897949,61.6,0.489897949,9.4,2.576819745,0.950427913,0.017533704,0.93875,0.017410485,0.94881501,0.01498871,0.904081633,0.026294079,0.904081633,0.026294079,0.993548387,0.00790158,0.947399741,0.015723408,0.880716897,0.031845961,0.683668994,0.137380358
mycobacterium_isoniazid_pointfinder+cdhit+phenotypeseeker_train,AdaBoost,1212,"[{'clf__learning_rate': 1.0, 'clf__n_estimators': 200}, {'clf__learning_rate': 1.0, 'clf__n_estimators': 500}, {'clf__learning_rate': 1.0, 'clf__n_estimators': 500}, {'clf__learning_rate': 1.0, 'clf__n_estimators': 500}, {'clf__learning_rate': 1.0, 'clf__n_estimators': 500}]","[0.47451774431891025, 0.5223815501895996, 0.5102579037303078, 0.5418562090631354, 0.5116326780511193]",0.511632678,88.8,1.720465053,0.8,1.166190379,61.2,1.166190379,9.2,1.720465053,0.952797893,0.011951597,0.9375,0.011858541,0.946609612,0.011656586,0.906122449,0.017555766,0.906122449,0.017555766,0.987096774,0.018809522,0.946641038,0.010355258,0.877019052,0.023267445,0.512129217,0.02194163
mycobacterium_isoniazid_pointfinder+cdhit+phenotypeseeker_train,Balanced Random Forest,1212,"[{'clf__max_depth': None, 'clf__min_samples_leaf': 1, 'clf__min_samples_split': 10, 'clf__n_estimators': 200}, {'clf__max_depth': None, 'clf__min_samples_leaf': 1, 'clf__min_samples_split': 10, 'clf__n_estimators': 200}, {'clf__max_depth': None, 'clf__min_samples_leaf': 1, 'clf__min_samples_split': 5, 'clf__n_estimators': 500}, {'clf__max_depth': 20, 'clf__min_samples_leaf': 1, 'clf__min_samples_split': 2, 'clf__n_estimators': 500}, {'clf__max_depth': None, 'clf__min_samples_leaf': 1, 'clf__min_samples_split': 2, 'clf__n_estimators': 200}]","[0.4062083333333335, 0.39097222222222217, 0.4898333333333334, 0.3184478675178231, 0.4451666666666667]",0.406208333,88.6,2.059126028,1.2,1.469693846,60.8,1.469693846,9.4,2.059126028,0.959924292,0.015227879,0.93375,0.011592023,0.942363397,0.0113604,0.904081633,0.02101149,0.904081633,0.02101149,0.980645161,0.023704739,0.943483147,0.010117583,0.869259069,0.022748877,0.410125685,0.057215737
mycobacterium_isoniazid_pointfinder+cdhit+phenotypeseeker_train,Random Forest,1212,"[{'clf__max_depth': None, 'clf__min_samples_leaf': 1, 'clf__min_samples_split': 5, 'clf__n_estimators': 500}, {'clf__max_depth': 20, 'clf__min_samples_leaf': 1, 'clf__min_samples_split': 5, 'clf__n_estimators': 500}, {'clf__max_depth': None, 'clf__min_samples_leaf': 1, 'clf__min_samples_split': 5, 'clf__n_estimators': 200}, {'clf__max_depth': None, 'clf__min_samples_leaf': 1, 'clf__min_samples_split': 5, 'clf__n_estimators': 200}, {'clf__max_depth': None, 'clf__min_samples_leaf': 1, 'clf__min_samples_split': 2, 'clf__n_estimators': 200}]","[0.43228975265896263, 0.41977035343916913, 0.5525487736835233, 0.3721520602268032, 0.395]",0.419770353,88.4,2.154065923,1.6,1.854723699,60.4,1.854723699,9.6,2.154065923,0.961273864,0.01292703,0.93,0.010752907,0.938117182,0.01156907,0.902040816,0.021980265,0.902040816,0.021980265,0.974193548,0.029914898,0.9403687,0.009392601,0.861422879,0.021592105,0.434352188,0.062617517
mycobacterium_isoniazid_pointfinder+cdhit+phenotypeseeker_train,Extra Trees,1212,"[{'clf__max_depth': 10, 'clf__min_samples_leaf': 1, 'clf__min_samples_split': 5, 'clf__n_estimators': 200}, {'clf__max_depth': None, 'clf__min_samples_leaf': 1, 'clf__min_samples_split': 5, 'clf__n_estimators': 500}, {'clf__max_depth': None, 'clf__min_samples_leaf': 1, 'clf__min_samples_split': 10, 'clf__n_estimators': 200}, {'clf__max_depth': None, 'clf__min_samples_leaf': 1, 'clf__min_samples_split': 10, 'clf__n_estimators': 200}, {'clf__max_depth': 20, 'clf__min_samples_leaf': 1, 'clf__min_samples_split': 10, 'clf__n_estimators': 200}]","[0.4429401150376918, 0.5623547854626203, 0.43833048589433865, 0.3385036265360363, 0.4134257817878237]",0.438330486,88.6,3.666060556,2.2,1.166190379,59.8,1.166190379,9.4,3.666060556,0.960154707,0.008669018,0.9275,0.0175,0.934298881,0.012326035,0.904081633,0.037408781,0.904081633,0.037408781,0.964516129,0.018809522,0.938175354,0.016657092,0.855824482,0.028904772,0.439110959,0.072091436
mycobacterium_isoniazid_pointfinder+cdhit+phenotypeseeker_train,KNN,1212,"[{'clf__n_neighbors': 15, 'clf__p': 1, 'clf__weights': 'uniform'}, {'clf__n_neighbors': 3, 'clf__p': 1, 'clf__weights': 'distance'}, {'clf__n_neighbors': 9, 'clf__p': 1, 'clf__weights': 'distance'}, {'clf__n_neighbors': 3, 'clf__p': 1, 'clf__weights': 'distance'}, {'clf__n_neighbors': 7, 'clf__p': 1, 'clf__weights': 'distance'}]","[0.4666666666666667, 0.5555555555555555, 0.35000000000000003, 0.4285714285714286, 0.37557452396585683]",0.428571429,81.2,5.844655678,2.6,1.854723699,59.4,1.854723699,16.8,5.844655678,0.919568795,0.021283356,0.87875,0.025495098,0.893317972,0.015828096,0.828571429,0.059639344,0.828571429,0.059639344,0.958064516,0.029914898,0.892162842,0.027022676,0.771023453,0.034190926,0.435273635,0.07257239
mycobacterium_isoniazid_pointfinder+cdhit+phenotypeseeker_train,SGD Logistic,1212,"[{'clf__alpha': 0.001}, {'clf__alpha': 0.001}, {'clf__alpha': 0.01}, {'clf__alpha': 0.001}, {'clf__alpha': 0.01}]","[0.07763007683655744, 0.18597907005677744, 0.39693721227180184, 0.9170914281269866, 0.20496723671237435]",0.204967237,90,4.69041576,13.8,16.79761888,48.2,16.79761888,8,4.69041576,0.956583278,0.019465155,0.86375,0.079392223,0.847893351,0.114226872,0.918367347,0.047861385,0.918367347,0.047861385,0.777419355,0.270929337,0.896969014,0.049539208,0.724022783,0.173147779,0.356521005,0.298565207
mycobacterium_isoniazid_pointfinder+cdhit+phenotypeseeker_train,BernoulliNB,1212,"[{'clf__alpha': 0.01, 'clf__binarize': None}, {'clf__alpha': 0.01, 'clf__binarize': None}, {'clf__alpha': 0.01, 'clf__binarize': None}, {'clf__alpha': 0.01, 'clf__binarize': None}, {'clf__alpha': 0.01, 'clf__binarize': None}]","[3.0115373529441047e-273, 5.92692875767626e-296, 1.4145111791418488e-270, 1.0737860777294987e-242, 5.11417994873181e-284]",3.01E-273,78.8,12.00666482,32,9.338094024,30,9.338094024,19.2,12.00666482,0.698123766,0.040066078,0.68,0.056926488,0.6439763,0.057600244,0.804081633,0.122516988,0.804081633,0.122516988,0.483870968,0.15061442,0.751353935,0.055357983,0.321067788,0.120229152,2.15E-243,0
mycobacterium_isoniazid_pointfinder+phenotypeseeker_train,HistGB,1209,"[{'clf__l2_regularization': 0.0, 'clf__learning_rate': 0.1, 'clf__max_depth': 3, 'clf__max_leaf_nodes': 31, 'clf__min_samples_leaf': 10}, {'clf__l2_regularization': 1.0, 'clf__learning_rate': 0.1, 'clf__max_depth': 6, 'clf__max_leaf_nodes': 31, 'clf__min_samples_leaf': 10}, {'clf__l2_regularization': 0.0, 'clf__learning_rate': 0.1, 'clf__max_depth': 3, 'clf__max_leaf_nodes': 31, 'clf__min_samples_leaf': 10}, {'clf__l2_regularization': 0.0, 'clf__learning_rate': 0.1, 'clf__max_depth': 3, 'clf__max_leaf_nodes': 31, 'clf__min_samples_leaf': 10}, {'clf__l2_regularization': 0.0, 'clf__learning_rate': 0.05, 'clf__max_depth': 6, 'clf__max_leaf_nodes': 31, 'clf__min_samples_leaf': 10}]","[0.6519114271099024, 0.5193563466118091, 0.7224901459512766, 0.7245777629299883, 0.5487014376624795]",0.651911427,90,2,0.4,0.489897949,61.6,0.489897949,8,2,0.952172482,0.011860343,0.9475,0.015103807,0.955957867,0.013622217,0.918367347,0.020408163,0.918367347,0.020408163,0.993548387,0.00790158,0.955304829,0.013199834,0.896404031,0.029078001,0.633407424,0.085758863
mycobacterium_isoniazid_pointfinder+phenotypeseeker_train,Decision Tree,1209,"[{'clf__max_depth': 5, 'clf__min_samples_leaf': 2, 'clf__min_samples_split': 2}, {'clf__max_depth': 5, 'clf__min_samples_leaf': 1, 'clf__min_samples_split': 2}, {'clf__max_depth': None, 'clf__min_samples_leaf': 2, 'clf__min_samples_split': 10}, {'clf__max_depth': 10, 'clf__min_samples_leaf': 1, 'clf__min_samples_split': 5}, {'clf__max_depth': 5, 'clf__min_samples_leaf': 2, 'clf__min_samples_split': 5}]","[1.0, 0.6561264822134387, 0.815677966101695, 0.6547619047619048, 0.6547619047619045]",0.656126482,89.4,1.624807681,0.4,0.489897949,61.6,0.489897949,8.6,1.624807681,0.956171824,0.009863061,0.94375,0.008838835,0.952896643,0.006937008,0.912244898,0.01657967,0.912244898,0.01657967,0.993548387,0.00790158,0.952003661,0.00795984,0.889575289,0.01581762,0.756265652,0.136799218
mycobacterium_isoniazid_pointfinder+phenotypeseeker_train,RBF SVM,1209,"[{'clf__C': 100, 'clf__gamma': 'scale'}, {'clf__C': 100, 'clf__gamma': 'scale'}, {'clf__C': 100, 'clf__gamma': 'scale'}, {'clf__C': 100, 'clf__gamma': 'scale'}, {'clf__C': 100, 'clf__gamma': 'scale'}]","[0.26796401666776715, 0.8402341055358198, 0.41097809862995016, 0.8363633516004164, 0.6530155506448584]",0.653015551,89.8,1.939071943,0.8,1.166190379,61.2,1.166190379,8.2,1.939071943,0.968383805,0.009001354,0.94375,0.015309311,0.951711652,0.014917555,0.916326531,0.019786448,0.916326531,0.019786448,0.987096774,0.018809522,0.952206479,0.013167231,0.888433657,0.030481531,0.601711025,0.229064726
mycobacterium_isoniazid_pointfinder+phenotypeseeker_train,Linear SVM,1209,"[{'clf__C': 1}, {'clf__C': 1}, {'clf__C': 1}, {'clf__C': 1}, {'clf__C': 1}]","[0.3222289805309879, 0.13414323275012022, -0.032219733505486084, -0.038246308366737564, 0.32248391800238835]",0.134143233,89.4,1.854723699,0.6,0.8,61.4,0.8,8.6,1.854723699,0.958410138,0.012209453,0.9425,0.0121192,0.951283739,0.010862908,0.912244898,0.018925752,0.912244898,0.018925752,0.990322581,0.012903226,0.950978544,0.010688536,0.886738769,0.023021847,0.141678018,0.159974615
mycobacterium_isoniazid_pointfinder+phenotypeseeker_train,Gradient Boosting,1209,"[{'clf__learning_rate': 0.05, 'clf__max_depth': 2, 'clf__n_estimators': 500}, {'clf__learning_rate': 0.01, 'clf__max_depth': 3, 'clf__n_estimators': 200}, {'clf__learning_rate': 0.01, 'clf__max_depth': 3, 'clf__n_estimators': 100}, {'clf__learning_rate': 0.05, 'clf__max_depth': 2, 'clf__n_estimators': 500}, {'clf__learning_rate': 0.01, 'clf__max_depth': 3, 'clf__n_estimators': 200}]","[0.6902686183795463, 0.6631105842274113, 0.5153243848766167, 0.7428150215325802, 0.6016087794720951]",0.663110584,89.4,2.059126028,0.6,0.489897949,61.4,0.489897949,8.6,2.059126028,0.952304147,0.013933358,0.9425,0.012747549,0.951283739,0.01062134,0.912244898,0.02101149,0.912244898,0.02101149,0.990322581,0.00790158,0.950943084,0.011394343,0.88678415,0.023319886,0.642625478,0.0782501
mycobacterium_isoniazid_pointfinder+phenotypeseeker_train,LogReg (L2),1209,"[{'clf__C': 1}, {'clf__C': 10}, {'clf__C': 10}, {'clf__C': 10}, {'clf__C': 10}]","[0.5085324407048905, 0.4282987105916381, 0.5739867562494836, 0.630533341011455, 0.5838242457849474]",0.573986756,89.2,2.039607805,0.6,0.8,61.4,0.8,8.8,2.039607805,0.957636603,0.011415322,0.94125,0.015103807,0.950263331,0.013881745,0.910204082,0.020812325,0.910204082,0.020812325,0.990322581,0.012903226,0.949841854,0.013232549,0.884426129,0.029153022,0.545035099,0.070160636
mycobacterium_isoniazid_pointfinder+phenotypeseeker_train,LogReg (L1),1209,"[{'clf__C': 0.1}, {'clf__C': 10}, {'clf__C': 10}, {'clf__C': 10}, {'clf__C': 1}]","[0.9454034936651142, 0.7308551367805387, 0.7935167807033237, 0.6086374968676409, 0.6065326857820581]",0.730855137,88.6,2.870540019,0.4,0.489897949,61.6,0.489897949,9.4,2.870540019,0.949605003,0.018956642,0.93875,0.018708287,0.94881501,0.015806724,0.904081633,0.029291225,0.904081633,0.029291225,0.993548387,0.00790158,0.947351747,0.016888474,0.880888641,0.034067841,0.736989119,0.126619567
mycobacterium_isoniazid_pointfinder+phenotypeseeker_train,AdaBoost,1209,"[{'clf__learning_rate': 1.0, 'clf__n_estimators': 200}, {'clf__learning_rate': 1.0, 'clf__n_estimators': 500}, {'clf__learning_rate': 1.0, 'clf__n_estimators': 500}, {'clf__learning_rate': 1.0, 'clf__n_estimators': 500}, {'clf__learning_rate': 1.0, 'clf__n_estimators': 500}]","[0.47451774431891025, 0.5223815501895996, 0.5102579037303078, 0.5418562090631354, 0.5116326780511193]",0.511632678,88.8,1.720465053,0.8,1.166190379,61.2,1.166190379,9.2,1.720465053,0.952797893,0.011951597,0.9375,0.011858541,0.946609612,0.011656586,0.906122449,0.017555766,0.906122449,0.017555766,0.987096774,0.018809522,0.946641038,0.010355258,0.877019052,0.023267445,0.512129217,0.02194163
mycobacterium_isoniazid_pointfinder+phenotypeseeker_train,Random Forest,1209,"[{'clf__max_depth': None, 'clf__min_samples_leaf': 1, 'clf__min_samples_split': 5, 'clf__n_estimators': 200}, {'clf__max_depth': 20, 'clf__min_samples_leaf': 1, 'clf__min_samples_split': 10, 'clf__n_estimators': 200}, {'clf__max_depth': None, 'clf__min_samples_leaf': 1, 'clf__min_samples_split': 10, 'clf__n_estimators': 200}, {'clf__max_depth': None, 'clf__min_samples_leaf': 1, 'clf__min_samples_split': 5, 'clf__n_estimators': 200}, {'clf__max_depth': 20, 'clf__min_samples_leaf': 1, 'clf__min_samples_split': 2, 'clf__n_estimators': 500}]","[0.504261628149671, 0.4260281636779195, 0.42731326188088353, 0.42647930567156805, 0.5005273757999729]",0.427313262,88,2.28035085,1.4,1.356465997,60.6,1.356465997,10,2.28035085,0.95994075,0.01232887,0.92875,0.010897247,0.937689269,0.009510274,0.897959184,0.023268886,0.897959184,0.023268886,0.977419355,0.021878484,0.939050051,0.010081347,0.859665749,0.019220567,0.456921947,0.037149249
mycobacterium_isoniazid_pointfinder+phenotypeseeker_train,Balanced Random Forest,1209,"[{'clf__max_depth': 20, 'clf__min_samples_leaf': 1, 'clf__min_samples_split': 5, 'clf__n_estimators': 200}, {'clf__max_depth': None, 'clf__min_samples_leaf': 1, 'clf__min_samples_split': 10, 'clf__n_estimators': 200}, {'clf__max_depth': 20, 'clf__min_samples_leaf': 1, 'clf__min_samples_split': 10, 'clf__n_estimators': 200}, {'clf__max_depth': 20, 'clf__min_samples_leaf': 1, 'clf__min_samples_split': 2, 'clf__n_estimators': 500}, {'clf__max_depth': None, 'clf__min_samples_leaf': 1, 'clf__min_samples_split': 10, 'clf__n_estimators': 200}]","[0.3899999999999999, 0.425498015873016, 0.43639682539682556, 0.34130954479284664, 0.3537976190476191]",0.39,88.8,2.561249695,2,1.788854382,60,1.788854382,9.2,2.561249695,0.958887426,0.014747738,0.93,0.013346348,0.936932192,0.012842203,0.906122449,0.026135201,0.906122449,0.026135201,0.967741935,0.02885249,0.940557331,0.011908645,0.860399029,0.025542705,0.389400401,0.03766258
mycobacterium_isoniazid_pointfinder+phenotypeseeker_train,Extra Trees,1209,"[{'clf__max_depth': None, 'clf__min_samples_leaf': 1, 'clf__min_samples_split': 10, 'clf__n_estimators': 200}, {'clf__max_depth': 20, 'clf__min_samples_leaf': 1, 'clf__min_samples_split': 10, 'clf__n_estimators': 200}, {'clf__max_depth': 20, 'clf__min_samples_leaf': 1, 'clf__min_samples_split': 10, 'clf__n_estimators': 500}, {'clf__max_depth': None, 'clf__min_samples_leaf': 1, 'clf__min_samples_split': 5, 'clf__n_estimators': 500}, {'clf__max_depth': None, 'clf__min_samples_leaf': 1, 'clf__min_samples_split': 2, 'clf__n_estimators': 200}]","[0.46718583251626383, 0.5729141618397474, 0.4875807054044413, 0.496479385834912, 0.415]",0.487580705,86.8,2.925747768,1.8,1.833030278,60.2,1.833030278,11.2,2.925747768,0.956040158,0.012507514,0.91875,0.0125,0.928341014,0.010745879,0.885714286,0.029854569,0.885714286,0.029854569,0.970967742,0.029565004,0.930140893,0.011955241,0.84095042,0.02146197,0.487832017,0.051077547
mycobacterium_isoniazid_pointfinder+phenotypeseeker_train,KNN,1209,"[{'clf__n_neighbors': 15, 'clf__p': 1, 'clf__weights': 'uniform'}, {'clf__n_neighbors': 3, 'clf__p': 1, 'clf__weights': 'distance'}, {'clf__n_neighbors': 9, 'clf__p': 1, 'clf__weights': 'distance'}, {'clf__n_neighbors': 3, 'clf__p': 1, 'clf__weights': 'distance'}, {'clf__n_neighbors': 7, 'clf__p': 1, 'clf__weights': 'distance'}]","[0.4666666666666667, 0.5555555555555555, 0.35000000000000003, 0.4285714285714286, 0.375]",0.428571429,81.2,5.844655678,2.8,1.6,59.2,1.6,16.8,5.844655678,0.918416722,0.023010571,0.8775,0.026983791,0.891705069,0.017657735,0.828571429,0.059639344,0.828571429,0.059639344,0.95483871,0.025806452,0.891168084,0.02823555,0.767746838,0.037809588,0.43515873,0.072667214
mycobacterium_isoniazid_pointfinder+phenotypeseeker_train,SGD Logistic,1209,"[{'clf__alpha': 0.001}, {'clf__alpha': 0.0001}, {'clf__alpha': 1e-05}, {'clf__alpha': 0.01}, {'clf__alpha': 0.01}]","[0.36603545353870554, 1.0, 0.9999999999946774, 0.6180123752772024, 0.18066952250393145]",0.618012375,89.4,8.979977728,17.2,16.70209568,44.8,16.70209568,8.6,8.979977728,0.949621461,0.018722484,0.83875,0.083703345,0.817412772,0.113250263,0.912244898,0.091632426,0.912244898,0.091632426,0.722580645,0.26938864,0.876606637,0.056695744,0.675514579,0.177285827,0.63294347,0.330295487
mycobacterium_isoniazid_pointfinder+phenotypeseeker_train,BernoulliNB,1209,"[{'clf__alpha': 0.01, 'clf__binarize': None}, {'clf__alpha': 0.01, 'clf__binarize': None}, {'clf__alpha': 0.01, 'clf__binarize': None}, {'clf__alpha': 0.01, 'clf__binarize': None}, {'clf__alpha': 0.01, 'clf__binarize': None}]","[2.993086575896441e-273, 5.92653246250029e-296, 1.4058448976589719e-270, 1.0672073157236617e-242, 5.0830391658670806e-284]",2.99E-273,78.8,12.00666482,32,9.338094024,30,9.338094024,19.2,12.00666482,0.698090849,0.040102056,0.68,0.056926488,0.6439763,0.057600244,0.804081633,0.122516988,0.804081633,0.122516988,0.483870968,0.15061442,0.751353935,0.055357983,0.321067788,0.120229152,2.13E-243,0
mycobacterium_isoniazid_resfinder_train,RBF SVM,3,"[{'clf__C': 0.1, 'clf__gamma': 'scale'}, {'clf__C': 0.1, 'clf__gamma': 'scale'}, {'clf__C': 0.1, 'clf__gamma': 'scale'}, {'clf__C': 0.1, 'clf__gamma': 'scale'}, {'clf__C': 0.1, 'clf__gamma': 'scale'}]","[0.5696672193359277, 0.5653075057643936, 0.5946264013884609, 0.586663545916015, 0.5850435011147853]",0.585043501,58.8,48.00999896,37.2,30.37367281,24.8,30.37367281,39.2,48.00999896,0.501612903,0.003225806,0.5225,0.110227038,0.5,0,0.6,0.489897949,0.6,0.489897949,0.4,0.489897949,0.455813953,0.372170535,0,0,0.580261635,0.011009676
mycobacterium_isoniazid_resfinder_train,BernoulliNB,3,"[{'clf__alpha': 0.01, 'clf__binarize': None}, {'clf__alpha': 0.01, 'clf__binarize': None}, {'clf__alpha': 0.01, 'clf__binarize': None}, {'clf__alpha': 0.01, 'clf__binarize': None}, {'clf__alpha': 0.01, 'clf__binarize': None}]","[0.6141334050211154, 0.6126919237310643, 0.6135990958468399, 0.6135990958468399, 0.6135990958468399]",0.613599096,0,0,0,0,62,0,98,0,0.501612903,0.003225806,0.3875,0,0.5,0,0,0,0,0,1,0,0,0,0,0,0.613524523,0.000464896
mycobacterium_isoniazid_resfinder_train,LogReg (L1),3,"[{'clf__C': 0.001}, {'clf__C': 0.001}, {'clf__C': 0.001}, {'clf__C': 0.001}, {'clf__C': 0.001}]","[0.5, 0.5, 0.5, 0.5, 0.5]",0.5,98,0,62,0,0,0,0,0,0.5,0,0.6125,0,0.5,0,1,0,1,0,0,0,0.759689922,0,0,0,0.5,0
mycobacterium_isoniazid_resfinder_train,SGD Logistic,3,"[{'clf__alpha': 1e-05}, {'clf__alpha': 1e-05}, {'clf__alpha': 1e-05}, {'clf__alpha': 1e-05}, {'clf__alpha': 1e-05}]","[0.0032301127870601404, 0.00323011855868216, 0.00323011855868216, 0.00323011855868216, 0.00323011855868216]",0.003230119,98,0,62,0,0,0,0,0,0.5,0,0.6125,0,0.5,0,1,0,1,0,0,0,0.759689922,0,0,0,0.003230117,2.31E-09
mycobacterium_isoniazid_resfinder_train,KNN,3,"[{'clf__n_neighbors': 1, 'clf__p': 1, 'clf__weights': 'uniform'}, {'clf__n_neighbors': 1, 'clf__p': 1, 'clf__weights': 'uniform'}, {'clf__n_neighbors': 1, 'clf__p': 1, 'clf__weights': 'uniform'}, {'clf__n_neighbors': 1, 'clf__p': 1, 'clf__weights': 'uniform'}, {'clf__n_neighbors': 1, 'clf__p': 1, 'clf__weights': 'uniform'}]","[0.0, 0.0, 0.0, 0.0, 0.0]",0,98,0,62,0,0,0,0,0,0.5,0,0.6125,0,0.5,0,1,0,1,0,0,0,0.759689922,0,0,0,0,0
mycobacterium_isoniazid_resfinder_train,Random Forest,3,"[{'clf__max_depth': None, 'clf__min_samples_leaf': 1, 'clf__min_samples_split': 2, 'clf__n_estimators': 200}, {'clf__max_depth': None, 'clf__min_samples_leaf': 1, 'clf__min_samples_split': 2, 'clf__n_estimators': 200}, {'clf__max_depth': None, 'clf__min_samples_leaf': 1, 'clf__min_samples_split': 2, 'clf__n_estimators': 200}, {'clf__max_depth': None, 'clf__min_samples_leaf': 1, 'clf__min_samples_split': 2, 'clf__n_estimators': 200}, {'clf__max_depth': None, 'clf__min_samples_leaf': 1, 'clf__min_samples_split': 2, 'clf__n_estimators': 200}]","[0.4999552944565064, 0.4985100476054069, 0.5000559205230428, 0.49987815413169884, 0.49987815413169884]",0.499878154,98,0,62,0,0,0,0,0,0.5,0,0.6125,0,0.5,0,1,0,1,0,0,0,0.759689922,0,0,0,0.499655514,0.000576442
mycobacterium_isoniazid_resfinder_train,AdaBoost,3,"[{'clf__learning_rate': 0.01, 'clf__n_estimators': 50}, {'clf__learning_rate': 0.01, 'clf__n_estimators': 50}, {'clf__learning_rate': 0.01, 'clf__n_estimators': 50}, {'clf__learning_rate': 0.01, 'clf__n_estimators': 50}, {'clf__learning_rate': 0.01, 'clf__n_estimators': 50}]","[0.8807970779778823, 0.8807970779778825, 0.8807970779778823, 0.8807970779778823, 0.8807970779778823]",0.880797078,78.4,39.2,49.6,24.8,12.4,24.8,19.6,39.2,0.5,0,0.5675,0.09,0.5,0,0.8,0.4,0.8,0.4,0.2,0.4,0.607751938,0.303875969,0,0,0.880797078,1.11E-16
mycobacterium_isoniazid_resfinder_train,Linear SVM,3,"[{'clf__C': 0.001}, {'clf__C': 0.001}, {'clf__C': 0.001}, {'clf__C': 0.001}, {'clf__C': 0.001}]","[5.6090716519628765e-06, 0.0, 5.558418176024983e-06, 5.558418176024983e-06, 5.558418176024983e-06]",5.56E-06,19.6,39.2,12.4,24.8,49.6,24.8,78.4,39.2,0.5,0,0.4325,0.09,0.5,0,0.2,0.4,0.2,0.4,0.8,0.4,0.151937984,0.303875969,0,0,4.46E-06,2.23E-06
mycobacterium_isoniazid_resfinder_train,LogReg (L2),3,"[{'clf__C': 0.001}, {'clf__C': 0.001}, {'clf__C': 0.001}, {'clf__C': 0.001}, {'clf__C': 0.001}]","[0.5000001183622056, 0.5, 0.5000001174235076, 0.5000001174235076, 0.5000001174235076]",0.500000117,19.6,39.2,12.4,24.8,49.6,24.8,78.4,39.2,0.5,0,0.4325,0.09,0.5,0,0.2,0.4,0.2,0.4,0.8,0.4,0.151937984,0.303875969,0,0,0.500000094,4.71E-08
mycobacterium_isoniazid_resfinder_train,Balanced Random Forest,3,"[{'clf__max_depth': None, 'clf__min_samples_leaf': 1, 'clf__min_samples_split': 2, 'clf__n_estimators': 200}, {'clf__max_depth': None, 'clf__min_samples_leaf': 1, 'clf__min_samples_split': 2, 'clf__n_estimators': 200}, {'clf__max_depth': None, 'clf__min_samples_leaf': 1, 'clf__min_samples_split': 2, 'clf__n_estimators': 200}, {'clf__max_depth': None, 'clf__min_samples_leaf': 1, 'clf__min_samples_split': 2, 'clf__n_estimators': 200}, {'clf__max_depth': None, 'clf__min_samples_leaf': 1, 'clf__min_samples_split': 2, 'clf__n_estimators': 200}]","[0.5013478647713145, 0.5, 0.5015478518827172, 0.5013934425578621, 0.5013934425578621]",0.501393443,19.6,39.2,12.4,24.8,49.6,24.8,78.4,39.2,0.5,0,0.4325,0.09,0.5,0,0.2,0.4,0.2,0.4,0.8,0.4,0.151937984,0.303875969,0,0,0.50113652,0.000572286
mycobacterium_isoniazid_resfinder_train,Decision Tree,3,"[{'clf__max_depth': None, 'clf__min_samples_leaf': 1, 'clf__min_samples_split': 2}, {'clf__max_depth': None, 'clf__min_samples_leaf': 1, 'clf__min_samples_split': 2}, {'clf__max_depth': None, 'clf__min_samples_leaf': 1, 'clf__min_samples_split': 2}, {'clf__max_depth': None, 'clf__min_samples_leaf': 1, 'clf__min_samples_split': 2}, {'clf__max_depth': None, 'clf__min_samples_leaf': 1, 'clf__min_samples_split': 2}]","[0.5015197568389079, 0.5000000000000021, 0.50151057401812, 0.50151057401812, 0.50151057401812]",0.501510574,0,0,0,0,62,0,98,0,0.5,0,0.3875,0,0.5,0,0,0,0,0,1,0,0,0,0,0,0.501210296,0.000605158
mycobacterium_isoniazid_resfinder_train,Extra Trees,3,"[{'clf__max_depth': None, 'clf__min_samples_leaf': 1, 'clf__min_samples_split': 2, 'clf__n_estimators': 200}, {'clf__max_depth': None, 'clf__min_samples_leaf': 1, 'clf__min_samples_split': 2, 'clf__n_estimators': 200}, {'clf__max_depth': None, 'clf__min_samples_leaf': 1, 'clf__min_samples_split': 2, 'clf__n_estimators': 200}, {'clf__max_depth': None, 'clf__min_samples_leaf': 1, 'clf__min_samples_split': 2, 'clf__n_estimators': 200}, {'clf__max_depth': None, 'clf__min_samples_leaf': 1, 'clf__min_samples_split': 2, 'clf__n_estimators': 200}]","[0.5015197568389064, 0.5000000000000009, 0.5015105740181225, 0.5015105740181225, 0.5015105740181225]",0.501510574,0,0,0,0,62,0,98,0,0.5,0,0.3875,0,0.5,0,0,0,0,0,1,0,0,0,0,0,0.501210296,0.000605158
mycobacterium_isoniazid_resfinder_train,Gradient Boosting,3,"[{'clf__learning_rate': 0.01, 'clf__max_depth': 1, 'clf__n_estimators': 100}, {'clf__learning_rate': 0.01, 'clf__max_depth': 1, 'clf__n_estimators': 100}, {'clf__learning_rate': 0.01, 'clf__max_depth': 1, 'clf__n_estimators': 100}, {'clf__learning_rate': 0.01, 'clf__max_depth': 1, 'clf__n_estimators': 100}, {'clf__learning_rate': 0.01, 'clf__max_depth': 1, 'clf__n_estimators': 100}]","[0.6135899759088567, 0.6126760563380281, 0.6135831381733021, 0.6135831381733021, 0.6135831381733021]",0.613583138,0,0,0,0,62,0,98,0,0.5,0,0.3875,0,0.5,0,0,0,0,0,1,0,0,0,0,0,0.613403089,0.000363526
mycobacterium_isoniazid_resfinder_train,HistGB,3,"[{'clf__l2_regularization': 0.0, 'clf__learning_rate': 0.05, 'clf__max_depth': 3, 'clf__max_leaf_nodes': 31, 'clf__min_samples_leaf': 10}, {'clf__l2_regularization': 0.0, 'clf__learning_rate': 0.05, 'clf__max_depth': 3, 'clf__max_leaf_nodes': 31, 'clf__min_samples_leaf': 10}, {'clf__l2_regularization': 0.0, 'clf__learning_rate': 0.05, 'clf__max_depth': 3, 'clf__max_leaf_nodes': 31, 'clf__min_samples_leaf': 10}, {'clf__l2_regularization': 0.0, 'clf__learning_rate': 0.05, 'clf__max_depth': 3, 'clf__max_leaf_nodes': 31, 'clf__min_samples_leaf': 10}, {'clf__l2_regularization': 0.0, 'clf__learning_rate': 0.05, 'clf__max_depth': 3, 'clf__max_leaf_nodes': 31, 'clf__min_samples_leaf': 10}]","[0.6126760563380281, 0.6126760563380281, 0.6126760563380281, 0.6126760563380281, 0.6126760563380281]",0.612676056,0,0,0,0,62,0,98,0,0.5,0,0.3875,0,0.5,0,0,0,0,0,1,0,0,0,0,0,0.612676056,0
mycobacterium_isoniazid_resfinder+cdhit_train,BernoulliNB,6,"[{'clf__alpha': 0.01, 'clf__binarize': None}, {'clf__alpha': 0.01, 'clf__binarize': None}, {'clf__alpha': 0.01, 'clf__binarize': None}, {'clf__alpha': 0.01, 'clf__binarize': None}, {'clf__alpha': 0.01, 'clf__binarize': None}]","[0.6155887107408545, 0.6127077908849733, 0.6141399415145913, 0.6141399415145913, 0.6141399415145913]",0.614139942,58.8,48.00999896,37.2,30.37367281,24.8,30.37367281,39.2,48.00999896,0.501612903,0.003225806,0.5225,0.110227038,0.5,0,0.6,0.489897949,0.6,0.489897949,0.4,0.489897949,0.455813953,0.372170535,0,0,0.614143265,0.000911036
mycobacterium_isoniazid_resfinder+cdhit_train,RBF SVM,6,"[{'clf__C': 0.1, 'clf__gamma': 'scale'}, {'clf__C': 0.1, 'clf__gamma': 'scale'}, {'clf__C': 0.1, 'clf__gamma': 'scale'}, {'clf__C': 0.1, 'clf__gamma': 'scale'}, {'clf__C': 0.1, 'clf__gamma': 'scale'}]","[0.588296585191208, 0.5587744262553903, 0.5922731281006108, 0.580426960863165, 0.5678544868036265]",0.580426961,39.2,48.00999896,24.8,30.37367281,37.2,30.37367281,58.8,48.00999896,0.501612903,0.003225806,0.4775,0.110227038,0.5,0,0.4,0.489897949,0.4,0.489897949,0.6,0.489897949,0.303875969,0.372170535,0,0,0.577525117,0.012546382
mycobacterium_isoniazid_resfinder+cdhit_train,LogReg (L1),6,"[{'clf__C': 0.001}, {'clf__C': 0.001}, {'clf__C': 0.001}, {'clf__C': 0.001}, {'clf__C': 0.001}]","[0.5, 0.5, 0.5, 0.5, 0.5]",0.5,98,0,62,0,0,0,0,0,0.5,0,0.6125,0,0.5,0,1,0,1,0,0,0,0.759689922,0,0,0,0.5,0
mycobacterium_isoniazid_resfinder+cdhit_train,SGD Logistic,6,"[{'clf__alpha': 1e-05}, {'clf__alpha': 1e-05}, {'clf__alpha': 1e-05}, {'clf__alpha': 1e-05}, {'clf__alpha': 1e-05}]","[0.00010136319533400483, 0.00010135827199886064, 0.00010135827199886064, 0.00010135827199886064, 0.00010135827199886064]",0.000101358,98,0,62,0,0,0,0,0,0.5,0,0.6125,0,0.5,0,1,0,1,0,0,0,0.759689922,0,0,0,0.000101359,1.97E-09
mycobacterium_isoniazid_resfinder+cdhit_train,KNN,6,"[{'clf__n_neighbors': 1, 'clf__p': 1, 'clf__weights': 'uniform'}, {'clf__n_neighbors': 1, 'clf__p': 1, 'clf__weights': 'uniform'}, {'clf__n_neighbors': 1, 'clf__p': 1, 'clf__weights': 'uniform'}, {'clf__n_neighbors': 1, 'clf__p': 1, 'clf__weights': 'uniform'}, {'clf__n_neighbors': 1, 'clf__p': 1, 'clf__weights': 'uniform'}]","[0.0, 0.0, 0.0, 0.0, 0.0]",0,98,0,62,0,0,0,0,0,0.5,0,0.6125,0,0.5,0,1,0,1,0,0,0,0.759689922,0,0,0,0,0
mycobacterium_isoniazid_resfinder+cdhit_train,Random Forest,6,"[{'clf__max_depth': None, 'clf__min_samples_leaf': 1, 'clf__min_samples_split': 2, 'clf__n_estimators': 200}, {'clf__max_depth': None, 'clf__min_samples_leaf': 1, 'clf__min_samples_split': 2, 'clf__n_estimators': 200}, {'clf__max_depth': None, 'clf__min_samples_leaf': 1, 'clf__min_samples_split': 2, 'clf__n_estimators': 200}, {'clf__max_depth': None, 'clf__min_samples_leaf': 1, 'clf__min_samples_split': 2, 'clf__n_estimators': 200}, {'clf__max_depth': None, 'clf__min_samples_leaf': 1, 'clf__min_samples_split': 2, 'clf__n_estimators': 200}]","[0.4999552944565064, 0.4985100476054069, 0.5000559205230428, 0.49987815413169884, 0.49987815413169884]",0.499878154,98,0,62,0,0,0,0,0,0.5,0,0.6125,0,0.5,0,1,0,1,0,0,0,0.759689922,0,0,0,0.499655514,0.000576442
mycobacterium_isoniazid_resfinder+cdhit_train,AdaBoost,6,"[{'clf__learning_rate': 0.01, 'clf__n_estimators': 50}, {'clf__learning_rate': 0.01, 'clf__n_estimators': 50}, {'clf__learning_rate': 0.01, 'clf__n_estimators': 50}, {'clf__learning_rate': 0.01, 'clf__n_estimators': 50}, {'clf__learning_rate': 0.01, 'clf__n_estimators': 50}]","[0.8807970779778823, 0.8807970779778825, 0.8807970779778823, 0.8807970779778823, 0.8807970779778823]",0.880797078,78.4,39.2,49.6,24.8,12.4,24.8,19.6,39.2,0.5,0,0.5675,0.09,0.5,0,0.8,0.4,0.8,0.4,0.2,0.4,0.607751938,0.303875969,0,0,0.880797078,1.11E-16
mycobacterium_isoniazid_resfinder+cdhit_train,Linear SVM,6,"[{'clf__C': 0.001}, {'clf__C': 0.001}, {'clf__C': 0.001}, {'clf__C': 0.001}, {'clf__C': 0.001}]","[1.2607494775826751e-05, 0.0, 1.2491092496550773e-05, 1.2491092496550773e-05, 1.2491092496550773e-05]",1.25E-05,19.6,39.2,12.4,24.8,49.6,24.8,78.4,39.2,0.5,0,0.4325,0.09,0.5,0,0.2,0.4,0.2,0.4,0.8,0.4,0.151937984,0.303875969,0,0,1.00E-05,5.01E-06
mycobacterium_isoniazid_resfinder+cdhit_train,LogReg (L2),6,"[{'clf__C': 0.001}, {'clf__C': 0.001}, {'clf__C': 0.001}, {'clf__C': 0.001}, {'clf__C': 0.001}]","[0.5000003395944392, 0.5, 0.5000003368183749, 0.5000003368183749, 0.5000003368183749]",0.500000337,19.6,39.2,12.4,24.8,49.6,24.8,78.4,39.2,0.5,0,0.4325,0.09,0.5,0,0.2,0.4,0.2,0.4,0.8,0.4,0.151937984,0.303875969,0,0,0.50000027,1.35E-07
mycobacterium_isoniazid_resfinder+cdhit_train,Balanced Random Forest,6,"[{'clf__max_depth': None, 'clf__min_samples_leaf': 1, 'clf__min_samples_split': 2, 'clf__n_estimators': 200}, {'clf__max_depth': None, 'clf__min_samples_leaf': 1, 'clf__min_samples_split': 2, 'clf__n_estimators': 200}, {'clf__max_depth': None, 'clf__min_samples_leaf': 1, 'clf__min_samples_split': 2, 'clf__n_estimators': 200}, {'clf__max_depth': None, 'clf__min_samples_leaf': 1, 'clf__min_samples_split': 2, 'clf__n_estimators': 200}, {'clf__max_depth': None, 'clf__min_samples_leaf': 1, 'clf__min_samples_split': 2, 'clf__n_estimators': 200}]","[0.5013478647713145, 0.5, 0.5015478518827172, 0.5013934425578621, 0.5013934425578621]",0.501393443,19.6,39.2,12.4,24.8,49.6,24.8,78.4,39.2,0.5,0,0.4325,0.09,0.5,0,0.2,0.4,0.2,0.4,0.8,0.4,0.151937984,0.303875969,0,0,0.50113652,0.000572286
mycobacterium_isoniazid_resfinder+cdhit_train,Decision Tree,6,"[{'clf__max_depth': None, 'clf__min_samples_leaf': 1, 'clf__min_samples_split': 2}, {'clf__max_depth': None, 'clf__min_samples_leaf': 1, 'clf__min_samples_split': 2}, {'clf__max_depth': None, 'clf__min_samples_leaf': 1, 'clf__min_samples_split': 2}, {'clf__max_depth': None, 'clf__min_samples_leaf': 1, 'clf__min_samples_split': 2}, {'clf__max_depth': None, 'clf__min_samples_leaf': 1, 'clf__min_samples_split': 2}]","[0.5015197568389079, 0.5000000000000021, 0.50151057401812, 0.50151057401812, 0.50151057401812]",0.501510574,0,0,0,0,62,0,98,0,0.5,0,0.3875,0,0.5,0,0,0,0,0,1,0,0,0,0,0,0.501210296,0.000605158
mycobacterium_isoniazid_resfinder+cdhit_train,Extra Trees,6,"[{'clf__max_depth': None, 'clf__min_samples_leaf': 1, 'clf__min_samples_split': 2, 'clf__n_estimators': 200}, {'clf__max_depth': None, 'clf__min_samples_leaf': 1, 'clf__min_samples_split': 2, 'clf__n_estimators': 200}, {'clf__max_depth': None, 'clf__min_samples_leaf': 1, 'clf__min_samples_split': 2, 'clf__n_estimators': 200}, {'clf__max_depth': None, 'clf__min_samples_leaf': 1, 'clf__min_samples_split': 2, 'clf__n_estimators': 200}, {'clf__max_depth': None, 'clf__min_samples_leaf': 1, 'clf__min_samples_split': 2, 'clf__n_estimators': 200}]","[0.5015197568389064, 0.5000000000000009, 0.5015105740181225, 0.5015105740181225, 0.5015105740181225]",0.501510574,0,0,0,0,62,0,98,0,0.5,0,0.3875,0,0.5,0,0,0,0,0,1,0,0,0,0,0,0.501210296,0.000605158
mycobacterium_isoniazid_resfinder+cdhit_train,Gradient Boosting,6,"[{'clf__learning_rate': 0.01, 'clf__max_depth': 1, 'clf__n_estimators': 100}, {'clf__learning_rate': 0.01, 'clf__max_depth': 1, 'clf__n_estimators': 100}, {'clf__learning_rate': 0.01, 'clf__max_depth': 1, 'clf__n_estimators': 100}, {'clf__learning_rate': 0.01, 'clf__max_depth': 1, 'clf__n_estimators': 100}, {'clf__learning_rate': 0.01, 'clf__max_depth': 1, 'clf__n_estimators': 100}]","[0.6135899759088567, 0.6126760563380281, 0.6135831381733021, 0.6135831381733021, 0.6135831381733021]",0.613583138,0,0,0,0,62,0,98,0,0.5,0,0.3875,0,0.5,0,0,0,0,0,1,0,0,0,0,0,0.613403089,0.000363526
mycobacterium_isoniazid_resfinder+cdhit_train,HistGB,6,"[{'clf__l2_regularization': 0.0, 'clf__learning_rate': 0.05, 'clf__max_depth': 3, 'clf__max_leaf_nodes': 31, 'clf__min_samples_leaf': 10}, {'clf__l2_regularization': 0.0, 'clf__learning_rate': 0.05, 'clf__max_depth': 3, 'clf__max_leaf_nodes': 31, 'clf__min_samples_leaf': 10}, {'clf__l2_regularization': 0.0, 'clf__learning_rate': 0.05, 'clf__max_depth': 3, 'clf__max_leaf_nodes': 31, 'clf__min_samples_leaf': 10}, {'clf__l2_regularization': 0.0, 'clf__learning_rate': 0.05, 'clf__max_depth': 3, 'clf__max_leaf_nodes': 31, 'clf__min_samples_leaf': 10}, {'clf__l2_regularization': 0.0, 'clf__learning_rate': 0.05, 'clf__max_depth': 3, 'clf__max_leaf_nodes': 31, 'clf__min_samples_leaf': 10}]","[0.6126760563380281, 0.6126760563380281, 0.6126760563380281, 0.6126760563380281, 0.6126760563380281]",0.612676056,0,0,0,0,62,0,98,0,0.5,0,0.3875,0,0.5,0,0,0,0,0,1,0,0,0,0,0,0.612676056,0
mycobacterium_isoniazid_resfinder+cdhit+phenotypeseeker_train,HistGB,1006,"[{'clf__l2_regularization': 1.0, 'clf__learning_rate': 0.05, 'clf__max_depth': 3, 'clf__max_leaf_nodes': 31, 'clf__min_samples_leaf': 10}, {'clf__l2_regularization': 1.0, 'clf__learning_rate': 0.1, 'clf__max_depth': 3, 'clf__max_leaf_nodes': 31, 'clf__min_samples_leaf': 50}, {'clf__l2_regularization': 0.0, 'clf__learning_rate': 0.1, 'clf__max_depth': 6, 'clf__max_leaf_nodes': 31, 'clf__min_samples_leaf': 50}, {'clf__l2_regularization': 1.0, 'clf__learning_rate': 0.1, 'clf__max_depth': 3, 'clf__max_leaf_nodes': 31, 'clf__min_samples_leaf': 10}, {'clf__l2_regularization': 0.0, 'clf__learning_rate': 0.05, 'clf__max_depth': 6, 'clf__max_leaf_nodes': 31, 'clf__min_samples_leaf': 10}]","[0.6004568405211571, 0.6299615005882475, 0.6448170519130901, 0.6386988148285232, 0.7030691487795927]",0.638698815,67.6,2.653299832,16.8,2.925747768,45.2,2.925747768,30.4,2.653299832,0.762491771,0.050277255,0.705,0.02833946,0.709414088,0.030725403,0.689795918,0.027074488,0.689795918,0.027074488,0.729032258,0.04718948,0.741186343,0.024653151,0.409009931,0.059796807,0.643400671,0.033493954
mycobacterium_isoniazid_resfinder+cdhit+phenotypeseeker_train,Linear SVM,1006,"[{'clf__C': 0.1}, {'clf__C': 0.1}, {'clf__C': 0.01}, {'clf__C': 0.1}, {'clf__C': 0.01}]","[0.05051910186956221, 0.11291253253619463, 0.27094099292298895, 0.09121437252921129, 0.04508942555551503]",0.091214373,63.4,3.720215048,14.4,2.416609195,47.6,2.416609195,34.6,3.720215048,0.757422646,0.048438974,0.69375,0.02236068,0.707340355,0.021377518,0.646938776,0.037961378,0.646938776,0.037961378,0.767741935,0.038977568,0.720766347,0.024960202,0.405044729,0.041634842,0.114135285,0.082376262
mycobacterium_isoniazid_resfinder+cdhit+phenotypeseeker_train,LogReg (L2),1006,"[{'clf__C': 0.1}, {'clf__C': 0.1}, {'clf__C': 1}, {'clf__C': 1}, {'clf__C': 10}]","[0.5142900227203399, 0.5472460482391791, 0.5595702645551187, 0.49841084030295785, 0.4656716720933511]",0.514290023,67,4.939635614,17,4,45,4,31,4.939635614,0.75821264,0.050547523,0.7,0.02404423,0.704739961,0.02494815,0.683673469,0.050404445,0.683673469,0.050404445,0.725806452,0.064516129,0.735527886,0.026594522,0.401525238,0.047820015,0.51703777,0.033806928
mycobacterium_isoniazid_resfinder+cdhit+phenotypeseeker_train,KNN,1006,"[{'clf__n_neighbors': 15, 'clf__p': 1, 'clf__weights': 'distance'}, {'clf__n_neighbors': 15, 'clf__p': 1, 'clf__weights': 'uniform'}, {'clf__n_neighbors': 11, 'clf__p': 1, 'clf__weights': 'distance'}, {'clf__n_neighbors': 11, 'clf__p': 1, 'clf__weights': 'uniform'}, {'clf__n_neighbors': 11, 'clf__p': 1, 'clf__weights': 'uniform'}]","[0.6, 0.6, 0.6, 0.5454545454545454, 0.6363636363636364]",0.6,79.6,6.019966777,25.2,4.53431362,36.8,4.53431362,18.4,6.019966777,0.756731402,0.043707881,0.7275,0.055,0.702896643,0.055944157,0.812244898,0.061428232,0.812244898,0.061428232,0.593548387,0.073134091,0.784423206,0.046430594,0.417882134,0.11575128,0.596363636,0.029090909
mycobacterium_isoniazid_resfinder+cdhit+phenotypeseeker_train,Balanced Random Forest,1006,"[{'clf__max_depth': None, 'clf__min_samples_leaf': 1, 'clf__min_samples_split': 10, 'clf__n_estimators': 500}, {'clf__max_depth': 10, 'clf__min_samples_leaf': 1, 'clf__min_samples_split': 10, 'clf__n_estimators': 200}, {'clf__max_depth': 3, 'clf__min_samples_leaf': 1, 'clf__min_samples_split': 2, 'clf__n_estimators': 200}, {'clf__max_depth': None, 'clf__min_samples_leaf': 1, 'clf__min_samples_split': 10, 'clf__n_estimators': 500}, {'clf__max_depth': 10, 'clf__min_samples_leaf': 1, 'clf__min_samples_split': 10, 'clf__n_estimators': 200}]","[0.5020888888888884, 0.5451850914578419, 0.626486131432219, 0.5115519092019092, 0.573741880143802]",0.545185091,69,4.69041576,18.8,2.4,43.2,2.4,29,4.69041576,0.758788677,0.046208783,0.70125,0.037583241,0.700427913,0.035957057,0.704081633,0.047861385,0.704081633,0.047861385,0.696774194,0.038709677,0.742128828,0.03559427,0.393312475,0.07240283,0.55181078,0.045153791
mycobacterium_isoniazid_resfinder+cdhit+phenotypeseeker_train,RBF SVM,1006,"[{'clf__C': 0.1, 'clf__gamma': 1}, {'clf__C': 1, 'clf__gamma': 0.1}, {'clf__C': 0.1, 'clf__gamma': 0.1}, {'clf__C': 1, 'clf__gamma': 1}, {'clf__C': 1, 'clf__gamma': 1}]","[0.5367712559552469, 0.5767859704603061, 0.772385668797396, 0.7250089610645992, 0.6602175723285181]",0.660217572,67.4,5.276362383,17.8,4.664761516,44.2,4.664761516,30.6,5.276362383,0.731319947,0.04301267,0.6975,0.028939592,0.700329164,0.031324647,0.687755102,0.053840432,0.687755102,0.053840432,0.712903226,0.075238089,0.735055804,0.029422609,0.393664707,0.06118977,0.654233886,0.088091326
mycobacterium_isoniazid_resfinder+cdhit+phenotypeseeker_train,LogReg (L1),1006,"[{'clf__C': 1}, {'clf__C': 1}, {'clf__C': 1}, {'clf__C': 1}, {'clf__C': 1}]","[0.4941153980207016, 0.512799528710592, 0.6207703189773769, 0.5711834768073263, 0.4953822275984581]",0.512799529,64.8,7.025667228,16.2,4.53431362,45.8,4.53431362,33.2,7.025667228,0.76596445,0.048130503,0.69125,0.03526684,0.699967084,0.032483993,0.66122449,0.071690482,0.66122449,0.071690482,0.738709677,0.073134091,0.722205015,0.04113868,0.39314502,0.064259474,0.53885019,0.049650078
mycobacterium_isoniazid_resfinder+cdhit+phenotypeseeker_train,Extra Trees,1006,"[{'clf__max_depth': None, 'clf__min_samples_leaf': 5, 'clf__min_samples_split': 2, 'clf__n_estimators': 200}, {'clf__max_depth': 10, 'clf__min_samples_leaf': 1, 'clf__min_samples_split': 10, 'clf__n_estimators': 200}, {'clf__max_depth': 3, 'clf__min_samples_leaf': 1, 'clf__min_samples_split': 2, 'clf__n_estimators': 200}, {'clf__max_depth': 10, 'clf__min_samples_leaf': 1, 'clf__min_samples_split': 10, 'clf__n_estimators': 200}, {'clf__max_depth': 10, 'clf__min_samples_leaf': 1, 'clf__min_samples_split': 10, 'clf__n_estimators': 500}]","[0.6315048664524577, 0.5346674689155334, 0.37121995682402137, 0.5005352255026324, 0.5333653012060359]",0.533365301,67.4,2.939387691,18.2,2.925747768,43.8,2.925747768,30.6,2.939387691,0.759364714,0.043212918,0.695,0.022844584,0.697103357,0.024972372,0.687755102,0.029993752,0.687755102,0.029993752,0.706451613,0.04718948,0.734032618,0.021229809,0.385602364,0.048175702,0.514258564,0.083876885
mycobacterium_isoniazid_resfinder+cdhit+phenotypeseeker_train,Random Forest,1006,"[{'clf__max_depth': None, 'clf__min_samples_leaf': 1, 'clf__min_samples_split': 10, 'clf__n_estimators': 500}, {'clf__max_depth': 10, 'clf__min_samples_leaf': 1, 'clf__min_samples_split': 10, 'clf__n_estimators': 200}, {'clf__max_depth': 3, 'clf__min_samples_leaf': 1, 'clf__min_samples_split': 2, 'clf__n_estimators': 200}, {'clf__max_depth': 10, 'clf__min_samples_leaf': 1, 'clf__min_samples_split': 10, 'clf__n_estimators': 200}, {'clf__max_depth': 10, 'clf__min_samples_leaf': 1, 'clf__min_samples_split': 10, 'clf__n_estimators': 500}]","[0.49193103089162754, 0.531621342534428, 0.678786080121427, 0.5188552142957399, 0.5071518273208618]",0.518855214,65.4,11.90965994,17,6.782329983,45,6.782329983,32.6,11.90965994,0.759447005,0.042865984,0.69,0.04769696,0.696576695,0.036761819,0.667346939,0.121527142,0.667346939,0.121527142,0.725806452,0.109392419,0.718821887,0.068718861,0.393641297,0.073981766,0.545669099,0.067834821
mycobacterium_isoniazid_resfinder+cdhit+phenotypeseeker_train,Gradient Boosting,1006,"[{'clf__learning_rate': 0.01, 'clf__max_depth': 2, 'clf__n_estimators': 200}, {'clf__learning_rate': 0.01, 'clf__max_depth': 2, 'clf__n_estimators': 200}, {'clf__learning_rate': 0.05, 'clf__max_depth': 2, 'clf__n_estimators': 100}, {'clf__learning_rate': 0.05, 'clf__max_depth': 3, 'clf__n_estimators': 200}, {'clf__learning_rate': 0.2, 'clf__max_depth': 2, 'clf__n_estimators': 200}]","[0.6197441983530212, 0.5863105574580771, 0.7358804906097736, 0.5837921641199133, 0.7051127602841513]",0.619744198,68.8,3.867815921,20,3.687817783,42,3.687817783,29.2,3.867815921,0.760483871,0.042148653,0.6925,0.024811792,0.689730086,0.027335949,0.702040816,0.039467509,0.702040816,0.039467509,0.677419355,0.059480932,0.736268803,0.023222963,0.373157032,0.053176359,0.646168034,0.062760961
mycobacterium_isoniazid_resfinder+cdhit+phenotypeseeker_train,Decision Tree,1006,"[{'clf__max_depth': 5, 'clf__min_samples_leaf': 1, 'clf__min_samples_split': 10}, {'clf__max_depth': 5, 'clf__min_samples_leaf': 2, 'clf__min_samples_split': 2}, {'clf__max_depth': 3, 'clf__min_samples_leaf': 5, 'clf__min_samples_split': 2}, {'clf__max_depth': None, 'clf__min_samples_leaf': 2, 'clf__min_samples_split': 10}, {'clf__max_depth': 10, 'clf__min_samples_leaf': 1, 'clf__min_samples_split': 20}]","[0.6216477410002421, 0.544743701129453, 0.6867386807630436, 0.526745240253853, 0.5832449628844119]",0.583244963,63.6,13.76372043,17.2,6.705221846,44.8,6.705221846,34.4,13.76372043,0.73385451,0.050916839,0.6775,0.057227616,0.685780118,0.040748633,0.648979592,0.140446127,0.648979592,0.140446127,0.722580645,0.108148739,0.701808506,0.092188737,0.372941095,0.07483644,0.592624065,0.057306982
mycobacterium_isoniazid_resfinder+cdhit+phenotypeseeker_train,AdaBoost,1006,"[{'clf__learning_rate': 0.01, 'clf__n_estimators': 50}, {'clf__learning_rate': 0.01, 'clf__n_estimators': 50}, {'clf__learning_rate': 0.01, 'clf__n_estimators': 50}, {'clf__learning_rate': 0.01, 'clf__n_estimators': 50}, {'clf__learning_rate': 0.01, 'clf__n_estimators': 50}]","[0.8807970779778823, 0.8807970779778823, 0.8807970779778823, 0.8807970779778823, 0.7796796716082888]",0.880797078,68.6,3.136877428,20.4,3.498571137,41.6,3.498571137,29.4,3.136877428,0.68184661,0.030181675,0.68875,0.030973779,0.685483871,0.033973959,0.7,0.032008953,0.7,0.032008953,0.670967742,0.056428567,0.7335943,0.026703067,0.364156227,0.065873354,0.860573597,0.040446963
mycobacterium_isoniazid_resfinder+cdhit+phenotypeseeker_train,SGD Logistic,1006,"[{'clf__alpha': 0.01}, {'clf__alpha': 0.001}, {'clf__alpha': 0.001}, {'clf__alpha': 0.001}, {'clf__alpha': 0.0001}]","[0.7484578570085139, 0.3224450685420407, 0.19899173547874258, 0.5981014325875947, 0.9999999999999987]",0.598101433,71.6,9.350935782,23.6,13.97998569,38.4,13.97998569,26.4,9.350935782,0.734809085,0.049889883,0.6875,0.035575624,0.674983542,0.068415864,0.730612245,0.095417712,0.730612245,0.095417712,0.619354839,0.22548364,0.740579871,0.018495973,0.353321352,0.114256749,0.573599219,0.28858368
mycobacterium_isoniazid_resfinder+cdhit+phenotypeseeker_train,BernoulliNB,1006,"[{'clf__alpha': 0.01, 'clf__binarize': None}, {'clf__alpha': 0.01, 'clf__binarize': None}, {'clf__alpha': 0.01, 'clf__binarize': None}, {'clf__alpha': 0.01, 'clf__binarize': None}, {'clf__alpha': 0.01, 'clf__binarize': None}]","[1.0, 1.0, 1.0, 1.0, 1.0]",1,69.4,2.576819745,26.2,4.445222154,35.8,4.445222154,28.6,2.576819745,0.648041475,0.03529533,0.6575,0.030973779,0.64279131,0.037178712,0.708163265,0.026294079,0.708163265,0.026294079,0.577419355,0.071697132,0.717068161,0.022587024,0.283750503,0.071911741,1,0
mycobacterium_isoniazid_resfinder+phenotypeseeker_train,HistGB,1003,"[{'clf__l2_regularization': 1.0, 'clf__learning_rate': 0.05, 'clf__max_depth': 3, 'clf__max_leaf_nodes': 31, 'clf__min_samples_leaf': 10}, {'clf__l2_regularization': 1.0, 'clf__learning_rate': 0.1, 'clf__max_depth': 3, 'clf__max_leaf_nodes': 31, 'clf__min_samples_leaf': 50}, {'clf__l2_regularization': 0.0, 'clf__learning_rate': 0.1, 'clf__max_depth': 6, 'clf__max_leaf_nodes': 31, 'clf__min_samples_leaf': 50}, {'clf__l2_regularization': 1.0, 'clf__learning_rate': 0.1, 'clf__max_depth': 3, 'clf__max_leaf_nodes': 31, 'clf__min_samples_leaf': 10}, {'clf__l2_regularization': 0.0, 'clf__learning_rate': 0.05, 'clf__max_depth': 6, 'clf__max_leaf_nodes': 31, 'clf__min_samples_leaf': 10}]","[0.6004568405211571, 0.6299615005882475, 0.6448170519130901, 0.6386988148285232, 0.7030691487795927]",0.638698815,67.6,2.653299832,16.8,2.925747768,45.2,2.925747768,30.4,2.653299832,0.762491771,0.050277255,0.705,0.02833946,0.709414088,0.030725403,0.689795918,0.027074488,0.689795918,0.027074488,0.729032258,0.04718948,0.741186343,0.024653151,0.409009931,0.059796807,0.643400671,0.033493954
mycobacterium_isoniazid_resfinder+phenotypeseeker_train,LogReg (L2),1003,"[{'clf__C': 0.1}, {'clf__C': 0.1}, {'clf__C': 1}, {'clf__C': 1}, {'clf__C': 10}]","[0.514557132105815, 0.5472533417212452, 0.5582258059322632, 0.5075967019411852, 0.4634726324208289]",0.514557132,67,4.939635614,17,4,45,4,31,4.939635614,0.759200132,0.050806332,0.7,0.02404423,0.704739961,0.02494815,0.683673469,0.050404445,0.683673469,0.050404445,0.725806452,0.064516129,0.735527886,0.026594522,0.401525238,0.047820015,0.518221123,0.033367483
mycobacterium_isoniazid_resfinder+phenotypeseeker_train,Linear SVM,1003,"[{'clf__C': 0.1}, {'clf__C': 0.1}, {'clf__C': 0.01}, {'clf__C': 0.1}, {'clf__C': 0.01}]","[0.0824145462301469, 0.11290915040571439, 0.2709421194891012, 0.12835741243601975, 0.045122072820808434]",0.11290915,62.8,4.261455151,14.4,2.416609195,47.6,2.416609195,35.2,4.261455151,0.757422646,0.048438974,0.69,0.025495098,0.704279131,0.023445716,0.640816327,0.043484236,0.640816327,0.043484236,0.767741935,0.038977568,0.716196472,0.029134139,0.3992872,0.04551048,0.12794906,0.076950741
mycobacterium_isoniazid_resfinder+phenotypeseeker_train,KNN,1003,"[{'clf__n_neighbors': 15, 'clf__p': 1, 'clf__weights': 'distance'}, {'clf__n_neighbors': 15, 'clf__p': 1, 'clf__weights': 'uniform'}, {'clf__n_neighbors': 11, 'clf__p': 1, 'clf__weights': 'distance'}, {'clf__n_neighbors': 11, 'clf__p': 1, 'clf__weights': 'uniform'}, {'clf__n_neighbors': 11, 'clf__p': 1, 'clf__weights': 'uniform'}]","[0.6, 0.6, 0.6, 0.5454545454545454, 0.6363636363636364]",0.6,79.6,6.019966777,25.2,4.53431362,36.8,4.53431362,18.4,6.019966777,0.756731402,0.043707881,0.7275,0.055,0.702896643,0.055944157,0.812244898,0.061428232,0.812244898,0.061428232,0.593548387,0.073134091,0.784423206,0.046430594,0.417882134,0.11575128,0.596363636,0.029090909
mycobacterium_isoniazid_resfinder+phenotypeseeker_train,Balanced Random Forest,1003,"[{'clf__max_depth': None, 'clf__min_samples_leaf': 1, 'clf__min_samples_split': 10, 'clf__n_estimators': 500}, {'clf__max_depth': 10, 'clf__min_samples_leaf': 1, 'clf__min_samples_split': 10, 'clf__n_estimators': 200}, {'clf__max_depth': 3, 'clf__min_samples_leaf': 1, 'clf__min_samples_split': 2, 'clf__n_estimators': 200}, {'clf__max_depth': 10, 'clf__min_samples_leaf': 1, 'clf__min_samples_split': 10, 'clf__n_estimators': 500}, {'clf__max_depth': 10, 'clf__min_samples_leaf': 1, 'clf__min_samples_split': 10, 'clf__n_estimators': 500}]","[0.48845240966912096, 0.5332593166227466, 0.6195453731414986, 0.44211748917748894, 0.5594982569818123]",0.533259317,70.4,3.878143886,19.8,3.18747549,42.2,3.18747549,27.6,3.878143886,0.75985846,0.041009268,0.70375,0.037831865,0.699506254,0.039025351,0.718367347,0.039572897,0.718367347,0.039572897,0.680645161,0.051410895,0.74790562,0.03302881,0.392489342,0.077507043,0.528574569,0.060561577
mycobacterium_isoniazid_resfinder+phenotypeseeker_train,LogReg (L1),1003,"[{'clf__C': 1}, {'clf__C': 1}, {'clf__C': 1}, {'clf__C': 1}, {'clf__C': 1}]","[0.49003755007251837, 0.5134738297151914, 0.6207342026633201, 0.571157728690025, 0.49949153597037654]",0.51347383,64.6,6.711184694,16.2,4.53431362,45.8,4.53431362,33.4,6.711184694,0.764812377,0.050801709,0.69,0.033680484,0.698946675,0.031706432,0.659183673,0.068481476,0.659183673,0.068481476,0.738709677,0.073134091,0.720944399,0.039296256,0.390894225,0.062383757,0.538978969,0.049647604
mycobacterium_isoniazid_resfinder+phenotypeseeker_train,RBF SVM,1003,"[{'clf__C': 0.1, 'clf__gamma': 1}, {'clf__C': 1, 'clf__gamma': 0.1}, {'clf__C': 0.1, 'clf__gamma': 0.1}, {'clf__C': 1, 'clf__gamma': 1}, {'clf__C': 1, 'clf__gamma': 1}]","[0.5313791599044245, 0.5781867408084806, 0.7721384853498876, 0.7547383133997223, 0.652679449879023]",0.65267945,66.8,4.214261501,17.8,4.664761516,44.2,4.664761516,31.2,4.214261501,0.727271231,0.037835399,0.69375,0.026220221,0.697267939,0.031234448,0.681632653,0.043002668,0.681632653,0.043002668,0.712903226,0.075238089,0.73129512,0.02451394,0.386798242,0.060060859,0.65782443,0.094675279
mycobacterium_isoniazid_resfinder+phenotypeseeker_train,Gradient Boosting,1003,"[{'clf__learning_rate': 0.01, 'clf__max_depth': 2, 'clf__n_estimators': 200}, {'clf__learning_rate': 0.01, 'clf__max_depth': 2, 'clf__n_estimators': 200}, {'clf__learning_rate': 0.05, 'clf__max_depth': 2, 'clf__n_estimators': 100}, {'clf__learning_rate': 0.1, 'clf__max_depth': 3, 'clf__n_estimators': 200}, {'clf__learning_rate': 0.2, 'clf__max_depth': 2, 'clf__n_estimators': 200}]","[0.6197441983530212, 0.5863105574580771, 0.7358804906097736, 0.6649905857993555, 0.7051127602841513]",0.664990586,67.2,2.785677655,18.4,3.555277767,43.6,3.555277767,30.8,2.785677655,0.757718894,0.043432565,0.6925,0.022150056,0.694470046,0.026485446,0.685714286,0.028425282,0.685714286,0.028425282,0.703225806,0.05734319,0.731936639,0.01860111,0.380568847,0.050789292,0.662407719,0.054478608
mycobacterium_isoniazid_resfinder+phenotypeseeker_train,Random Forest,1003,"[{'clf__max_depth': 10, 'clf__min_samples_leaf': 1, 'clf__min_samples_split': 10, 'clf__n_estimators': 500}, {'clf__max_depth': 10, 'clf__min_samples_leaf': 1, 'clf__min_samples_split': 10, 'clf__n_estimators': 500}, {'clf__max_depth': 3, 'clf__min_samples_leaf': 1, 'clf__min_samples_split': 2, 'clf__n_estimators': 200}, {'clf__max_depth': None, 'clf__min_samples_leaf': 1, 'clf__min_samples_split': 10, 'clf__n_estimators': 500}, {'clf__max_depth': 10, 'clf__min_samples_leaf': 1, 'clf__min_samples_split': 10, 'clf__n_estimators': 500}]","[0.5426616560698362, 0.5182406327264797, 0.6248011737181594, 0.5137541057693904, 0.4929494886642036]",0.518240633,69.8,3.310589071,20.2,3.919183588,41.8,3.919183588,28.2,3.310589071,0.756813693,0.044745698,0.6975,0.029738443,0.693219223,0.033657715,0.712244898,0.033781521,0.712244898,0.033781521,0.674193548,0.063212639,0.742479377,0.025115209,0.38035317,0.065316069,0.538481411,0.045962725
mycobacterium_isoniazid_resfinder+phenotypeseeker_train,Extra Trees,1003,"[{'clf__max_depth': None, 'clf__min_samples_leaf': 5, 'clf__min_samples_split': 2, 'clf__n_estimators': 200}, {'clf__max_depth': 10, 'clf__min_samples_leaf': 1, 'clf__min_samples_split': 10, 'clf__n_estimators': 200}, {'clf__max_depth': 3, 'clf__min_samples_leaf': 1, 'clf__min_samples_split': 2, 'clf__n_estimators': 200}, {'clf__max_depth': None, 'clf__min_samples_leaf': 1, 'clf__min_samples_split': 10, 'clf__n_estimators': 200}, {'clf__max_depth': 10, 'clf__min_samples_leaf': 1, 'clf__min_samples_split': 10, 'clf__n_estimators': 500}]","[0.6169683060697694, 0.5347401806554746, 0.3714324576293197, 0.497862285489764, 0.5376233402399256]",0.534740181,69,2.449489743,20.2,2.315167381,41.8,2.315167381,29,2.449489743,0.753341014,0.042812245,0.6925,0.021794495,0.689137591,0.023188284,0.704081633,0.024994793,0.704081633,0.024994793,0.674193548,0.037341409,0.737077521,0.019442579,0.371313947,0.045270807,0.511725314,0.080188214
mycobacterium_isoniazid_resfinder+phenotypeseeker_train,Decision Tree,1003,"[{'clf__max_depth': 5, 'clf__min_samples_leaf': 1, 'clf__min_samples_split': 10}, {'clf__max_depth': 5, 'clf__min_samples_leaf': 2, 'clf__min_samples_split': 2}, {'clf__max_depth': 3, 'clf__min_samples_leaf': 5, 'clf__min_samples_split': 2}, {'clf__max_depth': None, 'clf__min_samples_leaf': 2, 'clf__min_samples_split': 10}, {'clf__max_depth': 10, 'clf__min_samples_leaf': 1, 'clf__min_samples_split': 20}]","[0.6216477410002421, 0.5447437011294531, 0.6867386807630433, 0.526745240253853, 0.5832449628844119]",0.583244963,63.6,13.76372043,17.2,6.705221846,44.8,6.705221846,34.4,13.76372043,0.733689928,0.050980319,0.6775,0.057227616,0.685780118,0.040748633,0.648979592,0.140446127,0.648979592,0.140446127,0.722580645,0.108148739,0.701808506,0.092188737,0.372941095,0.07483644,0.592624065,0.057306982
mycobacterium_isoniazid_resfinder+phenotypeseeker_train,AdaBoost,1003,"[{'clf__learning_rate': 0.01, 'clf__n_estimators': 50}, {'clf__learning_rate': 0.01, 'clf__n_estimators': 50}, {'clf__learning_rate': 0.01, 'clf__n_estimators': 50}, {'clf__learning_rate': 0.01, 'clf__n_estimators': 50}, {'clf__learning_rate': 0.01, 'clf__n_estimators': 50}]","[0.8807970779778823, 0.8807970779778823, 0.8807970779778823, 0.8807970779778823, 0.7796796716082888]",0.880797078,68.6,3.136877428,20.4,3.498571137,41.6,3.498571137,29.4,3.136877428,0.68184661,0.030181675,0.68875,0.030973779,0.685483871,0.033973959,0.7,0.032008953,0.7,0.032008953,0.670967742,0.056428567,0.7335943,0.026703067,0.364156227,0.065873354,0.860573597,0.040446963
mycobacterium_isoniazid_resfinder+phenotypeseeker_train,SGD Logistic,1003,"[{'clf__alpha': 0.01}, {'clf__alpha': 0.0001}, {'clf__alpha': 0.01}, {'clf__alpha': 0.001}, {'clf__alpha': 0.001}]","[0.7487885053819409, 1.0, 0.7780975704653156, 0.9523491954645769, 0.20824618251706511]",0.77809757,56.6,22.0599184,15.4,14.13647764,46.6,14.13647764,41.4,22.0599184,0.744552337,0.059703712,0.645,0.08627717,0.664581962,0.072523411,0.57755102,0.225101208,0.57755102,0.225101208,0.751612903,0.228007704,0.64029222,0.149244799,0.349234711,0.126824398,0.737496291,0.281762887
mycobacterium_isoniazid_resfinder+phenotypeseeker_train,BernoulliNB,1003,"[{'clf__alpha': 0.01, 'clf__binarize': None}, {'clf__alpha': 0.01, 'clf__binarize': None}, {'clf__alpha': 0.01, 'clf__binarize': None}, {'clf__alpha': 0.01, 'clf__binarize': None}, {'clf__alpha': 0.01, 'clf__binarize': None}]","[1.0, 1.0, 1.0, 1.0, 1.0]",1,69.4,2.576819745,26.2,4.445222154,35.8,4.445222154,28.6,2.576819745,0.648008558,0.035322088,0.6575,0.030973779,0.64279131,0.037178712,0.708163265,0.026294079,0.708163265,0.026294079,0.577419355,0.071697132,0.717068161,0.022587024,0.283750503,0.071911741,1,0
mycobacterium_isoniazid_resfinder+pointfinder_train,Linear SVM,212,"[{'clf__C': 100}, {'clf__C': 100}, {'clf__C': 1}, {'clf__C': 1}, {'clf__C': 1}]","[0.11265868494245268, 0.055795052948021506, 0.05018864803204659, 0.4648422005907757, 0.4949674957422384]",0.112658685,89.6,1.356465997,0.2,0.4,61.8,0.4,8.4,1.356465997,0.962969059,0.007926975,0.94625,0.009354143,0.955529954,0.008256964,0.914285714,0.01384149,0.914285714,0.01384149,0.996774194,0.006451613,0.954156918,0.008200518,0.894593847,0.017787251,0.235690416,0.200820915
mycobacterium_isoniazid_resfinder+pointfinder_train,RBF SVM,212,"[{'clf__C': 100, 'clf__gamma': 'auto'}, {'clf__C': 10, 'clf__gamma': 'scale'}, {'clf__C': 10, 'clf__gamma': 'scale'}, {'clf__C': 10, 'clf__gamma': 'scale'}, {'clf__C': 10, 'clf__gamma': 'scale'}]","[0.27440127196043335, 0.7038020294794721, 0.8745609848016198, 0.48000759429940437, 0.8228265185122526]",0.703802029,90.2,1.939071943,0.6,0.8,61.4,0.8,7.8,1.939071943,0.964680711,0.013607594,0.9475,0.012869538,0.955365372,0.011528916,0.920408163,0.019786448,0.920408163,0.019786448,0.990322581,0.012903226,0.955415642,0.011217626,0.895970184,0.024812426,0.63111968,0.224223455
mycobacterium_isoniazid_resfinder+pointfinder_train,Balanced Random Forest,212,"[{'clf__max_depth': None, 'clf__min_samples_leaf': 1, 'clf__min_samples_split': 2, 'clf__n_estimators': 200}, {'clf__max_depth': None, 'clf__min_samples_leaf': 1, 'clf__min_samples_split': 2, 'clf__n_estimators': 200}, {'clf__max_depth': 20, 'clf__min_samples_leaf': 1, 'clf__min_samples_split': 10, 'clf__n_estimators': 200}, {'clf__max_depth': None, 'clf__min_samples_leaf': 1, 'clf__min_samples_split': 5, 'clf__n_estimators': 200}, {'clf__max_depth': 20, 'clf__min_samples_leaf': 1, 'clf__min_samples_split': 2, 'clf__n_estimators': 500}]","[0.5620817172696205, 0.5027784438330564, 0.4848822231447093, 0.6191977774890001, 0.5963663266773485]",0.562081717,89.8,1.326649916,0.4,0.489897949,61.6,0.489897949,8.2,1.326649916,0.963495721,0.009005145,0.94625,0.009354143,0.954937459,0.008443809,0.916326531,0.013537244,0.916326531,0.013537244,0.993548387,0.00790158,0.954258777,0.008174623,0.893994576,0.017963666,0.553061298,0.051975916
mycobacterium_isoniazid_resfinder+pointfinder_train,LogReg (L1),212,"[{'clf__C': 10}, {'clf__C': 10}, {'clf__C': 10}, {'clf__C': 10}, {'clf__C': 10}]","[0.9163531802439601, 0.8742852410133897, 0.7581119061017078, 0.898316988082568, 0.8826675542647513]",0.882667554,89.4,1.356465997,0.2,0.4,61.8,0.4,8.6,1.356465997,0.960681369,0.009636045,0.945,0.009185587,0.954509546,0.008055173,0.912244898,0.01384149,0.912244898,0.01384149,0.996774194,0.006451613,0.953041888,0.008055124,0.89232127,0.01743183,0.865946974,0.055796254
mycobacterium_isoniazid_resfinder+pointfinder_train,Extra Trees,212,"[{'clf__max_depth': None, 'clf__min_samples_leaf': 1, 'clf__min_samples_split': 2, 'clf__n_estimators': 200}, {'clf__max_depth': None, 'clf__min_samples_leaf': 1, 'clf__min_samples_split': 2, 'clf__n_estimators': 200}, {'clf__max_depth': None, 'clf__min_samples_leaf': 1, 'clf__min_samples_split': 5, 'clf__n_estimators': 200}, {'clf__max_depth': None, 'clf__min_samples_leaf': 1, 'clf__min_samples_split': 5, 'clf__n_estimators': 200}, {'clf__max_depth': None, 'clf__min_samples_leaf': 1, 'clf__min_samples_split': 2, 'clf__n_estimators': 200}]","[0.5452738120605154, 0.5598650927487366, 0.7166123778501655, 0.5686251604380922, 0.6547619047619014]",0.56862516,89.8,1.469693846,0.6,0.8,61.4,0.8,8.2,1.469693846,0.958607637,0.008054938,0.945,0.010752907,0.953324556,0.010219254,0.916326531,0.014996876,0.916326531,0.014996876,0.990322581,0.012903226,0.95324459,0.009316106,0.891178751,0.021136857,0.60902767,0.065999948
mycobacterium_isoniazid_resfinder+pointfinder_train,LogReg (L2),212,"[{'clf__C': 100}, {'clf__C': 100}, {'clf__C': 10}, {'clf__C': 10}, {'clf__C': 10}]","[0.9580936500675693, 0.5733012354816276, 0.5412892368100617, 0.8063195924357176, 0.7283245737812677]",0.728324574,89.4,1.496662955,0.4,0.489897949,61.6,0.489897949,8.6,1.496662955,0.963265306,0.00808022,0.94375,0.011858541,0.952896643,0.010954484,0.912244898,0.015272071,0.912244898,0.015272071,0.993548387,0.00790158,0.952018492,0.010330838,0.889402289,0.023049132,0.721465658,0.153399009
mycobacterium_isoniazid_resfinder+pointfinder_train,Random Forest,212,"[{'clf__max_depth': 10, 'clf__min_samples_leaf': 1, 'clf__min_samples_split': 2, 'clf__n_estimators': 200}, {'clf__max_depth': 20, 'clf__min_samples_leaf': 1, 'clf__min_samples_split': 2, 'clf__n_estimators': 200}, {'clf__max_depth': 20, 'clf__min_samples_leaf': 1, 'clf__min_samples_split': 10, 'clf__n_estimators': 200}, {'clf__max_depth': None, 'clf__min_samples_leaf': 1, 'clf__min_samples_split': 5, 'clf__n_estimators': 200}, {'clf__max_depth': 10, 'clf__min_samples_leaf': 1, 'clf__min_samples_split': 2, 'clf__n_estimators': 500}]","[0.4536738309182838, 0.6440008491074408, 0.6570752061761059, 0.39667496916843936, 0.46329947104519853]",0.463299471,90.2,1.939071943,1,1.264911064,61,1.264911064,7.8,1.939071943,0.965108624,0.007739203,0.945,0.010752907,0.952139566,0.010158001,0.920408163,0.019786448,0.920408163,0.019786448,0.983870968,0.020401791,0.95341822,0.009408785,0.890453723,0.020909546,0.522944865,0.106719853
mycobacterium_isoniazid_resfinder+pointfinder_train,Gradient Boosting,212,"[{'clf__learning_rate': 0.01, 'clf__max_depth': 3, 'clf__n_estimators': 200}, {'clf__learning_rate': 0.01, 'clf__max_depth': 3, 'clf__n_estimators': 200}, {'clf__learning_rate': 0.01, 'clf__max_depth': 3, 'clf__n_estimators': 100}, {'clf__learning_rate': 0.01, 'clf__max_depth': 2, 'clf__n_estimators': 500}, {'clf__learning_rate': 0.01, 'clf__max_depth': 3, 'clf__n_estimators': 200}]","[0.6205500652852993, 0.6668235191405775, 0.5409056727948184, 0.6270381998464928, 0.6064980550752214]",0.620550065,89.2,1.939071943,0.4,0.489897949,61.6,0.489897949,8.8,1.939071943,0.960533246,0.010739348,0.9425,0.012747549,0.951876234,0.01095755,0.910204082,0.019786448,0.910204082,0.019786448,0.993548387,0.00790158,0.950853498,0.01134097,0.887318756,0.02362746,0.612363102,0.040960676
mycobacterium_isoniazid_resfinder+pointfinder_train,Decision Tree,212,"[{'clf__max_depth': None, 'clf__min_samples_leaf': 2, 'clf__min_samples_split': 2}, {'clf__max_depth': None, 'clf__min_samples_leaf': 2, 'clf__min_samples_split': 2}, {'clf__max_depth': None, 'clf__min_samples_leaf': 2, 'clf__min_samples_split': 10}, {'clf__max_depth': None, 'clf__min_samples_leaf': 1, 'clf__min_samples_split': 5}, {'clf__max_depth': 5, 'clf__min_samples_leaf': 2, 'clf__min_samples_split': 2}]","[1.0, 0.8634222919937204, 0.8349146110056926, 0.6561264822134387, 0.9404924760601916]",0.863422292,89,1.549193338,0.4,0.489897949,61.6,0.489897949,9,1.549193338,0.956040158,0.00993718,0.94125,0.011592023,0.950855826,0.010535611,0.908163265,0.015808095,0.908163265,0.015808095,0.993548387,0.00790158,0.949776442,0.010123845,0.88489211,0.022359745,0.858991172,0.116858333
mycobacterium_isoniazid_resfinder+pointfinder_train,HistGB,212,"[{'clf__l2_regularization': 0.0, 'clf__learning_rate': 0.05, 'clf__max_depth': 6, 'clf__max_leaf_nodes': 31, 'clf__min_samples_leaf': 10}, {'clf__l2_regularization': 0.0, 'clf__learning_rate': 0.05, 'clf__max_depth': 3, 'clf__max_leaf_nodes': 31, 'clf__min_samples_leaf': 10}, {'clf__l2_regularization': 0.0, 'clf__learning_rate': 0.05, 'clf__max_depth': 3, 'clf__max_leaf_nodes': 31, 'clf__min_samples_leaf': 10}, {'clf__l2_regularization': 0.0, 'clf__learning_rate': 0.05, 'clf__max_depth': 3, 'clf__max_leaf_nodes': 31, 'clf__min_samples_leaf': 10}, {'clf__l2_regularization': 0.0, 'clf__learning_rate': 0.05, 'clf__max_depth': 3, 'clf__max_leaf_nodes': 31, 'clf__min_samples_leaf': 10}]","[0.5305735296851877, 0.5786684292635792, 0.5366007780249655, 0.7083385767440371, 0.7010980037239795]",0.578668429,89.2,1.939071943,0.6,0.8,61.4,0.8,8.8,1.939071943,0.95994075,0.008841345,0.94125,0.013462912,0.950263331,0.01222187,0.910204082,0.019786448,0.910204082,0.019786448,0.990322581,0.012903226,0.949851584,0.011863321,0.884438266,0.025621606,0.611055863,0.078283364
mycobacterium_isoniazid_resfinder+pointfinder_train,AdaBoost,212,"[{'clf__learning_rate': 1.0, 'clf__n_estimators': 500}, {'clf__learning_rate': 1.0, 'clf__n_estimators': 500}, {'clf__learning_rate': 1.0, 'clf__n_estimators': 500}, {'clf__learning_rate': 1.0, 'clf__n_estimators': 500}, {'clf__learning_rate': 1.0, 'clf__n_estimators': 500}]","[0.5227269809840674, 0.5172176456950083, 0.5298300578005646, 0.5307246384767302, 0.4989043257430949]",0.522726981,88.2,2.227105745,0.2,0.4,61.8,0.4,9.8,2.227105745,0.962425938,0.008744028,0.9375,0.015309311,0.948387097,0.013256196,0.9,0.022725569,0.9,0.022725569,0.996774194,0.006451613,0.946208322,0.013620356,0.879014824,0.028481942,0.51988073,0.011591222
mycobacterium_isoniazid_resfinder+pointfinder_train,BernoulliNB,212,"[{'clf__alpha': 0.1, 'clf__binarize': None}, {'clf__alpha': 0.01, 'clf__binarize': None}, {'clf__alpha': 0.01, 'clf__binarize': None}, {'clf__alpha': 0.01, 'clf__binarize': None}, {'clf__alpha': 0.01, 'clf__binarize': None}]","[0.9079583231251899, 0.3035611438799339, 0.3985960950105233, 0.603640620752971, 0.4869925510763102]",0.486992551,88.8,2.039607805,0.6,0.489897949,61.4,0.489897949,9.2,2.039607805,0.964647795,0.009459755,0.93875,0.015512092,0.948222515,0.014011175,0.906122449,0.020812325,0.906122449,0.020812325,0.990322581,0.00790158,0.947589607,0.013702659,0.879805707,0.029503847,0.540149747,0.208878688
mycobacterium_isoniazid_resfinder+pointfinder_train,SGD Logistic,212,"[{'clf__alpha': 0.001}, {'clf__alpha': 0.0001}, {'clf__alpha': 0.0001}, {'clf__alpha': 0.0001}, {'clf__alpha': 0.0001}]","[0.5478003688417489, 0.5855355917016707, 0.8554385444635502, 0.9211002976119131, 0.8407577879960335]",0.840757788,87.8,2.315167381,0.4,0.8,61.6,0.8,10.2,2.315167381,0.962936142,0.008176859,0.93375,0.015103807,0.944733377,0.013212314,0.895918367,0.023624157,0.895918367,0.023624157,0.993548387,0.012903226,0.942926819,0.013431452,0.871750093,0.02816863,0.750126518,0.152684464
mycobacterium_isoniazid_resfinder+pointfinder_train,KNN,212,"[{'clf__n_neighbors': 3, 'clf__p': 1, 'clf__weights': 'uniform'}, {'clf__n_neighbors': 5, 'clf__p': 1, 'clf__weights': 'distance'}, {'clf__n_neighbors': 3, 'clf__p': 1, 'clf__weights': 'distance'}, {'clf__n_neighbors': 3, 'clf__p': 1, 'clf__weights': 'distance'}, {'clf__n_neighbors': 3, 'clf__p': 1, 'clf__weights': 'distance'}]","[0.6666666666666666, 0.6000000000000001, 0.5, 0.5, 0.6000000000000001]",0.6,89.6,2.653299832,2.6,1.959591794,59.4,1.959591794,8.4,2.653299832,0.950164582,0.01071852,0.93125,0.013693064,0.936175115,0.013521548,0.914285714,0.027074488,0.914285714,0.027074488,0.958064516,0.031606319,0.942046594,0.011979325,0.861247779,0.026613223,0.573333333,0.064635731
mycobacterium_isoniazid_resfinder+pointfinder+cdhit_train,Extra Trees,215,"[{'clf__max_depth': None, 'clf__min_samples_leaf': 1, 'clf__min_samples_split': 2, 'clf__n_estimators': 200}, {'clf__max_depth': None, 'clf__min_samples_leaf': 1, 'clf__min_samples_split': 2, 'clf__n_estimators': 200}, {'clf__max_depth': None, 'clf__min_samples_leaf': 1, 'clf__min_samples_split': 5, 'clf__n_estimators': 200}, {'clf__max_depth': None, 'clf__min_samples_leaf': 1, 'clf__min_samples_split': 5, 'clf__n_estimators': 200}, {'clf__max_depth': None, 'clf__min_samples_leaf': 1, 'clf__min_samples_split': 2, 'clf__n_estimators': 500}]","[0.6306677011853319, 0.5645248498088473, 0.706020288397049, 0.46983111655336146, 0.6453454096335922]",0.630667701,90,1.673320053,0.4,0.489897949,61.6,0.489897949,8,1.673320053,0.95885451,0.007900791,0.9475,0.010155048,0.955957867,0.008487452,0.918367347,0.017074694,0.918367347,0.017074694,0.993548387,0.00790158,0.955337713,0.008977471,0.896434938,0.018889726,0.603277873,0.080480703
mycobacterium_isoniazid_resfinder+pointfinder+cdhit_train,Linear SVM,215,"[{'clf__C': 100}, {'clf__C': 100}, {'clf__C': 1}, {'clf__C': 1}, {'clf__C': 1}]","[0.11741154341108287, 0.06966059330366811, 0.050918681901714696, 0.46446007532039, 0.49479391672505524]",0.117411543,89.6,1.356465997,0.2,0.4,61.8,0.4,8.4,1.356465997,0.961421988,0.00978957,0.94625,0.009354143,0.955529954,0.008256964,0.914285714,0.01384149,0.914285714,0.01384149,0.996774194,0.006451613,0.954156918,0.008200518,0.894593847,0.017787251,0.239448962,0.197532749
mycobacterium_isoniazid_resfinder+pointfinder+cdhit_train,LogReg (L1),215,"[{'clf__C': 100}, {'clf__C': 10}, {'clf__C': 10}, {'clf__C': 10}, {'clf__C': 10}]","[0.9908938302561292, 0.876148792690152, 0.826673749283095, 0.8853218107665789, 0.8827824414560302]",0.882782441,89.6,1.356465997,0.2,0.4,61.8,0.4,8.4,1.356465997,0.960697828,0.009702606,0.94625,0.009354143,0.955529954,0.008256964,0.914285714,0.01384149,0.914285714,0.01384149,0.996774194,0.006451613,0.954156918,0.008200518,0.894593847,0.017787251,0.892364125,0.053717163
mycobacterium_isoniazid_resfinder+pointfinder+cdhit_train,RBF SVM,215,"[{'clf__C': 100, 'clf__gamma': 'auto'}, {'clf__C': 10, 'clf__gamma': 'scale'}, {'clf__C': 10, 'clf__gamma': 'scale'}, {'clf__C': 10, 'clf__gamma': 'scale'}, {'clf__C': 10, 'clf__gamma': 'scale'}]","[0.2814154528872491, 0.6141571779897809, 0.8272517954882916, 0.43731147815495275, 0.7155104973324803]",0.614157178,90.2,1.939071943,0.6,0.8,61.4,0.8,7.8,1.939071943,0.962442396,0.011908799,0.9475,0.012869538,0.955365372,0.011528916,0.920408163,0.019786448,0.920408163,0.019786448,0.990322581,0.012903226,0.955415642,0.011217626,0.895970184,0.024812426,0.57512928,0.194965322
mycobacterium_isoniazid_resfinder+pointfinder+cdhit_train,LogReg (L2),215,"[{'clf__C': 100}, {'clf__C': 100}, {'clf__C': 10}, {'clf__C': 10}, {'clf__C': 10}]","[0.9578682680741823, 0.5740210918458689, 0.5411440254057391, 0.8061509649837131, 0.7282353114729302]",0.728235311,89.4,1.496662955,0.4,0.489897949,61.6,0.489897949,8.6,1.496662955,0.963462804,0.007899591,0.94375,0.011858541,0.952896643,0.010954484,0.912244898,0.015272071,0.912244898,0.015272071,0.993548387,0.00790158,0.952018492,0.010330838,0.889402289,0.023049132,0.721483932,0.153205361
mycobacterium_isoniazid_resfinder+pointfinder+cdhit_train,Gradient Boosting,215,"[{'clf__learning_rate': 0.01, 'clf__max_depth': 3, 'clf__n_estimators': 200}, {'clf__learning_rate': 0.01, 'clf__max_depth': 3, 'clf__n_estimators': 200}, {'clf__learning_rate': 0.01, 'clf__max_depth': 3, 'clf__n_estimators': 100}, {'clf__learning_rate': 0.01, 'clf__max_depth': 2, 'clf__n_estimators': 500}, {'clf__learning_rate': 0.01, 'clf__max_depth': 3, 'clf__n_estimators': 200}]","[0.6196860831278515, 0.6668236182475924, 0.5409056727948184, 0.6270631411248412, 0.6064980550752214]",0.619686083,89.2,1.939071943,0.4,0.489897949,61.6,0.489897949,8.8,1.939071943,0.960533246,0.010739348,0.9425,0.012747549,0.951876234,0.01095755,0.910204082,0.019786448,0.910204082,0.019786448,0.993548387,0.00790158,0.950853498,0.01134097,0.887318756,0.02362746,0.612195314,0.04092942
mycobacterium_isoniazid_resfinder+pointfinder+cdhit_train,Random Forest,215,"[{'clf__max_depth': None, 'clf__min_samples_leaf': 1, 'clf__min_samples_split': 2, 'clf__n_estimators': 200}, {'clf__max_depth': 20, 'clf__min_samples_leaf': 1, 'clf__min_samples_split': 2, 'clf__n_estimators': 200}, {'clf__max_depth': 20, 'clf__min_samples_leaf': 1, 'clf__min_samples_split': 5, 'clf__n_estimators': 200}, {'clf__max_depth': None, 'clf__min_samples_leaf': 1, 'clf__min_samples_split': 5, 'clf__n_estimators': 200}, {'clf__max_depth': 20, 'clf__min_samples_leaf': 1, 'clf__min_samples_split': 2, 'clf__n_estimators': 500}]","[0.7641230803058542, 0.6383168564639747, 0.5369599772508331, 0.6950619215601082, 0.5790802256005212]",0.638316856,89.4,1.496662955,0.6,0.489897949,61.4,0.489897949,8.6,1.496662955,0.960911784,0.011235537,0.9425,0.010752907,0.951283739,0.009678203,0.912244898,0.015272071,0.912244898,0.015272071,0.990322581,0.00790158,0.951004709,0.009403836,0.886557634,0.020650537,0.642708412,0.080911031
mycobacterium_isoniazid_resfinder+pointfinder+cdhit_train,Decision Tree,215,"[{'clf__max_depth': None, 'clf__min_samples_leaf': 2, 'clf__min_samples_split': 2}, {'clf__max_depth': None, 'clf__min_samples_leaf': 2, 'clf__min_samples_split': 2}, {'clf__max_depth': None, 'clf__min_samples_leaf': 1, 'clf__min_samples_split': 5}, {'clf__max_depth': None, 'clf__min_samples_leaf': 1, 'clf__min_samples_split': 5}, {'clf__max_depth': 5, 'clf__min_samples_leaf': 1, 'clf__min_samples_split': 2}]","[1.0, 0.8634222919937206, 0.6561264822134387, 0.6561264822134387, 0.9404924760601916]",0.863422292,89,1.673320053,0.4,0.489897949,61.6,0.489897949,9,1.673320053,0.953143515,0.009405193,0.94125,0.012247449,0.950855826,0.011018686,0.908163265,0.017074694,0.908163265,0.017074694,0.993548387,0.00790158,0.94976433,0.010748281,0.884926236,0.023432997,0.823233546,0.143150769
mycobacterium_isoniazid_resfinder+pointfinder+cdhit_train,Balanced Random Forest,215,"[{'clf__max_depth': None, 'clf__min_samples_leaf': 1, 'clf__min_samples_split': 2, 'clf__n_estimators': 200}, {'clf__max_depth': None, 'clf__min_samples_leaf': 1, 'clf__min_samples_split': 2, 'clf__n_estimators': 200}, {'clf__max_depth': 20, 'clf__min_samples_leaf': 1, 'clf__min_samples_split': 10, 'clf__n_estimators': 200}, {'clf__max_depth': None, 'clf__min_samples_leaf': 1, 'clf__min_samples_split': 5, 'clf__n_estimators': 200}, {'clf__max_depth': 20, 'clf__min_samples_leaf': 1, 'clf__min_samples_split': 2, 'clf__n_estimators': 200}]","[0.5469103668749655, 0.6562738095238094, 0.5744795275014059, 0.4128801063059507, 0.6231712226682597]",0.574479528,89.6,1.743559577,0.8,0.748331477,61.2,0.748331477,8.4,1.743559577,0.962244898,0.010546147,0.9425,0.0121192,0.950691244,0.011051578,0.914285714,0.017791424,0.914285714,0.017791424,0.987096774,0.012069863,0.951092756,0.010607693,0.88607523,0.023301956,0.562743007,0.083960571
mycobacterium_isoniazid_resfinder+pointfinder+cdhit_train,HistGB,215,"[{'clf__l2_regularization': 0.0, 'clf__learning_rate': 0.05, 'clf__max_depth': 6, 'clf__max_leaf_nodes': 31, 'clf__min_samples_leaf': 10}, {'clf__l2_regularization': 0.0, 'clf__learning_rate': 0.05, 'clf__max_depth': 3, 'clf__max_leaf_nodes': 31, 'clf__min_samples_leaf': 10}, {'clf__l2_regularization': 0.0, 'clf__learning_rate': 0.05, 'clf__max_depth': 3, 'clf__max_leaf_nodes': 31, 'clf__min_samples_leaf': 10}, {'clf__l2_regularization': 0.0, 'clf__learning_rate': 0.05, 'clf__max_depth': 3, 'clf__max_leaf_nodes': 31, 'clf__min_samples_leaf': 10}, {'clf__l2_regularization': 0.0, 'clf__learning_rate': 0.05, 'clf__max_depth': 3, 'clf__max_leaf_nodes': 31, 'clf__min_samples_leaf': 10}]","[0.5305735296851877, 0.5786684292635792, 0.5366007780249655, 0.7083385767440371, 0.7010980037239795]",0.578668429,89.2,1.939071943,0.6,0.8,61.4,0.8,8.8,1.939071943,0.95994075,0.008841345,0.94125,0.013462912,0.950263331,0.01222187,0.910204082,0.019786448,0.910204082,0.019786448,0.990322581,0.012903226,0.949851584,0.011863321,0.884438266,0.025621606,0.611055863,0.078283364
mycobacterium_isoniazid_resfinder+pointfinder+cdhit_train,AdaBoost,215,"[{'clf__learning_rate': 1.0, 'clf__n_estimators': 500}, {'clf__learning_rate': 1.0, 'clf__n_estimators': 500}, {'clf__learning_rate': 1.0, 'clf__n_estimators': 500}, {'clf__learning_rate': 1.0, 'clf__n_estimators': 500}, {'clf__learning_rate': 1.0, 'clf__n_estimators': 500}]","[0.5227269809840674, 0.5172176456950083, 0.5298300578005646, 0.5307246384767302, 0.5051536704923735]",0.522726981,88.2,2.227105745,0.2,0.4,61.8,0.4,9.8,2.227105745,0.962425938,0.008744028,0.9375,0.015309311,0.948387097,0.013256196,0.9,0.022725569,0.9,0.022725569,0.996774194,0.006451613,0.946208322,0.013620356,0.879014824,0.028481942,0.521130599,0.009389868
mycobacterium_isoniazid_resfinder+pointfinder+cdhit_train,BernoulliNB,215,"[{'clf__alpha': 0.1, 'clf__binarize': None}, {'clf__alpha': 0.01, 'clf__binarize': None}, {'clf__alpha': 0.01, 'clf__binarize': None}, {'clf__alpha': 0.01, 'clf__binarize': None}, {'clf__alpha': 0.01, 'clf__binarize': None}]","[0.9080131998992969, 0.30357528026858815, 0.4000702014910368, 0.6036567237969063, 0.48852801476838925]",0.488528015,88.8,2.039607805,0.6,0.489897949,61.4,0.489897949,9.2,2.039607805,0.964647795,0.009459755,0.93875,0.015512092,0.948222515,0.014011175,0.906122449,0.020812325,0.906122449,0.020812325,0.990322581,0.00790158,0.947589607,0.013702659,0.879805707,0.029503847,0.540768684,0.208618936
mycobacterium_isoniazid_resfinder+pointfinder+cdhit_train,SGD Logistic,215,"[{'clf__alpha': 0.0001}, {'clf__alpha': 0.0001}, {'clf__alpha': 0.001}, {'clf__alpha': 1e-05}, {'clf__alpha': 0.0001}]","[0.9076610655139393, 0.8011732922817028, 0.35934722202623204, 0.9999993666110742, 0.6309762918196783]",0.801173292,87.2,4.707440918,1,1.095445115,61,1.095445115,10.8,4.707440918,0.95839368,0.009591274,0.92625,0.02417385,0.936833443,0.01758592,0.889795918,0.048035111,0.889795918,0.048035111,0.983870968,0.01766847,0.935951657,0.023209946,0.858163085,0.038948735,0.739831448,0.226377843
mycobacterium_isoniazid_resfinder+pointfinder+cdhit_train,KNN,215,"[{'clf__n_neighbors': 3, 'clf__p': 1, 'clf__weights': 'uniform'}, {'clf__n_neighbors': 5, 'clf__p': 1, 'clf__weights': 'distance'}, {'clf__n_neighbors': 3, 'clf__p': 1, 'clf__weights': 'distance'}, {'clf__n_neighbors': 3, 'clf__p': 1, 'clf__weights': 'distance'}, {'clf__n_neighbors': 3, 'clf__p': 1, 'clf__weights': 'distance'}]","[0.6666666666666666, 0.6000000000000001, 0.5, 0.5, 0.6000000000000001]",0.6,89.6,2.653299832,2.6,1.959591794,59.4,1.959591794,8.4,2.653299832,0.950296248,0.009702243,0.93125,0.013693064,0.936175115,0.013521548,0.914285714,0.027074488,0.914285714,0.027074488,0.958064516,0.031606319,0.942046594,0.011979325,0.861247779,0.026613223,0.573333333,0.064635731
mycobacterium_isoniazid_resfinder+pointfinder+cdhit+phenotypeseeker_train,HistGB,1215,"[{'clf__l2_regularization': 0.0, 'clf__learning_rate': 0.1, 'clf__max_depth': 3, 'clf__max_leaf_nodes': 31, 'clf__min_samples_leaf': 10}, {'clf__l2_regularization': 1.0, 'clf__learning_rate': 0.1, 'clf__max_depth': 6, 'clf__max_leaf_nodes': 31, 'clf__min_samples_leaf': 10}, {'clf__l2_regularization': 0.0, 'clf__learning_rate': 0.1, 'clf__max_depth': 3, 'clf__max_leaf_nodes': 31, 'clf__min_samples_leaf': 10}, {'clf__l2_regularization': 0.0, 'clf__learning_rate': 0.1, 'clf__max_depth': 3, 'clf__max_leaf_nodes': 31, 'clf__min_samples_leaf': 10}, {'clf__l2_regularization': 0.0, 'clf__learning_rate': 0.05, 'clf__max_depth': 6, 'clf__max_leaf_nodes': 31, 'clf__min_samples_leaf': 10}]","[0.6519114271099024, 0.5193563466118091, 0.7224901459512766, 0.7245777629299883, 0.5487014376624795]",0.651911427,90,2,0.4,0.489897949,61.6,0.489897949,8,2,0.952172482,0.011860343,0.9475,0.015103807,0.955957867,0.013622217,0.918367347,0.020408163,0.918367347,0.020408163,0.993548387,0.00790158,0.955304829,0.013199834,0.896404031,0.029078001,0.633407424,0.085758863
mycobacterium_isoniazid_resfinder+pointfinder+cdhit+phenotypeseeker_train,RBF SVM,1215,"[{'clf__C': 100, 'clf__gamma': 'scale'}, {'clf__C': 100, 'clf__gamma': 'scale'}, {'clf__C': 100, 'clf__gamma': 'scale'}, {'clf__C': 100, 'clf__gamma': 'scale'}, {'clf__C': 100, 'clf__gamma': 'scale'}]","[0.2718355608119173, 0.7968374368804573, 0.40838547916652396, 0.8554750422587606, 0.6464857348158083]",0.646485735,90.2,1.720465053,0.8,1.166190379,61.2,1.166190379,7.8,1.720465053,0.968564845,0.008769763,0.94625,0.015103807,0.953752469,0.015101056,0.920408163,0.017555766,0.920408163,0.017555766,0.987096774,0.018809522,0.954448914,0.012880404,0.89294655,0.03054842,0.595803851,0.223827336
mycobacterium_isoniazid_resfinder+pointfinder+cdhit+phenotypeseeker_train,Gradient Boosting,1215,"[{'clf__learning_rate': 0.05, 'clf__max_depth': 2, 'clf__n_estimators': 500}, {'clf__learning_rate': 0.1, 'clf__max_depth': 2, 'clf__n_estimators': 200}, {'clf__learning_rate': 0.01, 'clf__max_depth': 3, 'clf__n_estimators': 100}, {'clf__learning_rate': 0.05, 'clf__max_depth': 3, 'clf__n_estimators': 200}, {'clf__learning_rate': 0.01, 'clf__max_depth': 3, 'clf__n_estimators': 200}]","[0.6902686183795465, 0.6645213514825989, 0.5153243848766167, 0.738575596593357, 0.6070109674702713]",0.664521351,89.6,1.743559577,0.6,0.489897949,61.4,0.489897949,8.4,1.743559577,0.952863726,0.014621919,0.94375,0.01118034,0.952304147,0.009562991,0.914285714,0.017791424,0.914285714,0.017791424,0.990322581,0.00790158,0.95209467,0.009895215,0.88895572,0.020864822,0.643140184,0.076718134
mycobacterium_isoniazid_resfinder+pointfinder+cdhit+phenotypeseeker_train,Decision Tree,1215,"[{'clf__max_depth': 5, 'clf__min_samples_leaf': 1, 'clf__min_samples_split': 2}, {'clf__max_depth': 3, 'clf__min_samples_leaf': 1, 'clf__min_samples_split': 2}, {'clf__max_depth': None, 'clf__min_samples_leaf': 2, 'clf__min_samples_split': 10}, {'clf__max_depth': 10, 'clf__min_samples_leaf': 1, 'clf__min_samples_split': 5}, {'clf__max_depth': 5, 'clf__min_samples_leaf': 1, 'clf__min_samples_split': 5}]","[1.0, 0.8841544607190412, 0.8156779661016949, 0.6547619047619045, 1.0]",0.884154461,89.2,1.326649916,0.4,0.489897949,61.6,0.489897949,8.8,1.326649916,0.953489138,0.009089247,0.9425,0.00728869,0.951876234,0.00592367,0.910204082,0.013537244,0.910204082,0.013537244,0.993548387,0.00790158,0.950912451,0.006584665,0.887199592,0.013057854,0.870918866,0.129053825
mycobacterium_isoniazid_resfinder+pointfinder+cdhit+phenotypeseeker_train,Linear SVM,1215,"[{'clf__C': 1}, {'clf__C': 1}, {'clf__C': 1}, {'clf__C': 1}, {'clf__C': 1}]","[0.3059655825407355, 0.13413595205737028, -0.03330575713490881, -0.07343314379017729, 0.3324069696572656]",0.134135952,89.4,1.854723699,0.6,0.8,61.4,0.8,8.6,1.854723699,0.95839368,0.012312293,0.9425,0.0121192,0.951283739,0.010862908,0.912244898,0.018925752,0.912244898,0.018925752,0.990322581,0.012903226,0.950978544,0.010688536,0.886738769,0.023021847,0.133153921,0.167304305
mycobacterium_isoniazid_resfinder+pointfinder+cdhit+phenotypeseeker_train,LogReg (L2),1215,"[{'clf__C': 1}, {'clf__C': 10}, {'clf__C': 10}, {'clf__C': 10}, {'clf__C': 10}]","[0.509563268296761, 0.4258690268701859, 0.5739272014920895, 0.618371415936525, 0.5848355334232472]",0.573927201,89,2.28035085,0.6,0.8,61.4,0.8,9,2.28035085,0.957669519,0.011403832,0.94,0.017047727,0.949242923,0.015582566,0.908163265,0.023268886,0.908163265,0.023268886,0.990322581,0.012903226,0.948691834,0.014997354,0.882202393,0.032744692,0.542513289,0.068152842
mycobacterium_isoniazid_resfinder+pointfinder+cdhit+phenotypeseeker_train,LogReg (L1),1215,"[{'clf__C': 0.1}, {'clf__C': 10}, {'clf__C': 10}, {'clf__C': 10}, {'clf__C': 1}]","[0.9447166941844763, 0.7252469363883125, 0.7941189545685265, 0.6083311607906445, 0.611492962602833]",0.725246936,88.4,2.653299832,0.4,0.489897949,61.6,0.489897949,9.6,2.653299832,0.950987492,0.017428414,0.9375,0.01767767,0.947794602,0.015115901,0.902040816,0.027074488,0.902040816,0.027074488,0.993548387,0.00790158,0.946260537,0.015970814,0.878512945,0.032243675,0.736781342,0.12558215
mycobacterium_isoniazid_resfinder+pointfinder+cdhit+phenotypeseeker_train,AdaBoost,1215,"[{'clf__learning_rate': 1.0, 'clf__n_estimators': 200}, {'clf__learning_rate': 1.0, 'clf__n_estimators': 500}, {'clf__learning_rate': 1.0, 'clf__n_estimators': 500}, {'clf__learning_rate': 1.0, 'clf__n_estimators': 500}, {'clf__learning_rate': 1.0, 'clf__n_estimators': 500}]","[0.47451774431891025, 0.5223815501895996, 0.5102579037303078, 0.5418562090631354, 0.5116326780511193]",0.511632678,88.8,1.720465053,0.8,1.166190379,61.2,1.166190379,9.2,1.720465053,0.95283081,0.01191537,0.9375,0.011858541,0.946609612,0.011656586,0.906122449,0.017555766,0.906122449,0.017555766,0.987096774,0.018809522,0.946641038,0.010355258,0.877019052,0.023267445,0.512129217,0.02194163
mycobacterium_isoniazid_resfinder+pointfinder+cdhit+phenotypeseeker_train,Extra Trees,1215,"[{'clf__max_depth': None, 'clf__min_samples_leaf': 1, 'clf__min_samples_split': 10, 'clf__n_estimators': 200}, {'clf__max_depth': None, 'clf__min_samples_leaf': 1, 'clf__min_samples_split': 5, 'clf__n_estimators': 200}, {'clf__max_depth': None, 'clf__min_samples_leaf': 1, 'clf__min_samples_split': 10, 'clf__n_estimators': 200}, {'clf__max_depth': None, 'clf__min_samples_leaf': 1, 'clf__min_samples_split': 10, 'clf__n_estimators': 200}, {'clf__max_depth': None, 'clf__min_samples_leaf': 1, 'clf__min_samples_split': 10, 'clf__n_estimators': 200}]","[0.4366912818927134, 0.47182701035387803, 0.49713976067887783, 0.3589969982692511, 0.4246233399453685]",0.436691282,88.6,1.854723699,1.8,1.326649916,60.2,1.326649916,9.4,1.854723699,0.957965767,0.013636427,0.93,0.01,0.937524687,0.009766577,0.904081633,0.018925752,0.904081633,0.018925752,0.970967742,0.021397579,0.940491255,0.008934638,0.860470356,0.019314123,0.437855678,0.047039974
mycobacterium_isoniazid_resfinder+pointfinder+cdhit+phenotypeseeker_train,Random Forest,1215,"[{'clf__max_depth': 20, 'clf__min_samples_leaf': 1, 'clf__min_samples_split': 5, 'clf__n_estimators': 200}, {'clf__max_depth': None, 'clf__min_samples_leaf': 1, 'clf__min_samples_split': 10, 'clf__n_estimators': 200}, {'clf__max_depth': 20, 'clf__min_samples_leaf': 1, 'clf__min_samples_split': 5, 'clf__n_estimators': 500}, {'clf__max_depth': 20, 'clf__min_samples_leaf': 1, 'clf__min_samples_split': 5, 'clf__n_estimators': 500}, {'clf__max_depth': 20, 'clf__min_samples_leaf': 1, 'clf__min_samples_split': 2, 'clf__n_estimators': 200}]","[0.4341931215762015, 0.4446343999306539, 0.46495253204978954, 0.2995192945839019, 0.532724378103954]",0.4446344,88.6,2.332380758,2.2,2.481934729,59.8,2.481934729,9.4,2.332380758,0.957537854,0.014136336,0.9275,0.009354143,0.934298881,0.012534362,0.904081633,0.023799804,0.904081633,0.023799804,0.964516129,0.040031205,0.938539907,0.007954888,0.85551494,0.019749373,0.435204745,0.076020383
mycobacterium_isoniazid_resfinder+pointfinder+cdhit+phenotypeseeker_train,Balanced Random Forest,1215,"[{'clf__max_depth': 20, 'clf__min_samples_leaf': 1, 'clf__min_samples_split': 5, 'clf__n_estimators': 200}, {'clf__max_depth': 20, 'clf__min_samples_leaf': 1, 'clf__min_samples_split': 5, 'clf__n_estimators': 500}, {'clf__max_depth': 20, 'clf__min_samples_leaf': 1, 'clf__min_samples_split': 5, 'clf__n_estimators': 500}, {'clf__max_depth': 20, 'clf__min_samples_leaf': 1, 'clf__min_samples_split': 2, 'clf__n_estimators': 200}, {'clf__max_depth': 20, 'clf__min_samples_leaf': 1, 'clf__min_samples_split': 2, 'clf__n_estimators': 500}]","[0.4145833333333333, 0.4661818181818182, 0.47509546649003176, 0.470625, 0.35329571593697007]",0.466181818,87,2.607680962,1.4,1.854723699,60.6,1.854723699,11,2.607680962,0.960533246,0.013015364,0.9225,0.010155048,0.932587228,0.009382384,0.887755102,0.026608989,0.887755102,0.026608989,0.977419355,0.029914898,0.933344312,0.009694246,0.848897368,0.017630869,0.435956267,0.046769543
mycobacterium_isoniazid_resfinder+pointfinder+cdhit+phenotypeseeker_train,KNN,1215,"[{'clf__n_neighbors': 15, 'clf__p': 1, 'clf__weights': 'uniform'}, {'clf__n_neighbors': 3, 'clf__p': 1, 'clf__weights': 'distance'}, {'clf__n_neighbors': 9, 'clf__p': 1, 'clf__weights': 'distance'}, {'clf__n_neighbors': 3, 'clf__p': 1, 'clf__weights': 'distance'}, {'clf__n_neighbors': 7, 'clf__p': 1, 'clf__weights': 'distance'}]","[0.4666666666666667, 0.5555555555555555, 0.35000000000000003, 0.4285714285714286, 0.37557452396585683]",0.428571429,81.2,5.844655678,2.6,1.854723699,59.4,1.854723699,16.8,5.844655678,0.919832126,0.0216035,0.87875,0.025495098,0.893317972,0.015828096,0.828571429,0.059639344,0.828571429,0.059639344,0.958064516,0.029914898,0.892162842,0.027022676,0.771023453,0.034190926,0.435273635,0.07257239
mycobacterium_isoniazid_resfinder+pointfinder+cdhit+phenotypeseeker_train,SGD Logistic,1215,"[{'clf__alpha': 0.0001}, {'clf__alpha': 0.0001}, {'clf__alpha': 0.001}, {'clf__alpha': 0.01}, {'clf__alpha': 0.01}]","[1.3377354820514178e-22, 0.0006199805137210407, 0.8965126327280976, 0.6167995778223558, 0.17920128336566332]",0.179201283,92.6,3.2,23,16.84042755,39,16.84042755,5.4,3.2,0.917330481,0.080109154,0.8225,0.094917728,0.786965109,0.126927103,0.944897959,0.032653061,0.944897959,0.032653061,0.629032258,0.271619799,0.872242638,0.062526687,0.629216943,0.20440269,0.338626695,0.358594454
mycobacterium_isoniazid_resfinder+pointfinder+cdhit+phenotypeseeker_train,BernoulliNB,1215,"[{'clf__alpha': 0.01, 'clf__binarize': None}, {'clf__alpha': 0.01, 'clf__binarize': None}, {'clf__alpha': 0.01, 'clf__binarize': None}, {'clf__alpha': 0.01, 'clf__binarize': None}, {'clf__alpha': 0.01, 'clf__binarize': None}]","[3.0301018691583444e-273, 5.927325079351681e-296, 1.4232308836126336e-270, 1.0804053942828483e-242, 5.145511512805534e-284]",3.03E-273,78.8,12.00666482,32,9.338094024,30,9.338094024,19.2,12.00666482,0.698156682,0.040030177,0.68,0.056926488,0.6439763,0.057600244,0.804081633,0.122516988,0.804081633,0.122516988,0.483870968,0.15061442,0.751353935,0.055357983,0.321067788,0.120229152,2.16E-243,0
mycobacterium_isoniazid_resfinder+pointfinder+phenotypeseeker_train,HistGB,1212,"[{'clf__l2_regularization': 0.0, 'clf__learning_rate': 0.1, 'clf__max_depth': 3, 'clf__max_leaf_nodes': 31, 'clf__min_samples_leaf': 10}, {'clf__l2_regularization': 1.0, 'clf__learning_rate': 0.1, 'clf__max_depth': 6, 'clf__max_leaf_nodes': 31, 'clf__min_samples_leaf': 10}, {'clf__l2_regularization': 0.0, 'clf__learning_rate': 0.1, 'clf__max_depth': 3, 'clf__max_leaf_nodes': 31, 'clf__min_samples_leaf': 10}, {'clf__l2_regularization': 0.0, 'clf__learning_rate': 0.1, 'clf__max_depth': 3, 'clf__max_leaf_nodes': 31, 'clf__min_samples_leaf': 10}, {'clf__l2_regularization': 0.0, 'clf__learning_rate': 0.05, 'clf__max_depth': 6, 'clf__max_leaf_nodes': 31, 'clf__min_samples_leaf': 10}]","[0.6519114271099024, 0.5193563466118091, 0.7224901459512766, 0.7245777629299883, 0.5487014376624795]",0.651911427,90,2,0.4,0.489897949,61.6,0.489897949,8,2,0.952172482,0.011860343,0.9475,0.015103807,0.955957867,0.013622217,0.918367347,0.020408163,0.918367347,0.020408163,0.993548387,0.00790158,0.955304829,0.013199834,0.896404031,0.029078001,0.633407424,0.085758863
mycobacterium_isoniazid_resfinder+pointfinder+phenotypeseeker_train,RBF SVM,1212,"[{'clf__C': 100, 'clf__gamma': 'scale'}, {'clf__C': 100, 'clf__gamma': 'scale'}, {'clf__C': 100, 'clf__gamma': 'scale'}, {'clf__C': 100, 'clf__gamma': 'scale'}, {'clf__C': 100, 'clf__gamma': 'scale'}]","[0.2668049823669909, 0.7991087340865697, 0.42887451058938775, 0.8550232236670954, 0.6508178743703954]",0.650817874,90,1.673320053,0.8,1.166190379,61.2,1.166190379,8,1.673320053,0.969749835,0.006893332,0.945,0.014469796,0.952732061,0.014515868,0.918367347,0.017074694,0.918367347,0.017074694,0.987096774,0.018809522,0.953345683,0.012328315,0.890637609,0.029324135,0.600125865,0.22251578
mycobacterium_isoniazid_resfinder+pointfinder+phenotypeseeker_train,Decision Tree,1212,"[{'clf__max_depth': 5, 'clf__min_samples_leaf': 1, 'clf__min_samples_split': 2}, {'clf__max_depth': 3, 'clf__min_samples_leaf': 1, 'clf__min_samples_split': 2}, {'clf__max_depth': None, 'clf__min_samples_leaf': 2, 'clf__min_samples_split': 10}, {'clf__max_depth': 10, 'clf__min_samples_leaf': 1, 'clf__min_samples_split': 5}, {'clf__max_depth': 10, 'clf__min_samples_leaf': 1, 'clf__min_samples_split': 5}]","[1.0, 0.8841544607190412, 0.8156779661016949, 0.6547619047619045, 1.0]",0.884154461,89.2,1.326649916,0.4,0.489897949,61.6,0.489897949,8.8,1.326649916,0.954312047,0.010558853,0.9425,0.00728869,0.951876234,0.00592367,0.910204082,0.013537244,0.910204082,0.013537244,0.993548387,0.00790158,0.950912451,0.006584665,0.887199592,0.013057854,0.870918866,0.129053825
mycobacterium_isoniazid_resfinder+pointfinder+phenotypeseeker_train,Linear SVM,1212,"[{'clf__C': 1}, {'clf__C': 1}, {'clf__C': 1}, {'clf__C': 1}, {'clf__C': 1}]","[0.3085982828369432, 0.1341317907747665, -0.03309858698387354, -0.06761356201389022, 0.3310749320142019]",0.134131791,89.4,1.854723699,0.6,0.8,61.4,0.8,8.6,1.854723699,0.958410138,0.01229435,0.9425,0.0121192,0.951283739,0.010862908,0.912244898,0.018925752,0.912244898,0.018925752,0.990322581,0.012903226,0.950978544,0.010688536,0.886738769,0.023021847,0.134618571,0.16606695
mycobacterium_isoniazid_resfinder+pointfinder+phenotypeseeker_train,Gradient Boosting,1212,"[{'clf__learning_rate': 0.05, 'clf__max_depth': 2, 'clf__n_estimators': 500}, {'clf__learning_rate': 0.01, 'clf__max_depth': 3, 'clf__n_estimators': 200}, {'clf__learning_rate': 0.01, 'clf__max_depth': 3, 'clf__n_estimators': 100}, {'clf__learning_rate': 0.05, 'clf__max_depth': 3, 'clf__n_estimators': 200}, {'clf__learning_rate': 0.01, 'clf__max_depth': 3, 'clf__n_estimators': 200}]","[0.6902686183795463, 0.6549790429562435, 0.5153243848766167, 0.6857150664254339, 0.6016087794720951]",0.654979043,89.4,2.059126028,0.6,0.489897949,61.4,0.489897949,8.6,2.059126028,0.953999342,0.012990824,0.9425,0.012747549,0.951283739,0.01062134,0.912244898,0.02101149,0.912244898,0.02101149,0.990322581,0.00790158,0.950943084,0.011394343,0.88678415,0.023319886,0.629579178,0.065293338
mycobacterium_isoniazid_resfinder+pointfinder+phenotypeseeker_train,LogReg (L2),1212,"[{'clf__C': 1}, {'clf__C': 10}, {'clf__C': 10}, {'clf__C': 10}, {'clf__C': 10}]","[0.5091150230604952, 0.4257407486736915, 0.5739511915968833, 0.6214007439004029, 0.5842510242079098]",0.573951192,89.2,2.039607805,0.6,0.8,61.4,0.8,8.8,2.039607805,0.957669519,0.011403832,0.94125,0.015103807,0.950263331,0.013881745,0.910204082,0.020812325,0.910204082,0.020812325,0.990322581,0.012903226,0.949841854,0.013232549,0.884426129,0.029153022,0.542891746,0.068853707
mycobacterium_isoniazid_resfinder+pointfinder+phenotypeseeker_train,AdaBoost,1212,"[{'clf__learning_rate': 1.0, 'clf__n_estimators': 200}, {'clf__learning_rate': 1.0, 'clf__n_estimators': 500}, {'clf__learning_rate': 1.0, 'clf__n_estimators': 500}, {'clf__learning_rate': 1.0, 'clf__n_estimators': 500}, {'clf__learning_rate': 1.0, 'clf__n_estimators': 500}]","[0.47451774431891025, 0.5223815501895996, 0.5102579037303078, 0.5418562090631354, 0.5116326780511193]",0.511632678,88.8,1.720465053,0.8,1.166190379,61.2,1.166190379,9.2,1.720465053,0.95283081,0.01191537,0.9375,0.011858541,0.946609612,0.011656586,0.906122449,0.017555766,0.906122449,0.017555766,0.987096774,0.018809522,0.946641038,0.010355258,0.877019052,0.023267445,0.512129217,0.02194163
mycobacterium_isoniazid_resfinder+pointfinder+phenotypeseeker_train,LogReg (L1),1212,"[{'clf__C': 0.1}, {'clf__C': 0.1}, {'clf__C': 10}, {'clf__C': 10}, {'clf__C': 1}]","[0.9450699098594757, 0.9265586986125777, 0.7935385245625919, 0.6041020657644969, 0.6110059699283917]",0.793538525,87.8,3.18747549,0.4,0.489897949,61.6,0.489897949,10.2,3.18747549,0.946840026,0.020877142,0.93375,0.020386883,0.944733377,0.017028118,0.895918367,0.03252526,0.895918367,0.03252526,0.993548387,0.00790158,0.942767814,0.018542387,0.872090579,0.036544993,0.776055034,0.147195157
mycobacterium_isoniazid_resfinder+pointfinder+phenotypeseeker_train,SGD Logistic,1212,"[{'clf__alpha': 1e-05}, {'clf__alpha': 0.001}, {'clf__alpha': 0.001}, {'clf__alpha': 0.01}, {'clf__alpha': 1e-05}]","[1.4259601289513645e-114, 0.7888163820166003, 0.755427230755816, 0.6175822291742662, 9.401740749720262e-195]",0.617582229,88.2,3.42928564,1.2,1.939071943,60.8,1.939071943,9.8,3.42928564,0.952863726,0.013217417,0.93125,0.01677051,0.940322581,0.014433603,0.9,0.034992711,0.9,0.034992711,0.980645161,0.031275354,0.941033816,0.015405598,0.865811818,0.029983938,0.432365168,0.357662187
mycobacterium_isoniazid_resfinder+pointfinder+phenotypeseeker_train,Extra Trees,1212,"[{'clf__max_depth': 20, 'clf__min_samples_leaf': 1, 'clf__min_samples_split': 10, 'clf__n_estimators': 500}, {'clf__max_depth': 20, 'clf__min_samples_leaf': 1, 'clf__min_samples_split': 5, 'clf__n_estimators': 500}, {'clf__max_depth': 20, 'clf__min_samples_leaf': 1, 'clf__min_samples_split': 10, 'clf__n_estimators': 200}, {'clf__max_depth': None, 'clf__min_samples_leaf': 1, 'clf__min_samples_split': 10, 'clf__n_estimators': 200}, {'clf__max_depth': None, 'clf__min_samples_leaf': 1, 'clf__min_samples_split': 10, 'clf__n_estimators': 200}]","[0.43688400431703533, 0.47890652487827784, 0.3995803781419833, 0.40348709736047333, 0.4881601543047465]",0.436884004,89,1.788854382,2,1.414213562,60,1.414213562,9,1.788854382,0.960599078,0.013872746,0.93125,0.006846532,0.9379526,0.006984948,0.908163265,0.018253616,0.908163265,0.018253616,0.967741935,0.022809896,0.941749466,0.006240267,0.862272456,0.012996516,0.441403632,0.036877946
mycobacterium_isoniazid_resfinder+pointfinder+phenotypeseeker_train,Balanced Random Forest,1212,"[{'clf__max_depth': None, 'clf__min_samples_leaf': 1, 'clf__min_samples_split': 10, 'clf__n_estimators': 200}, {'clf__max_depth': None, 'clf__min_samples_leaf': 1, 'clf__min_samples_split': 5, 'clf__n_estimators': 500}, {'clf__max_depth': 20, 'clf__min_samples_leaf': 1, 'clf__min_samples_split': 5, 'clf__n_estimators': 200}, {'clf__max_depth': 20, 'clf__min_samples_leaf': 1, 'clf__min_samples_split': 2, 'clf__n_estimators': 200}, {'clf__max_depth': None, 'clf__min_samples_leaf': 1, 'clf__min_samples_split': 5, 'clf__n_estimators': 500}]","[0.379327380952381, 0.415, 0.453739741658876, 0.34371598571120127, 0.44296483516483515]",0.415,88,1.414213562,1.4,0.8,60.6,0.8,10,1.414213562,0.959298881,0.014288672,0.92875,0.006373774,0.937689269,0.005277515,0.897959184,0.014430751,0.897959184,0.014430751,0.977419355,0.012903226,0.939121392,0.005925442,0.859190565,0.011155679,0.406949589,0.040774258
mycobacterium_isoniazid_resfinder+pointfinder+phenotypeseeker_train,Random Forest,1212,"[{'clf__max_depth': None, 'clf__min_samples_leaf': 1, 'clf__min_samples_split': 5, 'clf__n_estimators': 500}, {'clf__max_depth': 20, 'clf__min_samples_leaf': 1, 'clf__min_samples_split': 5, 'clf__n_estimators': 500}, {'clf__max_depth': 20, 'clf__min_samples_leaf': 1, 'clf__min_samples_split': 5, 'clf__n_estimators': 500}, {'clf__max_depth': None, 'clf__min_samples_leaf': 1, 'clf__min_samples_split': 5, 'clf__n_estimators': 200}, {'clf__max_depth': None, 'clf__min_samples_leaf': 1, 'clf__min_samples_split': 2, 'clf__n_estimators': 200}]","[0.47585302256225775, 0.4816104415735444, 0.46099786550989375, 0.3424751743242703, 0.38]",0.460997866,88.4,2.727636339,2,1.673320053,60,1.673320053,9.6,2.727636339,0.960566162,0.011865366,0.9275,0.014031215,0.934891376,0.012720642,0.902040816,0.027833024,0.902040816,0.027833024,0.967741935,0.026989033,0.938268508,0.012638086,0.855845252,0.026085632,0.428187301,0.056340342
mycobacterium_isoniazid_resfinder+pointfinder+phenotypeseeker_train,KNN,1212,"[{'clf__n_neighbors': 15, 'clf__p': 1, 'clf__weights': 'uniform'}, {'clf__n_neighbors': 3, 'clf__p': 1, 'clf__weights': 'distance'}, {'clf__n_neighbors': 9, 'clf__p': 1, 'clf__weights': 'distance'}, {'clf__n_neighbors': 3, 'clf__p': 1, 'clf__weights': 'distance'}, {'clf__n_neighbors': 7, 'clf__p': 1, 'clf__weights': 'distance'}]","[0.4666666666666667, 0.5555555555555555, 0.35000000000000003, 0.4285714285714286, 0.37557452396585683]",0.428571429,81.2,5.844655678,2.6,1.854723699,59.4,1.854723699,16.8,5.844655678,0.919568795,0.021283356,0.87875,0.025495098,0.893317972,0.015828096,0.828571429,0.059639344,0.828571429,0.059639344,0.958064516,0.029914898,0.892162842,0.027022676,0.771023453,0.034190926,0.435273635,0.07257239
mycobacterium_isoniazid_resfinder+pointfinder+phenotypeseeker_train,BernoulliNB,1212,"[{'clf__alpha': 0.01, 'clf__binarize': None}, {'clf__alpha': 0.01, 'clf__binarize': None}, {'clf__alpha': 0.01, 'clf__binarize': None}, {'clf__alpha': 0.01, 'clf__binarize': None}, {'clf__alpha': 0.01, 'clf__binarize': None}]","[3.0115373529441047e-273, 5.92692875767626e-296, 1.4145111791418488e-270, 1.0737860777294987e-242, 5.11417994873181e-284]",3.01E-273,78.8,12.00666482,32,9.338094024,30,9.338094024,19.2,12.00666482,0.698123766,0.040066078,0.68,0.056926488,0.6439763,0.057600244,0.804081633,0.122516988,0.804081633,0.122516988,0.483870968,0.15061442,0.751353935,0.055357983,0.321067788,0.120229152,2.15E-243,0
