dataset,model,n_features,fold_best_params,fold_thresholds,median_threshold,tp_mean,tp_std,fp_mean,fp_std,tn_mean,tn_std,fn_mean,fn_std,auc_mean,auc_std,accuracy_mean,accuracy_std,balanced_accuracy_mean,balanced_accuracy_std,recall_mean,recall_std,sensitivity_mean,sensitivity_std,specificity_mean,specificity_std,f1_mean,f1_std,mcc_mean,mcc_std,threshold_mean,threshold_std
mycobacterium_rifampin_cdhit_train,Linear SVM,2,"[{'clf__C': 0.001}, {'clf__C': 0.001}, {'clf__C': 0.001}, {'clf__C': 0.001}, {'clf__C': 0.001}]","[-1.659724201608349e-15, -1.3908956337422104e-15, -1.3908956337422104e-15, -1.3908956337422104e-15, -1.3908956337422104e-15]",-1.39E-15,79,0,81.2,0.4,0,0,0,0,0.5,0,0.493136646,0.001226708,0.5,0,1,0,1,0,0,0,0.66053696,0.001101813,0,0,-1.44E-15,1.08E-16
mycobacterium_rifampin_cdhit_train,LogReg (L1),2,"[{'clf__C': 0.001}, {'clf__C': 0.001}, {'clf__C': 0.001}, {'clf__C': 0.001}, {'clf__C': 0.001}]","[0.5, 0.5, 0.5, 0.5, 0.5]",0.5,79,0,81.2,0.4,0,0,0,0,0.5,0,0.493136646,0.001226708,0.5,0,1,0,1,0,0,0,0.66053696,0.001101813,0,0,0.5,0
mycobacterium_rifampin_cdhit_train,SGD Logistic,2,"[{'clf__alpha': 1e-05}, {'clf__alpha': 1e-05}, {'clf__alpha': 1e-05}, {'clf__alpha': 1e-05}, {'clf__alpha': 1e-05}]","[0.014897310308224514, 0.019301402697022362, 0.019301402697022362, 0.019301402697022362, 0.019301402697022362]",0.019301403,79,0,81.2,0.4,0,0,0,0,0.5,0,0.493136646,0.001226708,0.5,0,1,0,1,0,0,0,0.66053696,0.001101813,0,0,0.018420584,0.001761637
mycobacterium_rifampin_cdhit_train,KNN,2,"[{'clf__n_neighbors': 1, 'clf__p': 1, 'clf__weights': 'uniform'}, {'clf__n_neighbors': 1, 'clf__p': 1, 'clf__weights': 'uniform'}, {'clf__n_neighbors': 1, 'clf__p': 1, 'clf__weights': 'uniform'}, {'clf__n_neighbors': 1, 'clf__p': 1, 'clf__weights': 'uniform'}, {'clf__n_neighbors': 1, 'clf__p': 1, 'clf__weights': 'uniform'}]","[0.0, 0.0, 0.0, 0.0, 0.0]",0,79,0,81.2,0.4,0,0,0,0,0.5,0,0.493136646,0.001226708,0.5,0,1,0,1,0,0,0,0.66053696,0.001101813,0,0,0,0
mycobacterium_rifampin_cdhit_train,Decision Tree,2,"[{'clf__max_depth': None, 'clf__min_samples_leaf': 1, 'clf__min_samples_split': 2}, {'clf__max_depth': None, 'clf__min_samples_leaf': 1, 'clf__min_samples_split': 2}, {'clf__max_depth': None, 'clf__min_samples_leaf': 1, 'clf__min_samples_split': 2}, {'clf__max_depth': None, 'clf__min_samples_leaf': 1, 'clf__min_samples_split': 2}, {'clf__max_depth': None, 'clf__min_samples_leaf': 1, 'clf__min_samples_split': 2}]","[0.5000000000000002, 0.5000000000000002, 0.5000000000000002, 0.5000000000000002, 0.5000000000000002]",0.5,79,0,81.2,0.4,0,0,0,0,0.5,0,0.493136646,0.001226708,0.5,0,1,0,1,0,0,0,0.66053696,0.001101813,0,0,0.5,0
mycobacterium_rifampin_cdhit_train,Balanced Random Forest,2,"[{'clf__max_depth': None, 'clf__min_samples_leaf': 1, 'clf__min_samples_split': 2, 'clf__n_estimators': 200}, {'clf__max_depth': None, 'clf__min_samples_leaf': 1, 'clf__min_samples_split': 2, 'clf__n_estimators': 200}, {'clf__max_depth': None, 'clf__min_samples_leaf': 1, 'clf__min_samples_split': 2, 'clf__n_estimators': 200}, {'clf__max_depth': None, 'clf__min_samples_leaf': 1, 'clf__min_samples_split': 2, 'clf__n_estimators': 200}, {'clf__max_depth': None, 'clf__min_samples_leaf': 1, 'clf__min_samples_split': 2, 'clf__n_estimators': 200}]","[0.5, 0.5, 0.5, 0.5, 0.5]",0.5,79,0,81.2,0.4,0,0,0,0,0.5,0,0.493136646,0.001226708,0.5,0,1,0,1,0,0,0,0.66053696,0.001101813,0,0,0.5,0
mycobacterium_rifampin_cdhit_train,Extra Trees,2,"[{'clf__max_depth': None, 'clf__min_samples_leaf': 1, 'clf__min_samples_split': 2, 'clf__n_estimators': 200}, {'clf__max_depth': None, 'clf__min_samples_leaf': 1, 'clf__min_samples_split': 2, 'clf__n_estimators': 200}, {'clf__max_depth': None, 'clf__min_samples_leaf': 1, 'clf__min_samples_split': 2, 'clf__n_estimators': 200}, {'clf__max_depth': None, 'clf__min_samples_leaf': 1, 'clf__min_samples_split': 2, 'clf__n_estimators': 200}, {'clf__max_depth': None, 'clf__min_samples_leaf': 1, 'clf__min_samples_split': 2, 'clf__n_estimators': 200}]","[0.5000000000000001, 0.5000000000000001, 0.5000000000000001, 0.5000000000000001, 0.5000000000000001]",0.5,79,0,81.2,0.4,0,0,0,0,0.5,0,0.493136646,0.001226708,0.5,0,1,0,1,0,0,0,0.66053696,0.001101813,0,0,0.5,0
mycobacterium_rifampin_cdhit_train,AdaBoost,2,"[{'clf__learning_rate': 0.01, 'clf__n_estimators': 50}, {'clf__learning_rate': 0.01, 'clf__n_estimators': 50}, {'clf__learning_rate': 0.01, 'clf__n_estimators': 50}, {'clf__learning_rate': 0.01, 'clf__n_estimators': 50}, {'clf__learning_rate': 0.01, 'clf__n_estimators': 50}]","[0.1192029220221175, 0.1192029220221175, 0.1192029220221175, 0.1192029220221175, 0.1192029220221175]",0.119202922,79,0,81.2,0.4,0,0,0,0,0.5,0,0.493136646,0.001226708,0.5,0,1,0,1,0,0,0,0.66053696,0.001101813,0,0,0.119202922,0
mycobacterium_rifampin_cdhit_train,RBF SVM,2,"[{'clf__C': 0.1, 'clf__gamma': 'scale'}, {'clf__C': 0.1, 'clf__gamma': 'scale'}, {'clf__C': 0.1, 'clf__gamma': 'scale'}, {'clf__C': 0.1, 'clf__gamma': 'scale'}, {'clf__C': 0.1, 'clf__gamma': 'scale'}]","[0.4574000376645264, 0.4556208127006867, 0.4552954057252043, 0.45333651247952605, 0.4622806075897269]",0.455620813,31.6,38.70193794,32.6,39.92793508,48.6,39.68173383,47.4,38.70193794,0.5,0,0.500636646,0.006942991,0.5,0,0.4,0.489897949,0.4,0.489897949,0.6,0.489897949,0.26388424,0.323192043,0,0,0.456786675,0.003034675
mycobacterium_rifampin_cdhit_train,LogReg (L2),2,"[{'clf__C': 0.001}, {'clf__C': 0.001}, {'clf__C': 0.001}, {'clf__C': 0.001}, {'clf__C': 0.001}]","[0.4999999999999998, 0.4999999999999998, 0.4999999999999998, 0.4999999999999998, 0.4999999999999998]",0.5,15.8,31.6,16.4,32.8,64.8,32.4,63.2,31.6,0.5,0,0.503136646,0.006226708,0.5,0,0.2,0.4,0.2,0.4,0.8,0.4,0.131666667,0.263333333,0,0,0.5,5.55E-17
mycobacterium_rifampin_cdhit_train,Random Forest,2,"[{'clf__max_depth': None, 'clf__min_samples_leaf': 1, 'clf__min_samples_split': 2, 'clf__n_estimators': 200}, {'clf__max_depth': None, 'clf__min_samples_leaf': 1, 'clf__min_samples_split': 2, 'clf__n_estimators': 200}, {'clf__max_depth': None, 'clf__min_samples_leaf': 1, 'clf__min_samples_split': 2, 'clf__n_estimators': 200}, {'clf__max_depth': None, 'clf__min_samples_leaf': 1, 'clf__min_samples_split': 2, 'clf__n_estimators': 200}, {'clf__max_depth': None, 'clf__min_samples_leaf': 1, 'clf__min_samples_split': 2, 'clf__n_estimators': 200}]","[0.4999277396990322, 0.4997381366764317, 0.4997381366764317, 0.4997381366764317, 0.4997381366764317]",0.499738137,0,0,0,0,81.2,0.4,79,0,0.5,0,0.506863354,0.001226708,0.5,0,0,0,0,0,1,0,0,0,0,0,0.499776057,7.58E-05
mycobacterium_rifampin_cdhit_train,Gradient Boosting,2,"[{'clf__learning_rate': 0.01, 'clf__max_depth': 1, 'clf__n_estimators': 100}, {'clf__learning_rate': 0.01, 'clf__max_depth': 1, 'clf__n_estimators': 100}, {'clf__learning_rate': 0.01, 'clf__max_depth': 1, 'clf__n_estimators': 100}, {'clf__learning_rate': 0.01, 'clf__max_depth': 1, 'clf__n_estimators': 100}, {'clf__learning_rate': 0.01, 'clf__max_depth': 1, 'clf__n_estimators': 100}]","[0.4941451990632319, 0.49299065420560745, 0.49299065420560745, 0.49299065420560745, 0.49299065420560745]",0.492990654,0,0,0,0,81.2,0.4,79,0,0.5,0,0.506863354,0.001226708,0.5,0,0,0,0,0,1,0,0,0,0,0,0.493221563,0.000461818
mycobacterium_rifampin_cdhit_train,HistGB,2,"[{'clf__l2_regularization': 0.0, 'clf__learning_rate': 0.05, 'clf__max_depth': 3, 'clf__max_leaf_nodes': 31, 'clf__min_samples_leaf': 10}, {'clf__l2_regularization': 0.0, 'clf__learning_rate': 0.05, 'clf__max_depth': 3, 'clf__max_leaf_nodes': 31, 'clf__min_samples_leaf': 10}, {'clf__l2_regularization': 0.0, 'clf__learning_rate': 0.05, 'clf__max_depth': 3, 'clf__max_leaf_nodes': 31, 'clf__min_samples_leaf': 10}, {'clf__l2_regularization': 0.0, 'clf__learning_rate': 0.05, 'clf__max_depth': 3, 'clf__max_leaf_nodes': 31, 'clf__min_samples_leaf': 10}, {'clf__l2_regularization': 0.0, 'clf__learning_rate': 0.05, 'clf__max_depth': 3, 'clf__max_leaf_nodes': 31, 'clf__min_samples_leaf': 10}]","[0.4941451990632319, 0.49299065420560745, 0.49299065420560745, 0.49299065420560745, 0.49299065420560745]",0.492990654,0,0,0,0,81.2,0.4,79,0,0.5,0,0.506863354,0.001226708,0.5,0,0,0,0,0,1,0,0,0,0,0,0.493221563,0.000461818
mycobacterium_rifampin_cdhit_train,BernoulliNB,2,"[{'clf__alpha': 0.01, 'clf__binarize': None}, {'clf__alpha': 0.01, 'clf__binarize': None}, {'clf__alpha': 0.01, 'clf__binarize': None}, {'clf__alpha': 0.01, 'clf__binarize': None}, {'clf__alpha': 0.01, 'clf__binarize': None}]","[0.4941446506812033, 0.49298999921841535, 0.49298999921841535, 0.49298999921841535, 0.49298999921841535]",0.492989999,0,0,0,0,81.2,0.4,79,0,0.5,0,0.506863354,0.001226708,0.5,0,0,0,0,0,1,0,0,0,0,0,0.49322093,0.000461861
mycobacterium_rifampin_cdhit+phenotypeseeker_train,HistGB,1002,"[{'clf__l2_regularization': 1.0, 'clf__learning_rate': 0.05, 'clf__max_depth': 6, 'clf__max_leaf_nodes': 31, 'clf__min_samples_leaf': 10}, {'clf__l2_regularization': 1.0, 'clf__learning_rate': 0.05, 'clf__max_depth': 3, 'clf__max_leaf_nodes': 31, 'clf__min_samples_leaf': 10}, {'clf__l2_regularization': 0.0, 'clf__learning_rate': 0.05, 'clf__max_depth': 6, 'clf__max_leaf_nodes': 31, 'clf__min_samples_leaf': 10}, {'clf__l2_regularization': 1.0, 'clf__learning_rate': 0.05, 'clf__max_depth': 3, 'clf__max_leaf_nodes': 31, 'clf__min_samples_leaf': 10}, {'clf__l2_regularization': 1.0, 'clf__learning_rate': 0.1, 'clf__max_depth': 6, 'clf__max_leaf_nodes': 31, 'clf__min_samples_leaf': 10}]","[0.5170891464376487, 0.5731997225988965, 0.5944618256384128, 0.45260310353187494, 0.5432006300386822]",0.54320063,55.2,3.310589071,6.2,2.925747768,75,3.033150178,23.8,3.310589071,0.852017655,0.032890213,0.812701863,0.026415075,0.811170762,0.026343809,0.698734177,0.041906191,0.698734177,0.041906191,0.923607347,0.036183294,0.785987424,0.031322401,0.641229923,0.054432348,0.536110886,0.049327588
mycobacterium_rifampin_cdhit+phenotypeseeker_train,AdaBoost,1002,"[{'clf__learning_rate': 0.5, 'clf__n_estimators': 50}, {'clf__learning_rate': 1.0, 'clf__n_estimators': 50}, {'clf__learning_rate': 0.1, 'clf__n_estimators': 500}, {'clf__learning_rate': 0.1, 'clf__n_estimators': 500}, {'clf__learning_rate': 0.5, 'clf__n_estimators': 100}]","[0.5168911390302989, 0.5087126057268623, 0.5320874920099734, 0.5234103558598886, 0.5268174259839065]",0.523410356,54.6,2.576819745,5.6,2.576819745,75.6,2.870540019,24.4,2.576819745,0.831697598,0.013684884,0.812686335,0.031100467,0.81103183,0.030914281,0.691139241,0.032617971,0.691139241,0.032617971,0.93092442,0.031896841,0.784460784,0.035638556,0.642304667,0.06424334,0.521583804,0.008108556
mycobacterium_rifampin_cdhit+phenotypeseeker_train,Balanced Random Forest,1002,"[{'clf__max_depth': None, 'clf__min_samples_leaf': 1, 'clf__min_samples_split': 10, 'clf__n_estimators': 500}, {'clf__max_depth': None, 'clf__min_samples_leaf': 1, 'clf__min_samples_split': 10, 'clf__n_estimators': 200}, {'clf__max_depth': None, 'clf__min_samples_leaf': 1, 'clf__min_samples_split': 5, 'clf__n_estimators': 500}, {'clf__max_depth': 20, 'clf__min_samples_leaf': 1, 'clf__min_samples_split': 2, 'clf__n_estimators': 500}, {'clf__max_depth': 20, 'clf__min_samples_leaf': 1, 'clf__min_samples_split': 5, 'clf__n_estimators': 500}]","[0.5396357142857142, 0.4765059523809523, 0.5815000000000002, 0.604, 0.6568021978021978]",0.5815,58,3.847076812,9.2,3.18747549,72,3.16227766,21,3.847076812,0.854233893,0.032950415,0.811521739,0.028055588,0.810449041,0.0282678,0.734177215,0.048697175,0.734177215,0.048697175,0.886720867,0.039280519,0.792953384,0.032588583,0.630602433,0.056801004,0.571688773,0.060781146
mycobacterium_rifampin_cdhit+phenotypeseeker_train,Gradient Boosting,1002,"[{'clf__learning_rate': 0.01, 'clf__max_depth': 3, 'clf__n_estimators': 500}, {'clf__learning_rate': 0.01, 'clf__max_depth': 2, 'clf__n_estimators': 500}, {'clf__learning_rate': 0.05, 'clf__max_depth': 2, 'clf__n_estimators': 100}, {'clf__learning_rate': 0.2, 'clf__max_depth': 2, 'clf__n_estimators': 100}, {'clf__learning_rate': 0.01, 'clf__max_depth': 2, 'clf__n_estimators': 500}]","[0.49615721482778835, 0.5424618339749, 0.575375230493365, 0.566327539265762, 0.5755813844079516]",0.566327539,54.8,1.833030278,6,4.647580015,75.2,4.79165942,24.2,1.833030278,0.834495863,0.026874609,0.811444099,0.035403279,0.809843573,0.035017773,0.693670886,0.023202915,0.693670886,0.023202915,0.92601626,0.057436096,0.784679286,0.034392657,0.640211599,0.077192688,0.551180641,0.030045958
mycobacterium_rifampin_cdhit+phenotypeseeker_train,Extra Trees,1002,"[{'clf__max_depth': 20, 'clf__min_samples_leaf': 1, 'clf__min_samples_split': 10, 'clf__n_estimators': 200}, {'clf__max_depth': None, 'clf__min_samples_leaf': 1, 'clf__min_samples_split': 10, 'clf__n_estimators': 200}, {'clf__max_depth': 20, 'clf__min_samples_leaf': 1, 'clf__min_samples_split': 5, 'clf__n_estimators': 200}, {'clf__max_depth': 20, 'clf__min_samples_leaf': 1, 'clf__min_samples_split': 5, 'clf__n_estimators': 200}, {'clf__max_depth': 20, 'clf__min_samples_leaf': 1, 'clf__min_samples_split': 10, 'clf__n_estimators': 200}]","[0.6634108682240217, 0.5020916153614446, 0.6082101769326551, 0.6037499485329421, 0.5523915833373362]",0.603749949,58,5.176871642,9.6,2.416609195,71.6,2.653299832,21,5.176871642,0.852645612,0.035194912,0.809029503,0.031969846,0.807934738,0.032471776,0.734177215,0.065530021,0.734177215,0.065530021,0.881692261,0.030063557,0.789873259,0.041815928,0.625011399,0.059984067,0.585970838,0.054719162
mycobacterium_rifampin_cdhit+phenotypeseeker_train,LogReg (L1),1002,"[{'clf__C': 1}, {'clf__C': 1}, {'clf__C': 1}, {'clf__C': 1}, {'clf__C': 1}]","[0.611258531705941, 0.5670517098576798, 0.5657833496289086, 0.5968048454565259, 0.6495703596629315]",0.596804845,54.2,2.712931993,5.8,3.370459909,75.4,3.611094017,24.8,2.712931993,0.844569273,0.02671579,0.808928571,0.03701644,0.807265617,0.036776653,0.686075949,0.034340911,0.686075949,0.034340911,0.928455285,0.041678633,0.780028483,0.040970917,0.635147835,0.077300796,0.598093759,0.031088211
mycobacterium_rifampin_cdhit+phenotypeseeker_train,Random Forest,1002,"[{'clf__max_depth': None, 'clf__min_samples_leaf': 1, 'clf__min_samples_split': 10, 'clf__n_estimators': 200}, {'clf__max_depth': 20, 'clf__min_samples_leaf': 1, 'clf__min_samples_split': 5, 'clf__n_estimators': 500}, {'clf__max_depth': 20, 'clf__min_samples_leaf': 1, 'clf__min_samples_split': 5, 'clf__n_estimators': 500}, {'clf__max_depth': 20, 'clf__min_samples_leaf': 1, 'clf__min_samples_split': 10, 'clf__n_estimators': 200}, {'clf__max_depth': None, 'clf__min_samples_leaf': 2, 'clf__min_samples_split': 10, 'clf__n_estimators': 500}]","[0.5842964871866086, 0.5066235669352234, 0.4957283451891145, 0.48238411918030605, 0.504158200149833]",0.5041582,59.2,3.969886648,11,3.033150178,70.2,3.310589071,19.8,3.969886648,0.846694605,0.031206234,0.807763975,0.024603754,0.8068877,0.024861174,0.749367089,0.05025173,0.749367089,0.05025173,0.864408311,0.037725598,0.792908487,0.03042374,0.620124418,0.047679032,0.514638144,0.035844805
mycobacterium_rifampin_cdhit+phenotypeseeker_train,RBF SVM,1002,"[{'clf__C': 10, 'clf__gamma': 0.1}, {'clf__C': 100, 'clf__gamma': 'auto'}, {'clf__C': 10, 'clf__gamma': 0.01}, {'clf__C': 10, 'clf__gamma': 0.1}, {'clf__C': 10, 'clf__gamma': 0.1}]","[0.5392196296229311, 0.7152994996328863, 0.6607152126919515, 0.5965123828593225, 0.5620041682126521]",0.596512383,57.6,2.8,9.8,3.059411708,71.4,3.006659276,21.4,2.8,0.847989015,0.027345846,0.805256211,0.023732843,0.804228748,0.023747893,0.729113924,0.035443038,0.729113924,0.035443038,0.879343571,0.037646202,0.78678325,0.025899246,0.617376962,0.050089452,0.614750179,0.064873065
mycobacterium_rifampin_cdhit+phenotypeseeker_train,Decision Tree,1002,"[{'clf__max_depth': 5, 'clf__min_samples_leaf': 2, 'clf__min_samples_split': 2}, {'clf__max_depth': 3, 'clf__min_samples_leaf': 5, 'clf__min_samples_split': 2}, {'clf__max_depth': 3, 'clf__min_samples_leaf': 5, 'clf__min_samples_split': 2}, {'clf__max_depth': 5, 'clf__min_samples_leaf': 1, 'clf__min_samples_split': 2}, {'clf__max_depth': 3, 'clf__min_samples_leaf': 5, 'clf__min_samples_split': 2}]","[0.5058548009367682, 0.6056074766355141, 0.5782811459027314, 0.836560805577072, 0.6067101584342963]",0.605607477,54,3.687817783,6.6,3.006659276,74.6,3.382306905,25,3.687817783,0.820525311,0.030010959,0.802678571,0.033735352,0.801046467,0.033545034,0.683544304,0.046681238,0.683544304,0.046681238,0.91854863,0.03717534,0.773186568,0.041472466,0.621522306,0.068404696,0.626602877,0.111206067
mycobacterium_rifampin_cdhit+phenotypeseeker_train,KNN,1002,"[{'clf__n_neighbors': 7, 'clf__p': 1, 'clf__weights': 'distance'}, {'clf__n_neighbors': 11, 'clf__p': 1, 'clf__weights': 'distance'}, {'clf__n_neighbors': 15, 'clf__p': 1, 'clf__weights': 'distance'}, {'clf__n_neighbors': 15, 'clf__p': 1, 'clf__weights': 'distance'}, {'clf__n_neighbors': 15, 'clf__p': 1, 'clf__weights': 'distance'}]","[0.6666666666666666, 0.5625, 0.6333455858683342, 0.5398475278324686, 0.6248154651842317]",0.624815465,58.8,3.310589071,11.8,3.059411708,69.4,3.2,20.2,3.310589071,0.845879882,0.032038737,0.800248447,0.016305579,0.79946295,0.016354926,0.744303797,0.041906191,0.744303797,0.041906191,0.854622102,0.03795204,0.785693853,0.019676119,0.604802376,0.032273387,0.605435049,0.047008618
mycobacterium_rifampin_cdhit+phenotypeseeker_train,Linear SVM,1002,"[{'clf__C': 0.01}, {'clf__C': 0.01}, {'clf__C': 0.1}, {'clf__C': 0.1}, {'clf__C': 0.01}]","[-0.013768151997355003, 0.03644875153357309, 0.2056851226267519, 0.19915968394150713, 0.07230198140237579]",0.072301981,55,2.449489743,9.4,2.244994432,71.8,2.4,24,2.449489743,0.822788431,0.026050644,0.791475155,0.025435434,0.79019702,0.025342858,0.696202532,0.031006199,0.696202532,0.031006199,0.884191509,0.027869962,0.766974675,0.02872156,0.592104048,0.05162264,0.099965478,0.088035352
mycobacterium_rifampin_cdhit+phenotypeseeker_train,LogReg (L2),1002,"[{'clf__C': 0.1}, {'clf__C': 0.1}, {'clf__C': 1}, {'clf__C': 100}, {'clf__C': 0.1}]","[0.4446145713816143, 0.48002199998160106, 0.6278498627619955, 0.7671325367118877, 0.5658001939482119]",0.565800194,56,3.033150178,12.6,4.317406629,68.6,4.176122604,23,3.033150178,0.815640211,0.040037734,0.777763975,0.032824278,0.776893493,0.032688343,0.708860759,0.038394306,0.708860759,0.038394306,0.844926227,0.052929319,0.758947437,0.033016496,0.561075963,0.068403468,0.577083833,0.114710178
mycobacterium_rifampin_cdhit+phenotypeseeker_train,BernoulliNB,1002,"[{'clf__alpha': 0.01, 'clf__binarize': None}, {'clf__alpha': 1.0, 'clf__binarize': None}, {'clf__alpha': 0.01, 'clf__binarize': None}, {'clf__alpha': 1.0, 'clf__binarize': None}, {'clf__alpha': 0.01, 'clf__binarize': None}]","[0.9999999997334044, 1.0, 1.0, 0.9999999999801048, 1.0]",1,61.2,2.13541565,37.8,4.79165942,43.4,4.882622246,17.8,2.13541565,0.670153111,0.019673183,0.652927019,0.024953597,0.654550444,0.024621028,0.774683544,0.027030578,0.774683544,0.027030578,0.534417344,0.059601553,0.687842035,0.016193802,0.318591763,0.0461518,1,1.05E-10
mycobacterium_rifampin_cdhit+phenotypeseeker_train,SGD Logistic,1002,"[{'clf__alpha': 0.01}, {'clf__alpha': 0.001}, {'clf__alpha': 0.001}, {'clf__alpha': 0.0001}, {'clf__alpha': 0.0001}]","[0.3751885414652907, 0.039104960824323416, 0.19963106582635246, 0.9999999993226516, 9.228735406694526e-07]",0.199631066,59.6,25.01679436,42.4,26.07374158,38.8,26.0568609,19.4,25.01679436,0.821538617,0.036534296,0.614169255,0.078068594,0.616164302,0.078016301,0.75443038,0.316668283,0.75443038,0.316668283,0.477898223,0.32177431,0.612660008,0.196847692,0.297266036,0.124981333,0.322785098,0.363647385
mycobacterium_rifampin_phenotypeseeker_train,Gradient Boosting,1000,"[{'clf__learning_rate': 0.01, 'clf__max_depth': 3, 'clf__n_estimators': 500}, {'clf__learning_rate': 0.01, 'clf__max_depth': 2, 'clf__n_estimators': 500}, {'clf__learning_rate': 0.05, 'clf__max_depth': 2, 'clf__n_estimators': 100}, {'clf__learning_rate': 0.1, 'clf__max_depth': 3, 'clf__n_estimators': 100}, {'clf__learning_rate': 0.01, 'clf__max_depth': 2, 'clf__n_estimators': 500}]","[0.49615721482778835, 0.5424618339749, 0.5375640243923839, 0.6236542969532455, 0.5983485737760782]",0.542461834,54.8,1.833030278,5.4,3.498571137,75.8,3.655133376,24.2,1.833030278,0.835761685,0.024649843,0.815194099,0.028318482,0.813547277,0.028015509,0.693670886,0.023202915,0.693670886,0.023202915,0.933423668,0.043254538,0.787683821,0.028928219,0.648394418,0.061548459,0.559637189,0.045626058
mycobacterium_rifampin_phenotypeseeker_train,HistGB,1000,"[{'clf__l2_regularization': 1.0, 'clf__learning_rate': 0.05, 'clf__max_depth': 6, 'clf__max_leaf_nodes': 31, 'clf__min_samples_leaf': 10}, {'clf__l2_regularization': 1.0, 'clf__learning_rate': 0.05, 'clf__max_depth': 3, 'clf__max_leaf_nodes': 31, 'clf__min_samples_leaf': 10}, {'clf__l2_regularization': 0.0, 'clf__learning_rate': 0.05, 'clf__max_depth': 6, 'clf__max_leaf_nodes': 31, 'clf__min_samples_leaf': 10}, {'clf__l2_regularization': 1.0, 'clf__learning_rate': 0.05, 'clf__max_depth': 3, 'clf__max_leaf_nodes': 31, 'clf__min_samples_leaf': 10}, {'clf__l2_regularization': 1.0, 'clf__learning_rate': 0.1, 'clf__max_depth': 6, 'clf__max_leaf_nodes': 31, 'clf__min_samples_leaf': 10}]","[0.5170891464376487, 0.5731997225988965, 0.5944618256384128, 0.45260310353187494, 0.5432006300386822]",0.54320063,55.2,3.310589071,6.2,2.925747768,75,3.033150178,23.8,3.310589071,0.852017655,0.032890213,0.812701863,0.026415075,0.811170762,0.026343809,0.698734177,0.041906191,0.698734177,0.041906191,0.923607347,0.036183294,0.785987424,0.031322401,0.641229923,0.054432348,0.536110886,0.049327588
mycobacterium_rifampin_phenotypeseeker_train,AdaBoost,1000,"[{'clf__learning_rate': 0.5, 'clf__n_estimators': 50}, {'clf__learning_rate': 1.0, 'clf__n_estimators': 50}, {'clf__learning_rate': 0.1, 'clf__n_estimators': 500}, {'clf__learning_rate': 0.1, 'clf__n_estimators': 500}, {'clf__learning_rate': 0.5, 'clf__n_estimators': 100}]","[0.5168911390302989, 0.5087126057268623, 0.5320874920099734, 0.5234103558598886, 0.5268174259839065]",0.523410356,54.6,2.576819745,5.6,2.576819745,75.6,2.870540019,24.4,2.576819745,0.831697598,0.013684884,0.812686335,0.031100467,0.81103183,0.030914281,0.691139241,0.032617971,0.691139241,0.032617971,0.93092442,0.031896841,0.784460784,0.035638556,0.642304667,0.06424334,0.521583804,0.008108556
mycobacterium_rifampin_phenotypeseeker_train,RBF SVM,1000,"[{'clf__C': 10, 'clf__gamma': 0.1}, {'clf__C': 100, 'clf__gamma': 'auto'}, {'clf__C': 10, 'clf__gamma': 0.01}, {'clf__C': 10, 'clf__gamma': 0.1}, {'clf__C': 10, 'clf__gamma': 0.1}]","[0.5376944881479674, 0.7358622908183592, 0.6875299097215908, 0.6034122656996781, 0.5583115288891032]",0.603412266,57.6,3.261901286,9.2,3.370459909,72,3.346640106,21.4,3.261901286,0.848176544,0.027530749,0.808998447,0.026022088,0.807917396,0.026045767,0.729113924,0.04128989,0.729113924,0.04128989,0.886720867,0.041543449,0.78993241,0.028753177,0.626028852,0.054960421,0.624562097,0.07580912
mycobacterium_rifampin_phenotypeseeker_train,Extra Trees,1000,"[{'clf__max_depth': 20, 'clf__min_samples_leaf': 1, 'clf__min_samples_split': 10, 'clf__n_estimators': 500}, {'clf__max_depth': 20, 'clf__min_samples_leaf': 1, 'clf__min_samples_split': 5, 'clf__n_estimators': 200}, {'clf__max_depth': 20, 'clf__min_samples_leaf': 1, 'clf__min_samples_split': 10, 'clf__n_estimators': 200}, {'clf__max_depth': 20, 'clf__min_samples_leaf': 1, 'clf__min_samples_split': 5, 'clf__n_estimators': 500}, {'clf__max_depth': None, 'clf__min_samples_leaf': 2, 'clf__min_samples_split': 10, 'clf__n_estimators': 500}]","[0.5527003083332809, 0.5706859128722429, 0.4692702094679195, 0.5306922076246761, 0.5135440095009771]",0.530692208,60,4.098780306,11.8,3.919183588,69.4,4.029888336,19,4.098780306,0.844132086,0.030302171,0.807779503,0.037553559,0.807057886,0.037686118,0.759493671,0.051883295,0.759493671,0.051883295,0.854622102,0.048526818,0.795411993,0.042015449,0.618732667,0.07518911,0.52737853,0.034916109
mycobacterium_rifampin_phenotypeseeker_train,LogReg (L1),1000,"[{'clf__C': 1}, {'clf__C': 1}, {'clf__C': 1}, {'clf__C': 1}, {'clf__C': 1}]","[0.5431620115633001, 0.5989872853497458, 0.5667791263123261, 0.5974054755130314, 0.6523837541302177]",0.597405476,54.2,2.712931993,6,3.16227766,75.2,3.370459909,24.8,2.712931993,0.845048769,0.027281994,0.807686335,0.035448588,0.806046105,0.035246355,0.686075949,0.034340911,0.686075949,0.034340911,0.92601626,0.039126487,0.778836294,0.039425162,0.632152367,0.073620218,0.591743531,0.036729149
mycobacterium_rifampin_phenotypeseeker_train,Balanced Random Forest,1000,"[{'clf__max_depth': 20, 'clf__min_samples_leaf': 1, 'clf__min_samples_split': 10, 'clf__n_estimators': 200}, {'clf__max_depth': 20, 'clf__min_samples_leaf': 1, 'clf__min_samples_split': 10, 'clf__n_estimators': 500}, {'clf__max_depth': 20, 'clf__min_samples_leaf': 1, 'clf__min_samples_split': 5, 'clf__n_estimators': 200}, {'clf__max_depth': None, 'clf__min_samples_leaf': 1, 'clf__min_samples_split': 5, 'clf__n_estimators': 200}, {'clf__max_depth': 10, 'clf__min_samples_leaf': 2, 'clf__min_samples_split': 10, 'clf__n_estimators': 200}]","[0.5540211038961039, 0.5124309523809526, 0.5043333333333334, 0.5495833333333332, 0.4783070136029157]",0.512430952,60,3.521363372,12.4,3.382306905,68.8,3.544009029,19,3.521363372,0.844776623,0.028007276,0.804021739,0.026761766,0.803354183,0.026880934,0.759493671,0.04457422,0.759493671,0.04457422,0.847214694,0.041974315,0.792271502,0.030294772,0.610863867,0.052975942,0.519735147,0.028542244
mycobacterium_rifampin_phenotypeseeker_train,Random Forest,1000,"[{'clf__max_depth': None, 'clf__min_samples_leaf': 1, 'clf__min_samples_split': 5, 'clf__n_estimators': 200}, {'clf__max_depth': None, 'clf__min_samples_leaf': 1, 'clf__min_samples_split': 10, 'clf__n_estimators': 500}, {'clf__max_depth': None, 'clf__min_samples_leaf': 1, 'clf__min_samples_split': 5, 'clf__n_estimators': 500}, {'clf__max_depth': 20, 'clf__min_samples_leaf': 1, 'clf__min_samples_split': 2, 'clf__n_estimators': 200}, {'clf__max_depth': 20, 'clf__min_samples_leaf': 1, 'clf__min_samples_split': 10, 'clf__n_estimators': 200}]","[0.6170197501606238, 0.517103342996478, 0.4943481707800099, 0.5408118343045191, 0.5111777451058032]",0.517103343,58.8,4.261455151,11.4,3.773592453,69.8,4.06939799,20.2,4.261455151,0.84906464,0.029968665,0.802763975,0.02798186,0.801871863,0.028144437,0.744303797,0.05394247,0.744303797,0.05394247,0.859439928,0.046846777,0.787540659,0.033149449,0.6106229,0.055215173,0.536092169,0.043117083
mycobacterium_rifampin_phenotypeseeker_train,Decision Tree,1000,"[{'clf__max_depth': 5, 'clf__min_samples_leaf': 2, 'clf__min_samples_split': 2}, {'clf__max_depth': 3, 'clf__min_samples_leaf': 5, 'clf__min_samples_split': 2}, {'clf__max_depth': 3, 'clf__min_samples_leaf': 5, 'clf__min_samples_split': 2}, {'clf__max_depth': 5, 'clf__min_samples_leaf': 1, 'clf__min_samples_split': 2}, {'clf__max_depth': 3, 'clf__min_samples_leaf': 5, 'clf__min_samples_split': 2}]","[0.5058548009367682, 0.6056074766355141, 0.5782811459027314, 0.836560805577072, 0.6067101584342963]",0.605607477,54.2,3.310589071,6.8,3.059411708,74.4,3.440930107,24.8,3.310589071,0.820900369,0.029406781,0.802678571,0.033735352,0.801077722,0.033501471,0.686075949,0.041906191,0.686075949,0.041906191,0.916079494,0.037827605,0.774055406,0.040094501,0.620660643,0.069474354,0.626602877,0.111206067
mycobacterium_rifampin_phenotypeseeker_train,KNN,1000,"[{'clf__n_neighbors': 7, 'clf__p': 1, 'clf__weights': 'distance'}, {'clf__n_neighbors': 11, 'clf__p': 1, 'clf__weights': 'distance'}, {'clf__n_neighbors': 15, 'clf__p': 1, 'clf__weights': 'distance'}, {'clf__n_neighbors': 15, 'clf__p': 1, 'clf__weights': 'distance'}, {'clf__n_neighbors': 15, 'clf__p': 1, 'clf__weights': 'distance'}]","[0.6666666666666666, 0.5625, 0.6333455858683342, 0.5398475278324686, 0.6248154651842317]",0.624815465,58.8,3.310589071,11.8,3.059411708,69.4,3.2,20.2,3.310589071,0.845879882,0.032038737,0.800248447,0.016305579,0.79946295,0.016354926,0.744303797,0.041906191,0.744303797,0.041906191,0.854622102,0.03795204,0.785693853,0.019676119,0.604802376,0.032273387,0.605435049,0.047008618
mycobacterium_rifampin_phenotypeseeker_train,LogReg (L2),1000,"[{'clf__C': 0.1}, {'clf__C': 0.1}, {'clf__C': 1}, {'clf__C': 0.1}, {'clf__C': 0.1}]","[0.4491371430851637, 0.543571206851574, 0.6125947446665975, 0.5522447245192945, 0.5602309057937308]",0.552244725,56.4,2.576819745,11.2,3.815756806,70,3.577708764,22.6,2.576819745,0.827391284,0.018041218,0.789013975,0.013905711,0.788067114,0.013648663,0.713924051,0.032617971,0.713924051,0.032617971,0.862210178,0.046508088,0.769417059,0.012020172,0.585231747,0.032363674,0.543555745,0.05298078
mycobacterium_rifampin_phenotypeseeker_train,Linear SVM,1000,"[{'clf__C': 0.01}, {'clf__C': 0.01}, {'clf__C': 0.1}, {'clf__C': 0.1}, {'clf__C': 0.01}]","[-0.012430529733464257, 0.0326607861004505, 0.4025141086884144, 0.196707462463995, 0.0629129405993913]",0.062912941,54.4,2.939387691,9.2,2.481934729,72,2.607680962,24.6,2.939387691,0.823286222,0.026543569,0.788975155,0.025086592,0.78763412,0.025013109,0.688607595,0.037207439,0.688607595,0.037207439,0.886660644,0.030761192,0.762688961,0.029329527,0.588499189,0.050539283,0.136472954,0.150177482
mycobacterium_rifampin_phenotypeseeker_train,BernoulliNB,1000,"[{'clf__alpha': 0.01, 'clf__binarize': None}, {'clf__alpha': 1.0, 'clf__binarize': None}, {'clf__alpha': 0.01, 'clf__binarize': None}, {'clf__alpha': 1.0, 'clf__binarize': None}, {'clf__alpha': 0.01, 'clf__binarize': None}]","[0.9999999997334044, 1.0, 1.0, 0.9999999999801048, 1.0]",1,61.2,2.13541565,37.8,4.79165942,43.4,4.882622246,17.8,2.13541565,0.670153111,0.019673183,0.652927019,0.024953597,0.654550444,0.024621028,0.774683544,0.027030578,0.774683544,0.027030578,0.534417344,0.059601553,0.687842035,0.016193802,0.318591763,0.0461518,1,1.05E-10
mycobacterium_rifampin_phenotypeseeker_train,SGD Logistic,1000,"[{'clf__alpha': 0.01}, {'clf__alpha': 0.001}, {'clf__alpha': 1e-05}, {'clf__alpha': 0.0001}, {'clf__alpha': 0.0001}]","[0.37560482490377956, 0.9988970888626137, 9.793590300517404e-42, 0.9999999999830793, 0.9999999999098645]",0.998897089,51,25.49509757,31.8,25.15074552,49.4,25.04875246,28,25.49509757,0.728633094,0.099842415,0.626677019,0.075113085,0.627166021,0.0754652,0.64556962,0.322722754,0.64556962,0.322722754,0.608762421,0.309802909,0.57669612,0.214328967,0.305652297,0.116216983,0.674900383,0.415071499
mycobacterium_rifampin_pointfinder_train,Gradient Boosting,209,"[{'clf__learning_rate': 0.2, 'clf__max_depth': 1, 'clf__n_estimators': 500}, {'clf__learning_rate': 0.1, 'clf__max_depth': 2, 'clf__n_estimators': 200}, {'clf__learning_rate': 0.01, 'clf__max_depth': 3, 'clf__n_estimators': 500}, {'clf__learning_rate': 0.2, 'clf__max_depth': 1, 'clf__n_estimators': 100}, {'clf__learning_rate': 0.1, 'clf__max_depth': 1, 'clf__n_estimators': 500}]","[0.6373893457669425, 0.6211263595596769, 0.5930010445629208, 0.8173980096656761, 0.625108639779466]",0.62510864,68.8,4.118252056,1.8,1.166190379,79.4,1.2,10.2,4.118252056,0.936378588,0.026500995,0.92503882,0.027162065,0.924362038,0.027434034,0.870886076,0.052129773,0.870886076,0.052129773,0.977838001,0.014387584,0.919039526,0.030443014,0.855595382,0.051457396,0.65880468,0.080617192
mycobacterium_rifampin_pointfinder_train,RBF SVM,209,"[{'clf__C': 100, 'clf__gamma': 'auto'}, {'clf__C': 1, 'clf__gamma': 'scale'}, {'clf__C': 100, 'clf__gamma': 'auto'}, {'clf__C': 10, 'clf__gamma': 'scale'}, {'clf__C': 1, 'clf__gamma': 'scale'}]","[0.5967563434928529, 0.5, 0.5662936882839139, 0.59768239134187, 0.48452918602905726]",0.566293688,70.2,2.925747768,3.6,1.624807681,77.6,1.854723699,8.8,2.925747768,0.944468267,0.026890113,0.922546584,0.023331532,0.922111687,0.023431971,0.888607595,0.037034782,0.888607595,0.037034782,0.955615778,0.020118931,0.91856312,0.025069305,0.847236532,0.045678301,0.549052322,0.0479733
mycobacterium_rifampin_pointfinder_train,LogReg (L2),209,"[{'clf__C': 1}, {'clf__C': 10}, {'clf__C': 10}, {'clf__C': 10}, {'clf__C': 10}]","[0.5169534539252649, 0.48469273742381674, 0.5423692490308981, 0.49500182458667763, 0.5928118143357439]",0.516953454,69,2,2.4,1.624807681,78.8,1.6,10,2,0.94726272,0.024817817,0.92257764,0.016178019,0.921939213,0.016193022,0.873417722,0.025316456,0.873417722,0.025316456,0.970460705,0.020026783,0.917469142,0.01746237,0.849218975,0.032135231,0.526365816,0.038678466
mycobacterium_rifampin_pointfinder_train,LogReg (L1),209,"[{'clf__C': 10}, {'clf__C': 1}, {'clf__C': 10}, {'clf__C': 1}, {'clf__C': 10}]","[0.5259579212284251, 0.36725114803433495, 0.6937229509137678, 0.48708577224213373, 0.7426448842363722]",0.525957921,68.8,3.249615362,2.2,0.979795897,79,1.095445115,10.2,3.249615362,0.93307853,0.01866332,0.922546584,0.021951319,0.921892902,0.022139545,0.870886076,0.041134372,0.870886076,0.041134372,0.972899729,0.012109131,0.916879121,0.024268533,0.849750232,0.041972467,0.563332535,0.137704699
mycobacterium_rifampin_pointfinder_train,SGD Logistic,209,"[{'clf__alpha': 0.001}, {'clf__alpha': 0.001}, {'clf__alpha': 0.001}, {'clf__alpha': 0.001}, {'clf__alpha': 0.001}]","[0.5357034533068668, 0.43025563162772185, 0.43420527489341026, 0.4474294855207049, 0.49685144965788786]",0.447429486,68.8,2.561249695,2.4,1.624807681,78.8,1.6,10.2,2.561249695,0.941011743,0.024987052,0.921319876,0.016203053,0.92067339,0.016292086,0.870886076,0.032420882,0.870886076,0.032420882,0.970460705,0.020026783,0.915895459,0.018025446,0.847204726,0.031299206,0.468889059,0.040992874
mycobacterium_rifampin_pointfinder_train,Linear SVM,209,"[{'clf__C': 0.1}, {'clf__C': 1}, {'clf__C': 1}, {'clf__C': 1}, {'clf__C': 1}]","[-0.08517493816634847, -0.05253408159875361, -0.2180888172381774, -0.09524811204775685, -0.04276052920855189]",-0.085174938,68.8,2.039607805,2.8,1.720465053,78.4,1.743559577,10.2,2.039607805,0.947670177,0.023709509,0.91882764,0.018195071,0.918204254,0.018197847,0.870886076,0.02581782,0.870886076,0.02581782,0.965522433,0.021230574,0.913606041,0.01949897,0.841431826,0.036475193,-0.098761296,0.062783804
mycobacterium_rifampin_pointfinder_train,Decision Tree,209,"[{'clf__max_depth': 10, 'clf__min_samples_leaf': 2, 'clf__min_samples_split': 10}, {'clf__max_depth': 5, 'clf__min_samples_leaf': 1, 'clf__min_samples_split': 2}, {'clf__max_depth': 3, 'clf__min_samples_leaf': 1, 'clf__min_samples_split': 2}, {'clf__max_depth': 5, 'clf__min_samples_leaf': 1, 'clf__min_samples_split': 2}, {'clf__max_depth': None, 'clf__min_samples_leaf': 2, 'clf__min_samples_split': 5}]","[0.6067415730337078, 0.8599867285998674, 0.89118102114492, 0.7552204176334106, 0.671850699844479]",0.755220418,67.6,3.440930107,1.6,1.019803903,79.6,1.019803903,11.4,3.440930107,0.921323073,0.019181396,0.918804348,0.020638869,0.918001669,0.02085528,0.855696203,0.043556077,0.855696203,0.043556077,0.980307136,0.012567105,0.911743199,0.023565184,0.844558495,0.038270694,0.756996088,0.108112883
mycobacterium_rifampin_pointfinder_train,AdaBoost,209,"[{'clf__learning_rate': 1.0, 'clf__n_estimators': 200}, {'clf__learning_rate': 1.0, 'clf__n_estimators': 500}, {'clf__learning_rate': 1.0, 'clf__n_estimators': 500}, {'clf__learning_rate': 1.0, 'clf__n_estimators': 500}, {'clf__learning_rate': 0.5, 'clf__n_estimators': 500}]","[0.5050140906815381, 0.49414029523635106, 0.4914212579072115, 0.5042253189377671, 0.48275680980674873]",0.494140295,67.8,2.315167381,2,1.673320053,79.2,1.833030278,11.2,2.315167381,0.937996409,0.023469069,0.917562112,0.020023179,0.916783301,0.020013112,0.858227848,0.029305916,0.858227848,0.029305916,0.975338753,0.020676347,0.911151299,0.021688817,0.840818497,0.03948313,0.495511555,0.008336933
mycobacterium_rifampin_pointfinder_train,Balanced Random Forest,209,"[{'clf__max_depth': 20, 'clf__min_samples_leaf': 1, 'clf__min_samples_split': 2, 'clf__n_estimators': 500}, {'clf__max_depth': 20, 'clf__min_samples_leaf': 1, 'clf__min_samples_split': 5, 'clf__n_estimators': 500}, {'clf__max_depth': 20, 'clf__min_samples_leaf': 1, 'clf__min_samples_split': 10, 'clf__n_estimators': 500}, {'clf__max_depth': 10, 'clf__min_samples_leaf': 2, 'clf__min_samples_split': 10, 'clf__n_estimators': 200}, {'clf__max_depth': 20, 'clf__min_samples_leaf': 1, 'clf__min_samples_split': 10, 'clf__n_estimators': 500}]","[0.4791053524219845, 0.3811067805774013, 0.44210436486022026, 0.5111237784126649, 0.4893309193619556]",0.479105352,68.8,2.4,3.2,1.469693846,78,1.549193338,10.2,2.4,0.946078465,0.026653244,0.916343168,0.019246172,0.915735119,0.019319079,0.870886076,0.030379747,0.870886076,0.030379747,0.960584161,0.018157556,0.911071528,0.021079999,0.836036829,0.037457974,0.460554239,0.045567128
mycobacterium_rifampin_pointfinder_train,Extra Trees,209,"[{'clf__max_depth': None, 'clf__min_samples_leaf': 1, 'clf__min_samples_split': 2, 'clf__n_estimators': 200}, {'clf__max_depth': 20, 'clf__min_samples_leaf': 1, 'clf__min_samples_split': 5, 'clf__n_estimators': 200}, {'clf__max_depth': 20, 'clf__min_samples_leaf': 1, 'clf__min_samples_split': 10, 'clf__n_estimators': 500}, {'clf__max_depth': 5, 'clf__min_samples_leaf': 1, 'clf__min_samples_split': 2, 'clf__n_estimators': 500}, {'clf__max_depth': 20, 'clf__min_samples_leaf': 1, 'clf__min_samples_split': 10, 'clf__n_estimators': 200}]","[0.575, 0.39196585557067054, 0.4617431746492123, 0.46243050655880447, 0.5260626294148744]",0.462430507,69,2.28035085,3.6,2.416609195,77.6,2.416609195,10,2.28035085,0.942928964,0.021960114,0.915100932,0.022238429,0.914546861,0.022221976,0.873417722,0.028865201,0.873417722,0.028865201,0.955676001,0.029815712,0.910272984,0.023332204,0.833282006,0.044391955,0.483440433,0.062417293
mycobacterium_rifampin_pointfinder_train,Random Forest,209,"[{'clf__max_depth': 20, 'clf__min_samples_leaf': 1, 'clf__min_samples_split': 2, 'clf__n_estimators': 200}, {'clf__max_depth': 20, 'clf__min_samples_leaf': 1, 'clf__min_samples_split': 5, 'clf__n_estimators': 200}, {'clf__max_depth': 20, 'clf__min_samples_leaf': 1, 'clf__min_samples_split': 5, 'clf__n_estimators': 500}, {'clf__max_depth': None, 'clf__min_samples_leaf': 2, 'clf__min_samples_split': 10, 'clf__n_estimators': 200}, {'clf__max_depth': 20, 'clf__min_samples_leaf': 1, 'clf__min_samples_split': 10, 'clf__n_estimators': 500}]","[0.5095412345933746, 0.42438495303227824, 0.33528793642172317, 0.45626823631587954, 0.46797418686737946]",0.456268236,69.2,1.326649916,4,3.405877273,77.2,3.544009029,9.8,1.326649916,0.946894522,0.025030012,0.913843168,0.025475596,0.913313437,0.025262576,0.875949367,0.016793037,0.875949367,0.016793037,0.950677507,0.042083389,0.909707366,0.025106149,0.83043232,0.052406035,0.438691309,0.05845182
mycobacterium_rifampin_pointfinder_train,BernoulliNB,209,"[{'clf__alpha': 1.0, 'clf__binarize': None}, {'clf__alpha': 0.1, 'clf__binarize': None}, {'clf__alpha': 0.01, 'clf__binarize': None}, {'clf__alpha': 1.0, 'clf__binarize': None}, {'clf__alpha': 0.1, 'clf__binarize': None}]","[0.44365116696882895, 0.6336629899687077, 0.7560308765162936, 0.3076386008087548, 0.5809239204492864]",0.58092392,68.4,2.416609195,4.2,2.561249695,77,2.75680975,10.6,2.416609195,0.938759295,0.025150435,0.907585404,0.02188803,0.907015578,0.021816361,0.865822785,0.03058999,0.865822785,0.03058999,0.948208371,0.031672282,0.902342222,0.023053517,0.818362886,0.043534199,0.544381511,0.155110149
mycobacterium_rifampin_pointfinder_train,HistGB,209,"[{'clf__l2_regularization': 0.0, 'clf__learning_rate': 0.1, 'clf__max_depth': 6, 'clf__max_leaf_nodes': 31, 'clf__min_samples_leaf': 10}, {'clf__l2_regularization': 1.0, 'clf__learning_rate': 0.05, 'clf__max_depth': 3, 'clf__max_leaf_nodes': 31, 'clf__min_samples_leaf': 10}, {'clf__l2_regularization': 0.0, 'clf__learning_rate': 0.05, 'clf__max_depth': 3, 'clf__max_leaf_nodes': 31, 'clf__min_samples_leaf': 10}, {'clf__l2_regularization': 1.0, 'clf__learning_rate': 0.1, 'clf__max_depth': 6, 'clf__max_leaf_nodes': 31, 'clf__min_samples_leaf': 10}, {'clf__l2_regularization': 0.0, 'clf__learning_rate': 0.1, 'clf__max_depth': 3, 'clf__max_leaf_nodes': 31, 'clf__min_samples_leaf': 10}]","[0.5470155747488675, 0.40724510584480517, 0.5646030657268983, 0.6812135329694972, 0.7204883273634697]",0.564603066,66.4,3.006659276,2.6,1.356465997,78.6,1.356465997,12.6,3.006659276,0.933066714,0.023508304,0.905085404,0.018828512,0.904248949,0.018964074,0.840506329,0.038058978,0.840506329,0.038058978,0.967991569,0.016720811,0.896908169,0.021894357,0.816968219,0.035093399,0.584113121,0.110513214
mycobacterium_rifampin_pointfinder_train,KNN,209,"[{'clf__n_neighbors': 1, 'clf__p': 1, 'clf__weights': 'uniform'}, {'clf__n_neighbors': 1, 'clf__p': 1, 'clf__weights': 'uniform'}, {'clf__n_neighbors': 3, 'clf__p': 1, 'clf__weights': 'distance'}, {'clf__n_neighbors': 11, 'clf__p': 1, 'clf__weights': 'uniform'}, {'clf__n_neighbors': 5, 'clf__p': 1, 'clf__weights': 'distance'}]","[1.0, 1.0, 0.22580645161290325, 0.36363636363636365, 0.43749999999999994]",0.4375,66.8,2.481934729,8,2.607680962,73.2,2.4,12.2,2.481934729,0.899384241,0.026163631,0.87390528,0.006163168,0.873567707,0.00614192,0.84556962,0.031416895,0.84556962,0.031416895,0.901565793,0.031817149,0.868549293,0.007178854,0.750143379,0.013334143,0.605388563,0.329287002
mycobacterium_rifampin_pointfinder+cdhit_train,RBF SVM,211,"[{'clf__C': 100, 'clf__gamma': 'auto'}, {'clf__C': 1, 'clf__gamma': 'scale'}, {'clf__C': 100, 'clf__gamma': 'auto'}, {'clf__C': 100, 'clf__gamma': 'auto'}, {'clf__C': 10, 'clf__gamma': 0.1}]","[0.6133649637206626, 0.41949973019873327, 0.5444364576676952, 0.3580234715821677, 0.7287397333071964]",0.544436458,70,2.898275349,2.8,1.166190379,78.4,1.356465997,9,2.898275349,0.944934041,0.021949887,0.926296584,0.021145591,0.925784135,0.021284325,0.886075949,0.03668703,0.886075949,0.03668703,0.965492322,0.014439168,0.921934716,0.023095271,0.855465413,0.04088677,0.532812871,0.132967879
mycobacterium_rifampin_pointfinder+cdhit_train,Gradient Boosting,211,"[{'clf__learning_rate': 0.2, 'clf__max_depth': 1, 'clf__n_estimators': 500}, {'clf__learning_rate': 0.1, 'clf__max_depth': 2, 'clf__n_estimators': 200}, {'clf__learning_rate': 0.01, 'clf__max_depth': 3, 'clf__n_estimators': 500}, {'clf__learning_rate': 0.1, 'clf__max_depth': 1, 'clf__n_estimators': 200}, {'clf__learning_rate': 0.05, 'clf__max_depth': 3, 'clf__n_estimators': 200}]","[0.6374690172837644, 0.2980825948560316, 0.5942932431501925, 0.8188081853196146, 0.8460692009481804]",0.637469017,68.6,4.176122604,1.6,1.019803903,79.6,1.019803903,10.4,4.176122604,0.935597216,0.026603211,0.92503882,0.027162065,0.924330783,0.027448343,0.86835443,0.052862311,0.86835443,0.052862311,0.980307136,0.012567105,0.918787274,0.03054953,0.856059498,0.051224648,0.638944448,0.196689775
mycobacterium_rifampin_pointfinder+cdhit_train,LogReg (L2),211,"[{'clf__C': 1}, {'clf__C': 10}, {'clf__C': 10}, {'clf__C': 10}, {'clf__C': 10}]","[0.5155764687453448, 0.48418075135582184, 0.5416803834239617, 0.4924362642606901, 0.5928991495575203]",0.515576469,69,2,2.4,1.624807681,78.8,1.6,10,2,0.947169337,0.024729981,0.92257764,0.016178019,0.921939213,0.016193022,0.873417722,0.025316456,0.873417722,0.025316456,0.970460705,0.020026783,0.917469142,0.01746237,0.849218975,0.032135231,0.525354603,0.039251272
mycobacterium_rifampin_pointfinder+cdhit_train,LogReg (L1),211,"[{'clf__C': 10}, {'clf__C': 1}, {'clf__C': 10}, {'clf__C': 1}, {'clf__C': 10}]","[0.5261590352802906, 0.3671348951902369, 0.6935632470622664, 0.4870828068112073, 0.7411823987239164]",0.526159035,68.8,3.249615362,2.2,0.979795897,79,1.095445115,10.2,3.249615362,0.931484531,0.020302186,0.922546584,0.021951319,0.921892902,0.022139545,0.870886076,0.041134372,0.870886076,0.041134372,0.972899729,0.012109131,0.916879121,0.024268533,0.849750232,0.041972467,0.563024477,0.137316818
mycobacterium_rifampin_pointfinder+cdhit_train,SGD Logistic,211,"[{'clf__alpha': 0.001}, {'clf__alpha': 0.001}, {'clf__alpha': 0.001}, {'clf__alpha': 0.001}, {'clf__alpha': 0.0001}]","[0.5168529024217465, 0.44449799366567766, 0.5011185178615685, 0.3411027417377368, 0.6790462319110606]",0.501118518,69,2.607680962,2.6,1.959591794,78.6,1.959591794,10,2.607680962,0.940729306,0.024797741,0.921319876,0.016203053,0.920704645,0.016263734,0.873417722,0.03300862,0.873417722,0.03300862,0.967991569,0.02417472,0.916148463,0.017835965,0.847012122,0.031505728,0.496523678,0.110101055
mycobacterium_rifampin_pointfinder+cdhit_train,Linear SVM,211,"[{'clf__C': 0.1}, {'clf__C': 1}, {'clf__C': 1}, {'clf__C': 1}, {'clf__C': 1}]","[-0.08632948785928568, -0.05192654657153484, -0.21791531418961774, -0.0969935079851959, -0.042572731130763375]",-0.086329488,69,2.366431913,2.8,1.720465053,78.4,1.743559577,10,2.366431913,0.947670177,0.023709509,0.920069876,0.019610931,0.919470077,0.019651377,0.873417722,0.029954834,0.873417722,0.029954834,0.965522433,0.021230574,0.91498015,0.021136137,0.843831231,0.039022195,-0.099147518,0.062777795
mycobacterium_rifampin_pointfinder+cdhit_train,AdaBoost,211,"[{'clf__learning_rate': 1.0, 'clf__n_estimators': 200}, {'clf__learning_rate': 1.0, 'clf__n_estimators': 500}, {'clf__learning_rate': 1.0, 'clf__n_estimators': 500}, {'clf__learning_rate': 1.0, 'clf__n_estimators': 500}, {'clf__learning_rate': 0.5, 'clf__n_estimators': 500}]","[0.5050140906815381, 0.49414029523635106, 0.4914161188283337, 0.5042253189377671, 0.48275680980674873]",0.494140295,67.8,2.315167381,2,1.673320053,79.2,1.833030278,11.2,2.315167381,0.937965155,0.023493851,0.917562112,0.020023179,0.916783301,0.020013112,0.858227848,0.029305916,0.858227848,0.029305916,0.975338753,0.020676347,0.911151299,0.021688817,0.840818497,0.03948313,0.495510527,0.008337438
mycobacterium_rifampin_pointfinder+cdhit_train,Balanced Random Forest,211,"[{'clf__max_depth': 20, 'clf__min_samples_leaf': 1, 'clf__min_samples_split': 10, 'clf__n_estimators': 200}, {'clf__max_depth': None, 'clf__min_samples_leaf': 1, 'clf__min_samples_split': 5, 'clf__n_estimators': 500}, {'clf__max_depth': 20, 'clf__min_samples_leaf': 1, 'clf__min_samples_split': 10, 'clf__n_estimators': 500}, {'clf__max_depth': 10, 'clf__min_samples_leaf': 1, 'clf__min_samples_split': 2, 'clf__n_estimators': 200}, {'clf__max_depth': 20, 'clf__min_samples_leaf': 1, 'clf__min_samples_split': 5, 'clf__n_estimators': 200}]","[0.54252598051283, 0.3735455501727753, 0.44750122136815496, 0.45175154979439536, 0.4821317054811363]",0.45175155,68.4,1.854723699,3,2.097617696,78.2,2.227105745,10.6,1.854723699,0.948236958,0.027523089,0.915093168,0.01842276,0.914422985,0.01836613,0.865822785,0.023477515,0.865822785,0.023477515,0.963023186,0.025925489,0.909582761,0.019350283,0.834183127,0.036981499,0.459491201,0.054768027
mycobacterium_rifampin_pointfinder+cdhit_train,Random Forest,211,"[{'clf__max_depth': 20, 'clf__min_samples_leaf': 1, 'clf__min_samples_split': 2, 'clf__n_estimators': 500}, {'clf__max_depth': 20, 'clf__min_samples_leaf': 1, 'clf__min_samples_split': 5, 'clf__n_estimators': 200}, {'clf__max_depth': 20, 'clf__min_samples_leaf': 1, 'clf__min_samples_split': 10, 'clf__n_estimators': 200}, {'clf__max_depth': None, 'clf__min_samples_leaf': 2, 'clf__min_samples_split': 10, 'clf__n_estimators': 500}, {'clf__max_depth': 20, 'clf__min_samples_leaf': 1, 'clf__min_samples_split': 10, 'clf__n_estimators': 500}]","[0.5215091999253466, 0.43112874354965947, 0.4834932253691228, 0.46298436629622725, 0.45646908644325923]",0.462984366,68.6,2.059126028,3.6,2.870540019,77.6,3.006659276,10.4,2.059126028,0.946361665,0.026015152,0.912600932,0.019797156,0.911985104,0.019679957,0.86835443,0.026064886,0.86835443,0.026064886,0.955615778,0.035472522,0.907510957,0.020064054,0.828977664,0.0401183,0.471116924,0.030240061
mycobacterium_rifampin_pointfinder+cdhit_train,Decision Tree,211,"[{'clf__max_depth': 10, 'clf__min_samples_leaf': 1, 'clf__min_samples_split': 5}, {'clf__max_depth': 3, 'clf__min_samples_leaf': 1, 'clf__min_samples_split': 2}, {'clf__max_depth': 10, 'clf__min_samples_leaf': 1, 'clf__min_samples_split': 2}, {'clf__max_depth': 10, 'clf__min_samples_leaf': 2, 'clf__min_samples_split': 2}, {'clf__max_depth': 10, 'clf__min_samples_leaf': 2, 'clf__min_samples_split': 2}]","[0.6728971962616822, 0.8044485634847081, 0.671850699844479, 0.5058548009367682, 0.5081967213114754]",0.6718507,68.2,2.638181192,3.2,2.712931993,78,2.828427125,10.8,2.638181192,0.917897995,0.019328247,0.912562112,0.022114448,0.911922595,0.022057064,0.863291139,0.033394699,0.863291139,0.033394699,0.96055405,0.033519831,0.906864721,0.022999686,0.829734468,0.044515965,0.632649596,0.1133463
mycobacterium_rifampin_pointfinder+cdhit_train,Extra Trees,211,"[{'clf__max_depth': None, 'clf__min_samples_leaf': 1, 'clf__min_samples_split': 2, 'clf__n_estimators': 200}, {'clf__max_depth': None, 'clf__min_samples_leaf': 1, 'clf__min_samples_split': 10, 'clf__n_estimators': 500}, {'clf__max_depth': 20, 'clf__min_samples_leaf': 1, 'clf__min_samples_split': 10, 'clf__n_estimators': 200}, {'clf__max_depth': None, 'clf__min_samples_leaf': 5, 'clf__min_samples_split': 2, 'clf__n_estimators': 200}, {'clf__max_depth': 20, 'clf__min_samples_leaf': 1, 'clf__min_samples_split': 5, 'clf__n_estimators': 500}]","[0.415, 0.40584134615384476, 0.4645014284107505, 0.4548204381801893, 0.5263546550189505]",0.454820438,69.4,2.576819745,4.6,2.870540019,76.6,2.870540019,9.6,2.576819745,0.945177028,0.024688352,0.911335404,0.021146993,0.910920723,0.02110733,0.878481013,0.032617971,0.878481013,0.032617971,0.943360434,0.03541906,0.90717405,0.021558485,0.825313237,0.042065871,0.453303574,0.042857858
mycobacterium_rifampin_pointfinder+cdhit_train,BernoulliNB,211,"[{'clf__alpha': 1.0, 'clf__binarize': None}, {'clf__alpha': 0.1, 'clf__binarize': None}, {'clf__alpha': 0.01, 'clf__binarize': None}, {'clf__alpha': 1.0, 'clf__binarize': None}, {'clf__alpha': 0.1, 'clf__binarize': None}]","[0.4435977637214089, 0.6336558683330578, 0.7560304718682864, 0.30758355486897265, 0.580916451628449]",0.580916452,68.4,2.416609195,4.2,2.561249695,77,2.75680975,10.6,2.416609195,0.938759295,0.025150435,0.907585404,0.02188803,0.907015578,0.021816361,0.865822785,0.03058999,0.865822785,0.03058999,0.948208371,0.031672282,0.902342222,0.023053517,0.818362886,0.043534199,0.544356822,0.155132607
mycobacterium_rifampin_pointfinder+cdhit_train,HistGB,211,"[{'clf__l2_regularization': 0.0, 'clf__learning_rate': 0.1, 'clf__max_depth': 6, 'clf__max_leaf_nodes': 31, 'clf__min_samples_leaf': 10}, {'clf__l2_regularization': 1.0, 'clf__learning_rate': 0.05, 'clf__max_depth': 3, 'clf__max_leaf_nodes': 31, 'clf__min_samples_leaf': 10}, {'clf__l2_regularization': 0.0, 'clf__learning_rate': 0.05, 'clf__max_depth': 3, 'clf__max_leaf_nodes': 31, 'clf__min_samples_leaf': 10}, {'clf__l2_regularization': 1.0, 'clf__learning_rate': 0.1, 'clf__max_depth': 6, 'clf__max_leaf_nodes': 31, 'clf__min_samples_leaf': 10}, {'clf__l2_regularization': 0.0, 'clf__learning_rate': 0.1, 'clf__max_depth': 3, 'clf__max_leaf_nodes': 31, 'clf__min_samples_leaf': 10}]","[0.5470155747488675, 0.40724510584480517, 0.5646030657268983, 0.6812135329694972, 0.7204883273634697]",0.564603066,66.4,3.006659276,2.6,1.356465997,78.6,1.356465997,12.6,3.006659276,0.933066714,0.023508304,0.905085404,0.018828512,0.904248949,0.018964074,0.840506329,0.038058978,0.840506329,0.038058978,0.967991569,0.016720811,0.896908169,0.021894357,0.816968219,0.035093399,0.584113121,0.110513214
mycobacterium_rifampin_pointfinder+cdhit_train,KNN,211,"[{'clf__n_neighbors': 1, 'clf__p': 1, 'clf__weights': 'uniform'}, {'clf__n_neighbors': 1, 'clf__p': 1, 'clf__weights': 'uniform'}, {'clf__n_neighbors': 3, 'clf__p': 1, 'clf__weights': 'distance'}, {'clf__n_neighbors': 11, 'clf__p': 1, 'clf__weights': 'uniform'}, {'clf__n_neighbors': 5, 'clf__p': 1, 'clf__weights': 'distance'}]","[1.0, 1.0, 0.22580645161290325, 0.36363636363636365, 0.43749999999999994]",0.4375,66.8,2.481934729,8,2.607680962,73.2,2.4,12.2,2.481934729,0.899384241,0.026163631,0.87390528,0.006163168,0.873567707,0.00614192,0.84556962,0.031416895,0.84556962,0.031416895,0.901565793,0.031817149,0.868549293,0.007178854,0.750143379,0.013334143,0.605388563,0.329287002
mycobacterium_rifampin_pointfinder+cdhit+phenotypeseeker_train,Gradient Boosting,1211,"[{'clf__learning_rate': 0.05, 'clf__max_depth': 1, 'clf__n_estimators': 500}, {'clf__learning_rate': 0.2, 'clf__max_depth': 1, 'clf__n_estimators': 500}, {'clf__learning_rate': 0.05, 'clf__max_depth': 3, 'clf__n_estimators': 200}, {'clf__learning_rate': 0.1, 'clf__max_depth': 1, 'clf__n_estimators': 200}, {'clf__learning_rate': 0.1, 'clf__max_depth': 3, 'clf__n_estimators': 100}]","[0.6287656358737455, 0.50654897725254, 0.7298636883573485, 0.828682161877817, 0.550141049235441]",0.628765636,68.6,3.720215048,2,1.095445115,79.2,1.166190379,10.4,3.720215048,0.929435811,0.026881415,0.922546584,0.025260847,0.921861648,0.025484278,0.86835443,0.04709133,0.86835443,0.04709133,0.975368865,0.01352455,0.916505738,0.02840094,0.850325402,0.047954003,0.648800303,0.117727848
mycobacterium_rifampin_pointfinder+cdhit+phenotypeseeker_train,AdaBoost,1211,"[{'clf__learning_rate': 1.0, 'clf__n_estimators': 500}, {'clf__learning_rate': 0.5, 'clf__n_estimators': 500}, {'clf__learning_rate': 0.5, 'clf__n_estimators': 500}, {'clf__learning_rate': 0.5, 'clf__n_estimators': 500}, {'clf__learning_rate': 1.0, 'clf__n_estimators': 200}]","[0.49875431569688, 0.49221979103436736, 0.5325984852699119, 0.5176940069435817, 0.5036550405183996]",0.503655041,67.2,3.919183588,1.6,1.019803903,79.6,1.019803903,11.8,3.919183588,0.93882333,0.027956997,0.916304348,0.023344906,0.915470024,0.023608161,0.850632911,0.049609919,0.850632911,0.049609919,0.980307136,0.012567105,0.908613309,0.027158161,0.840225579,0.042671219,0.508984328,0.014474744
mycobacterium_rifampin_pointfinder+cdhit+phenotypeseeker_train,Decision Tree,1211,"[{'clf__max_depth': 5, 'clf__min_samples_leaf': 2, 'clf__min_samples_split': 20}, {'clf__max_depth': 3, 'clf__min_samples_leaf': 1, 'clf__min_samples_split': 2}, {'clf__max_depth': 3, 'clf__min_samples_leaf': 1, 'clf__min_samples_split': 2}, {'clf__max_depth': 3, 'clf__min_samples_leaf': 1, 'clf__min_samples_split': 2}, {'clf__max_depth': 10, 'clf__min_samples_leaf': 1, 'clf__min_samples_split': 2}]","[0.5058548009367682, 0.9750502542272673, 0.89118102114492, 0.9756744293290293, 0.5070093457943925]",0.891181021,66.8,3.18747549,1.4,1.019803903,79.8,1.166190379,12.2,3.18747549,0.916889262,0.01570844,0.915069876,0.022311149,0.914157891,0.022444345,0.84556962,0.040347791,0.84556962,0.040347791,0.982746161,0.012602121,0.907149781,0.02571851,0.837981397,0.041737791,0.77095397,0.218158033
mycobacterium_rifampin_pointfinder+cdhit+phenotypeseeker_train,LogReg (L1),1211,"[{'clf__C': 1}, {'clf__C': 1}, {'clf__C': 1}, {'clf__C': 1}, {'clf__C': 1}]","[0.5855626055594612, 0.7735204901640295, 0.5252695662035786, 0.6392268748338381, 0.32644233299399494]",0.585562606,66.6,2.416609195,2.6,2.059126028,78.6,2.244994432,12.4,2.416609195,0.93741362,0.02260447,0.906319876,0.021041868,0.90548466,0.020985502,0.843037975,0.03058999,0.843037975,0.03058999,0.967931346,0.025444767,0.898671659,0.022707848,0.819066295,0.041914243,0.570004374,0.146817093
mycobacterium_rifampin_pointfinder+cdhit+phenotypeseeker_train,Linear SVM,1211,"[{'clf__C': 0.01}, {'clf__C': 0.01}, {'clf__C': 0.1}, {'clf__C': 0.1}, {'clf__C': 0.1}]","[0.074803847638749, -0.11713378293732456, 0.05930253163025467, 0.06205638352231074, 0.003960055990994743]",0.059302532,66,2.607680962,2.8,1.166190379,78.4,1.496662955,13,2.607680962,0.930576043,0.018917998,0.901374224,0.018279118,0.900452624,0.018433539,0.835443038,0.03300862,0.835443038,0.03300862,0.96546221,0.014443939,0.892810483,0.021332663,0.809359285,0.034688503,0.016597807,0.071164555
mycobacterium_rifampin_pointfinder+cdhit+phenotypeseeker_train,Random Forest,1211,"[{'clf__max_depth': 10, 'clf__min_samples_leaf': 1, 'clf__min_samples_split': 10, 'clf__n_estimators': 200}, {'clf__max_depth': None, 'clf__min_samples_leaf': 1, 'clf__min_samples_split': 10, 'clf__n_estimators': 200}, {'clf__max_depth': 20, 'clf__min_samples_leaf': 1, 'clf__min_samples_split': 10, 'clf__n_estimators': 200}, {'clf__max_depth': 10, 'clf__min_samples_leaf': 1, 'clf__min_samples_split': 2, 'clf__n_estimators': 200}, {'clf__max_depth': None, 'clf__min_samples_leaf': 1, 'clf__min_samples_split': 5, 'clf__n_estimators': 500}]","[0.48228796907377003, 0.5026115446653526, 0.44163422786534035, 0.39232722281928356, 0.5059589898266404]",0.482287969,67.8,1.469693846,5,3.898717738,76.2,3.969886648,11.2,1.469693846,0.921494212,0.02520408,0.89886646,0.024211075,0.898309949,0.023934294,0.858227848,0.01860372,0.858227848,0.01860372,0.938392051,0.048163804,0.893742056,0.023082078,0.801273801,0.050292265,0.464963991,0.042938156
mycobacterium_rifampin_pointfinder+cdhit+phenotypeseeker_train,Balanced Random Forest,1211,"[{'clf__max_depth': 10, 'clf__min_samples_leaf': 1, 'clf__min_samples_split': 10, 'clf__n_estimators': 500}, {'clf__max_depth': None, 'clf__min_samples_leaf': 1, 'clf__min_samples_split': 5, 'clf__n_estimators': 500}, {'clf__max_depth': None, 'clf__min_samples_leaf': 1, 'clf__min_samples_split': 10, 'clf__n_estimators': 200}, {'clf__max_depth': 10, 'clf__min_samples_leaf': 2, 'clf__min_samples_split': 10, 'clf__n_estimators': 500}, {'clf__max_depth': 20, 'clf__min_samples_leaf': 1, 'clf__min_samples_split': 10, 'clf__n_estimators': 200}]","[0.4670121162961892, 0.4937182539682541, 0.42803968253968266, 0.5057046888449096, 0.48758531746031736]",0.487585317,67,2.19089023,4.4,2.244994432,76.8,2.315167381,12,2.19089023,0.92814426,0.019107263,0.897608696,0.023322374,0.896950362,0.023290164,0.848101266,0.027732788,0.848101266,0.027732788,0.945799458,0.027738479,0.890943825,0.024626352,0.798938487,0.047265552,0.476412012,0.027242063
mycobacterium_rifampin_pointfinder+cdhit+phenotypeseeker_train,HistGB,1211,"[{'clf__l2_regularization': 0.0, 'clf__learning_rate': 0.1, 'clf__max_depth': 6, 'clf__max_leaf_nodes': 31, 'clf__min_samples_leaf': 50}, {'clf__l2_regularization': 1.0, 'clf__learning_rate': 0.05, 'clf__max_depth': 6, 'clf__max_leaf_nodes': 31, 'clf__min_samples_leaf': 10}, {'clf__l2_regularization': 1.0, 'clf__learning_rate': 0.1, 'clf__max_depth': 3, 'clf__max_leaf_nodes': 31, 'clf__min_samples_leaf': 50}, {'clf__l2_regularization': 0.0, 'clf__learning_rate': 0.05, 'clf__max_depth': 6, 'clf__max_leaf_nodes': 31, 'clf__min_samples_leaf': 10}, {'clf__l2_regularization': 0.0, 'clf__learning_rate': 0.05, 'clf__max_depth': 6, 'clf__max_leaf_nodes': 31, 'clf__min_samples_leaf': 10}]","[0.6114153826414782, 0.48267057130146374, 0.3473967244353472, 0.6545336232184559, 0.5310941894630244]",0.531094189,66.6,1.019803903,4,2.898275349,77.2,2.993325909,12.4,1.019803903,0.933008778,0.02150912,0.897608696,0.016207502,0.896872796,0.015928191,0.843037975,0.01290891,0.843037975,0.01290891,0.950707618,0.035812788,0.890639989,0.014941892,0.800246316,0.035321746,0.525422098,0.107347595
mycobacterium_rifampin_pointfinder+cdhit+phenotypeseeker_train,Extra Trees,1211,"[{'clf__max_depth': 10, 'clf__min_samples_leaf': 1, 'clf__min_samples_split': 10, 'clf__n_estimators': 500}, {'clf__max_depth': 20, 'clf__min_samples_leaf': 1, 'clf__min_samples_split': 10, 'clf__n_estimators': 500}, {'clf__max_depth': 10, 'clf__min_samples_leaf': 1, 'clf__min_samples_split': 10, 'clf__n_estimators': 500}, {'clf__max_depth': 10, 'clf__min_samples_leaf': 1, 'clf__min_samples_split': 5, 'clf__n_estimators': 200}, {'clf__max_depth': 10, 'clf__min_samples_leaf': 1, 'clf__min_samples_split': 10, 'clf__n_estimators': 500}]","[0.5095616022588868, 0.5045196631772023, 0.43281073944829257, 0.3959989319054001, 0.39421293239692506]",0.432810739,68.4,2.059126028,6.2,4.118252056,75,4.335896678,10.6,2.059126028,0.919897545,0.025324885,0.895100932,0.023288087,0.894669899,0.022952769,0.865822785,0.026064886,0.865822785,0.026064886,0.923517013,0.050904142,0.891026501,0.021564117,0.793093963,0.048061502,0.447420774,0.050617189
mycobacterium_rifampin_pointfinder+cdhit+phenotypeseeker_train,RBF SVM,1211,"[{'clf__C': 100, 'clf__gamma': 'auto'}, {'clf__C': 100, 'clf__gamma': 'auto'}, {'clf__C': 100, 'clf__gamma': 'auto'}, {'clf__C': 10, 'clf__gamma': 'scale'}, {'clf__C': 100, 'clf__gamma': 'auto'}]","[0.5587247002793398, 0.6559595508001628, 0.5, 0.6086542910388164, 0.3107106242119609]",0.5587247,66,2.683281573,4,2.449489743,77.2,2.561249695,13,2.683281573,0.931941348,0.017480697,0.893850932,0.022123796,0.893075328,0.022092196,0.835443038,0.03396559,0.835443038,0.03396559,0.950707618,0.030278009,0.885784687,0.024248396,0.793291716,0.044738201,0.526809833,0.119845199
mycobacterium_rifampin_pointfinder+cdhit+phenotypeseeker_train,LogReg (L2),1211,"[{'clf__C': 0.1}, {'clf__C': 0.1}, {'clf__C': 0.1}, {'clf__C': 1}, {'clf__C': 1}]","[0.5630808840501833, 0.5372846877227714, 0.4655097406271917, 0.5900903455381151, 0.4972180671670956]",0.537284688,65.6,1.2,4.2,2.712931993,77,2.966479395,13.4,1.2,0.928084038,0.020397147,0.890124224,0.019269048,0.889279003,0.019063651,0.830379747,0.015189873,0.830379747,0.015189873,0.94817826,0.03352854,0.881945008,0.019178034,0.785713212,0.041199603,0.530636745,0.044698731
mycobacterium_rifampin_pointfinder+cdhit+phenotypeseeker_train,SGD Logistic,1211,"[{'clf__alpha': 0.001}, {'clf__alpha': 0.01}, {'clf__alpha': 0.01}, {'clf__alpha': 0.0001}, {'clf__alpha': 0.01}]","[0.6579434997947227, 0.6748806259406466, 0.7335275097662651, 0.7342000160232166, 0.6441587690383389]",0.674880626,64,8.438009244,6.2,8.494704233,75,8.555699854,15,8.438009244,0.912452022,0.051060334,0.867585404,0.054500396,0.866851909,0.054483015,0.810126582,0.106810244,0.810126582,0.106810244,0.923577236,0.104904357,0.856104327,0.062747731,0.750646808,0.099669963,0.688942084,0.037948182
mycobacterium_rifampin_pointfinder+cdhit+phenotypeseeker_train,KNN,1211,"[{'clf__n_neighbors': 3, 'clf__p': 1, 'clf__weights': 'uniform'}, {'clf__n_neighbors': 9, 'clf__p': 1, 'clf__weights': 'distance'}, {'clf__n_neighbors': 7, 'clf__p': 1, 'clf__weights': 'distance'}, {'clf__n_neighbors': 3, 'clf__p': 1, 'clf__weights': 'uniform'}, {'clf__n_neighbors': 15, 'clf__p': 1, 'clf__weights': 'distance'}]","[0.6666666666666666, 0.4815422838732348, 0.4823994127311498, 0.6666666666666666, 0.524430887650024]",0.524430888,61,3.033150178,10.2,2.993325909,71,3.286335345,18,3.033150178,0.866173068,0.034097727,0.823959627,0.021870532,0.823203321,0.021836132,0.772151899,0.038394306,0.772151899,0.038394306,0.874254743,0.037209032,0.812048987,0.023764488,0.651751426,0.04459784,0.564341184,0.084975234
mycobacterium_rifampin_pointfinder+cdhit+phenotypeseeker_train,BernoulliNB,1211,"[{'clf__alpha': 0.01, 'clf__binarize': None}, {'clf__alpha': 0.01, 'clf__binarize': None}, {'clf__alpha': 0.01, 'clf__binarize': None}, {'clf__alpha': 0.01, 'clf__binarize': None}, {'clf__alpha': 0.01, 'clf__binarize': None}]","[0.9999994785969415, 0.9999999993825668, 0.9999999999834017, 0.9999999990990887, 0.9999999998298676]",0.999999999,62.8,3.059411708,37.6,4.176122604,43.6,4.270831301,16.2,3.059411708,0.683689144,0.021385942,0.664169255,0.025117822,0.665911594,0.024966271,0.794936709,0.03872673,0.794936709,0.03872673,0.53688648,0.052015929,0.700019787,0.021147915,0.344023437,0.050303922,0.999999895,2.08E-07
mycobacterium_rifampin_pointfinder+phenotypeseeker_train,Gradient Boosting,1209,"[{'clf__learning_rate': 0.05, 'clf__max_depth': 1, 'clf__n_estimators': 500}, {'clf__learning_rate': 0.2, 'clf__max_depth': 1, 'clf__n_estimators': 500}, {'clf__learning_rate': 0.05, 'clf__max_depth': 3, 'clf__n_estimators': 200}, {'clf__learning_rate': 0.05, 'clf__max_depth': 1, 'clf__n_estimators': 500}, {'clf__learning_rate': 0.05, 'clf__max_depth': 3, 'clf__n_estimators': 200}]","[0.628394303408573, 0.45861880722559406, 0.7302263331338146, 0.8569276531769485, 0.5530901137439372]",0.628394303,68.6,3.720215048,2.2,1.326649916,79,1.414213562,10.4,3.720215048,0.931232967,0.025306278,0.921296584,0.025570527,0.92062708,0.025780031,0.86835443,0.04709133,0.86835443,0.04709133,0.972899729,0.016387913,0.915303229,0.028612006,0.847648317,0.048792495,0.645451442,0.138301818
mycobacterium_rifampin_pointfinder+phenotypeseeker_train,AdaBoost,1209,"[{'clf__learning_rate': 1.0, 'clf__n_estimators': 500}, {'clf__learning_rate': 0.5, 'clf__n_estimators': 500}, {'clf__learning_rate': 0.5, 'clf__n_estimators': 500}, {'clf__learning_rate': 0.5, 'clf__n_estimators': 500}, {'clf__learning_rate': 1.0, 'clf__n_estimators': 200}]","[0.49875431569688, 0.49221979103436736, 0.5325984852699119, 0.5176940069435817, 0.5036550405183996]",0.503655041,67.2,3.919183588,1.6,1.019803903,79.6,1.019803903,11.8,3.919183588,0.93882333,0.027956997,0.916304348,0.023344906,0.915470024,0.023608161,0.850632911,0.049609919,0.850632911,0.049609919,0.980307136,0.012567105,0.908613309,0.027158161,0.840225579,0.042671219,0.508984328,0.014474744
mycobacterium_rifampin_pointfinder+phenotypeseeker_train,Decision Tree,1209,"[{'clf__max_depth': 10, 'clf__min_samples_leaf': 1, 'clf__min_samples_split': 20}, {'clf__max_depth': 3, 'clf__min_samples_leaf': 1, 'clf__min_samples_split': 2}, {'clf__max_depth': 3, 'clf__min_samples_leaf': 1, 'clf__min_samples_split': 2}, {'clf__max_depth': 3, 'clf__min_samples_leaf': 1, 'clf__min_samples_split': 2}, {'clf__max_depth': 10, 'clf__min_samples_leaf': 1, 'clf__min_samples_split': 2}]","[0.5058548009367682, 0.9750502542272673, 0.89118102114492, 0.9756744293290293, 0.5070093457943925]",0.891181021,67.2,3.969886648,1.6,1.019803903,79.6,1.019803903,11.8,3.969886648,0.918757123,0.020064344,0.916304348,0.0252732,0.915470024,0.025524607,0.850632911,0.05025173,0.850632911,0.05025173,0.980307136,0.012567105,0.908607589,0.029087601,0.840110638,0.047004683,0.77095397,0.218158033
mycobacterium_rifampin_pointfinder+phenotypeseeker_train,LogReg (L1),1209,"[{'clf__C': 1}, {'clf__C': 1}, {'clf__C': 1}, {'clf__C': 1}, {'clf__C': 1}]","[0.5867766474719458, 0.7732531342848039, 0.5292681135505402, 0.6646533028257139, 0.3265838059418573]",0.586776647,66.6,2.416609195,2.4,1.743559577,78.8,1.939071943,12.4,2.416609195,0.936867041,0.023025946,0.907569876,0.020048953,0.906719228,0.020021997,0.843037975,0.03058999,0.843037975,0.03058999,0.970400482,0.021549676,0.899839314,0.02193589,0.821731504,0.039505722,0.576107001,0.149182166
mycobacterium_rifampin_pointfinder+phenotypeseeker_train,Linear SVM,1209,"[{'clf__C': 0.01}, {'clf__C': 0.01}, {'clf__C': 0.1}, {'clf__C': 0.1}, {'clf__C': 0.1}]","[0.0747855794236222, -0.11735360436155669, 0.07029727474570648, 0.06954513439361515, -0.01777148784250404]",0.069545134,66,2.607680962,3,1.414213562,78.2,1.720465053,13,2.607680962,0.930701825,0.01873616,0.900124224,0.018115925,0.899218056,0.018247306,0.835443038,0.03300862,0.835443038,0.03300862,0.962993074,0.017502062,0.891625401,0.021025941,0.806688138,0.034634631,0.015900579,0.075092833
mycobacterium_rifampin_pointfinder+phenotypeseeker_train,HistGB,1209,"[{'clf__l2_regularization': 0.0, 'clf__learning_rate': 0.1, 'clf__max_depth': 6, 'clf__max_leaf_nodes': 31, 'clf__min_samples_leaf': 50}, {'clf__l2_regularization': 1.0, 'clf__learning_rate': 0.05, 'clf__max_depth': 6, 'clf__max_leaf_nodes': 31, 'clf__min_samples_leaf': 10}, {'clf__l2_regularization': 1.0, 'clf__learning_rate': 0.1, 'clf__max_depth': 3, 'clf__max_leaf_nodes': 31, 'clf__min_samples_leaf': 50}, {'clf__l2_regularization': 0.0, 'clf__learning_rate': 0.05, 'clf__max_depth': 6, 'clf__max_leaf_nodes': 31, 'clf__min_samples_leaf': 10}, {'clf__l2_regularization': 0.0, 'clf__learning_rate': 0.05, 'clf__max_depth': 6, 'clf__max_leaf_nodes': 31, 'clf__min_samples_leaf': 10}]","[0.6114153826414782, 0.48267057130146374, 0.3473967244353472, 0.6545336232184559, 0.5310941894630244]",0.531094189,66.6,1.019803903,4,2.898275349,77.2,2.993325909,12.4,1.019803903,0.933008778,0.02150912,0.897608696,0.016207502,0.896872796,0.015928191,0.843037975,0.01290891,0.843037975,0.01290891,0.950707618,0.035812788,0.890639989,0.014941892,0.800246316,0.035321746,0.525422098,0.107347595
mycobacterium_rifampin_pointfinder+phenotypeseeker_train,RBF SVM,1209,"[{'clf__C': 100, 'clf__gamma': 'auto'}, {'clf__C': 100, 'clf__gamma': 'auto'}, {'clf__C': 100, 'clf__gamma': 'auto'}, {'clf__C': 10, 'clf__gamma': 'scale'}, {'clf__C': 100, 'clf__gamma': 'auto'}]","[0.5532280766805524, 0.6747734412568476, 0.5336863527557368, 0.6237876064177976, 0.32341027137122774]",0.553228077,66.2,2.925747768,4,2.097617696,77.2,2.039607805,12.8,2.925747768,0.931816328,0.017509836,0.895108696,0.017520748,0.894371262,0.017609903,0.837974684,0.037034782,0.837974684,0.037034782,0.950767841,0.025826395,0.887125644,0.020216234,0.795844003,0.034518135,0.54177715,0.120245089
mycobacterium_rifampin_pointfinder+phenotypeseeker_train,Balanced Random Forest,1209,"[{'clf__max_depth': 10, 'clf__min_samples_leaf': 1, 'clf__min_samples_split': 10, 'clf__n_estimators': 500}, {'clf__max_depth': 20, 'clf__min_samples_leaf': 1, 'clf__min_samples_split': 10, 'clf__n_estimators': 500}, {'clf__max_depth': 20, 'clf__min_samples_leaf': 1, 'clf__min_samples_split': 5, 'clf__n_estimators': 200}, {'clf__max_depth': 10, 'clf__min_samples_leaf': 2, 'clf__min_samples_split': 10, 'clf__n_estimators': 500}, {'clf__max_depth': 20, 'clf__min_samples_leaf': 1, 'clf__min_samples_split': 5, 'clf__n_estimators': 200}]","[0.5027836591159582, 0.5136240548809656, 0.4736834733893558, 0.5074831258155184, 0.4570833333333333]",0.502783659,65.6,3.382306905,3.6,2.653299832,77.6,2.870540019,13.4,3.382306905,0.925813485,0.022904333,0.893850932,0.028318939,0.892982707,0.028324449,0.830379747,0.042814011,0.830379747,0.042814011,0.955585667,0.032786337,0.884994541,0.03155543,0.794269549,0.055861822,0.490931529,0.021783365
mycobacterium_rifampin_pointfinder+phenotypeseeker_train,LogReg (L2),1209,"[{'clf__C': 0.1}, {'clf__C': 0.1}, {'clf__C': 0.1}, {'clf__C': 1}, {'clf__C': 1}]","[0.5630381735354018, 0.5371924841664233, 0.47127194896589275, 0.5881267575886633, 0.4960577553270099]",0.537192484,65.6,1.2,4,2.529822128,77.2,2.785677655,13.4,1.2,0.928146928,0.020313406,0.891374224,0.018003073,0.890513571,0.017816548,0.830379747,0.015189873,0.830379747,0.015189873,0.950647395,0.031268117,0.88309291,0.018022619,0.788396881,0.038483088,0.531137424,0.042700267
mycobacterium_rifampin_pointfinder+phenotypeseeker_train,Extra Trees,1209,"[{'clf__max_depth': 10, 'clf__min_samples_leaf': 1, 'clf__min_samples_split': 5, 'clf__n_estimators': 200}, {'clf__max_depth': 20, 'clf__min_samples_leaf': 1, 'clf__min_samples_split': 10, 'clf__n_estimators': 200}, {'clf__max_depth': None, 'clf__min_samples_leaf': 2, 'clf__min_samples_split': 10, 'clf__n_estimators': 500}, {'clf__max_depth': 10, 'clf__min_samples_leaf': 2, 'clf__min_samples_split': 2, 'clf__n_estimators': 200}, {'clf__max_depth': 10, 'clf__min_samples_leaf': 1, 'clf__min_samples_split': 2, 'clf__n_estimators': 200}]","[0.47521499936340544, 0.5056323171968844, 0.5143646956600297, 0.5000831818323355, 0.46307611911795876]",0.500083182,66.6,3.440930107,5.4,2.576819745,75.8,2.785677655,12.4,3.440930107,0.919370024,0.021144794,0.888858696,0.029243979,0.888230821,0.029284554,0.843037975,0.043556077,0.843037975,0.043556077,0.933423668,0.031897126,0.881821431,0.031909158,0.781301709,0.058317983,0.491674263,0.019334705
mycobacterium_rifampin_pointfinder+phenotypeseeker_train,Random Forest,1209,"[{'clf__max_depth': None, 'clf__min_samples_leaf': 1, 'clf__min_samples_split': 10, 'clf__n_estimators': 200}, {'clf__max_depth': 10, 'clf__min_samples_leaf': 1, 'clf__min_samples_split': 2, 'clf__n_estimators': 200}, {'clf__max_depth': 20, 'clf__min_samples_leaf': 1, 'clf__min_samples_split': 5, 'clf__n_estimators': 200}, {'clf__max_depth': 20, 'clf__min_samples_leaf': 1, 'clf__min_samples_split': 10, 'clf__n_estimators': 500}, {'clf__max_depth': 20, 'clf__min_samples_leaf': 1, 'clf__min_samples_split': 10, 'clf__n_estimators': 500}]","[0.4709402890313333, 0.481729939278077, 0.4459933789149567, 0.45458190739375404, 0.40808030326014205]",0.454581907,67.4,2.8,6.4,2.653299832,74.8,2.785677655,11.6,2.8,0.924024333,0.023626239,0.887624224,0.02715773,0.887151384,0.027154161,0.853164557,0.035443038,0.853164557,0.035443038,0.921138211,0.032837513,0.882113199,0.028407035,0.777326695,0.0545463,0.452265164,0.025353255
mycobacterium_rifampin_pointfinder+phenotypeseeker_train,SGD Logistic,1209,"[{'clf__alpha': 0.01}, {'clf__alpha': 0.01}, {'clf__alpha': 0.001}, {'clf__alpha': 0.0001}, {'clf__alpha': 0.01}]","[0.4186737707201681, 0.6731987489920267, 0.7630374089793897, 3.3178389264826655e-14, 0.6433587574699171]",0.643358757,66.2,4.354308211,6.6,5.043808085,74.6,5.003998401,12.8,4.354308211,0.925927832,0.022778685,0.878858696,0.032613405,0.878367047,0.032541832,0.837974684,0.055117825,0.837974684,0.055117825,0.91875941,0.062204202,0.872144228,0.033333695,0.763693643,0.067125013,0.499653737,0.27435436
mycobacterium_rifampin_pointfinder+phenotypeseeker_train,KNN,1209,"[{'clf__n_neighbors': 3, 'clf__p': 1, 'clf__weights': 'uniform'}, {'clf__n_neighbors': 9, 'clf__p': 1, 'clf__weights': 'distance'}, {'clf__n_neighbors': 7, 'clf__p': 1, 'clf__weights': 'distance'}, {'clf__n_neighbors': 3, 'clf__p': 1, 'clf__weights': 'uniform'}, {'clf__n_neighbors': 15, 'clf__p': 1, 'clf__weights': 'distance'}]","[0.6666666666666666, 0.4815422838732348, 0.4823994127311498, 0.6666666666666666, 0.524430887650024]",0.524430888,61,3.033150178,10.2,2.993325909,71,3.286335345,18,3.033150178,0.866173068,0.034097727,0.823959627,0.021870532,0.823203321,0.021836132,0.772151899,0.038394306,0.772151899,0.038394306,0.874254743,0.037209032,0.812048987,0.023764488,0.651751426,0.04459784,0.564341184,0.084975234
mycobacterium_rifampin_pointfinder+phenotypeseeker_train,BernoulliNB,1209,"[{'clf__alpha': 0.01, 'clf__binarize': None}, {'clf__alpha': 0.01, 'clf__binarize': None}, {'clf__alpha': 0.01, 'clf__binarize': None}, {'clf__alpha': 0.01, 'clf__binarize': None}, {'clf__alpha': 0.01, 'clf__binarize': None}]","[0.9999994785983057, 0.9999999993825668, 0.9999999999834017, 0.9999999990990887, 0.9999999998298676]",0.999999999,62.8,3.059411708,37.6,4.176122604,43.6,4.270831301,16.2,3.059411708,0.683689144,0.021385942,0.664169255,0.025117822,0.665911594,0.024966271,0.794936709,0.03872673,0.794936709,0.03872673,0.53688648,0.052015929,0.700019787,0.021147915,0.344023437,0.050303922,0.999999895,2.08E-07
mycobacterium_rifampin_resfinder_train,Linear SVM,3,"[{'clf__C': 0.001}, {'clf__C': 0.001}, {'clf__C': 0.001}, {'clf__C': 0.001}, {'clf__C': 0.001}]","[-1.659724201608349e-15, -1.3908956337422104e-15, -1.3908956337422104e-15, -1.3908956337422104e-15, -1.3908956337422104e-15]",-1.39E-15,79,0,81.2,0.4,0,0,0,0,0.5,0,0.493136646,0.001226708,0.5,0,1,0,1,0,0,0,0.66053696,0.001101813,0,0,-1.44E-15,1.08E-16
mycobacterium_rifampin_resfinder_train,LogReg (L1),3,"[{'clf__C': 0.001}, {'clf__C': 0.001}, {'clf__C': 0.001}, {'clf__C': 0.001}, {'clf__C': 0.001}]","[0.5, 0.5, 0.5, 0.5, 0.5]",0.5,79,0,81.2,0.4,0,0,0,0,0.5,0,0.493136646,0.001226708,0.5,0,1,0,1,0,0,0,0.66053696,0.001101813,0,0,0.5,0
mycobacterium_rifampin_resfinder_train,SGD Logistic,3,"[{'clf__alpha': 1e-05}, {'clf__alpha': 1e-05}, {'clf__alpha': 1e-05}, {'clf__alpha': 1e-05}, {'clf__alpha': 1e-05}]","[0.014897310308224514, 0.019301402697022362, 0.019301402697022362, 0.019301402697022362, 0.019301402697022362]",0.019301403,79,0,81.2,0.4,0,0,0,0,0.5,0,0.493136646,0.001226708,0.5,0,1,0,1,0,0,0,0.66053696,0.001101813,0,0,0.018420584,0.001761637
mycobacterium_rifampin_resfinder_train,KNN,3,"[{'clf__n_neighbors': 1, 'clf__p': 1, 'clf__weights': 'uniform'}, {'clf__n_neighbors': 1, 'clf__p': 1, 'clf__weights': 'uniform'}, {'clf__n_neighbors': 1, 'clf__p': 1, 'clf__weights': 'uniform'}, {'clf__n_neighbors': 1, 'clf__p': 1, 'clf__weights': 'uniform'}, {'clf__n_neighbors': 1, 'clf__p': 1, 'clf__weights': 'uniform'}]","[0.0, 0.0, 0.0, 0.0, 0.0]",0,79,0,81.2,0.4,0,0,0,0,0.5,0,0.493136646,0.001226708,0.5,0,1,0,1,0,0,0,0.66053696,0.001101813,0,0,0,0
mycobacterium_rifampin_resfinder_train,Decision Tree,3,"[{'clf__max_depth': None, 'clf__min_samples_leaf': 1, 'clf__min_samples_split': 2}, {'clf__max_depth': None, 'clf__min_samples_leaf': 1, 'clf__min_samples_split': 2}, {'clf__max_depth': None, 'clf__min_samples_leaf': 1, 'clf__min_samples_split': 2}, {'clf__max_depth': None, 'clf__min_samples_leaf': 1, 'clf__min_samples_split': 2}, {'clf__max_depth': None, 'clf__min_samples_leaf': 1, 'clf__min_samples_split': 2}]","[0.5000000000000002, 0.5000000000000002, 0.5000000000000002, 0.5000000000000002, 0.5000000000000002]",0.5,79,0,81.2,0.4,0,0,0,0,0.5,0,0.493136646,0.001226708,0.5,0,1,0,1,0,0,0,0.66053696,0.001101813,0,0,0.5,0
mycobacterium_rifampin_resfinder_train,Balanced Random Forest,3,"[{'clf__max_depth': None, 'clf__min_samples_leaf': 1, 'clf__min_samples_split': 2, 'clf__n_estimators': 200}, {'clf__max_depth': None, 'clf__min_samples_leaf': 1, 'clf__min_samples_split': 2, 'clf__n_estimators': 200}, {'clf__max_depth': None, 'clf__min_samples_leaf': 1, 'clf__min_samples_split': 2, 'clf__n_estimators': 200}, {'clf__max_depth': None, 'clf__min_samples_leaf': 1, 'clf__min_samples_split': 2, 'clf__n_estimators': 200}, {'clf__max_depth': None, 'clf__min_samples_leaf': 1, 'clf__min_samples_split': 2, 'clf__n_estimators': 200}]","[0.5, 0.5, 0.5, 0.5, 0.5]",0.5,79,0,81.2,0.4,0,0,0,0,0.5,0,0.493136646,0.001226708,0.5,0,1,0,1,0,0,0,0.66053696,0.001101813,0,0,0.5,0
mycobacterium_rifampin_resfinder_train,Extra Trees,3,"[{'clf__max_depth': None, 'clf__min_samples_leaf': 1, 'clf__min_samples_split': 2, 'clf__n_estimators': 200}, {'clf__max_depth': None, 'clf__min_samples_leaf': 1, 'clf__min_samples_split': 2, 'clf__n_estimators': 200}, {'clf__max_depth': None, 'clf__min_samples_leaf': 1, 'clf__min_samples_split': 2, 'clf__n_estimators': 200}, {'clf__max_depth': None, 'clf__min_samples_leaf': 1, 'clf__min_samples_split': 2, 'clf__n_estimators': 200}, {'clf__max_depth': None, 'clf__min_samples_leaf': 1, 'clf__min_samples_split': 2, 'clf__n_estimators': 200}]","[0.5000000000000001, 0.5000000000000001, 0.5000000000000001, 0.5000000000000001, 0.5000000000000001]",0.5,79,0,81.2,0.4,0,0,0,0,0.5,0,0.493136646,0.001226708,0.5,0,1,0,1,0,0,0,0.66053696,0.001101813,0,0,0.5,0
mycobacterium_rifampin_resfinder_train,AdaBoost,3,"[{'clf__learning_rate': 0.01, 'clf__n_estimators': 50}, {'clf__learning_rate': 0.01, 'clf__n_estimators': 50}, {'clf__learning_rate': 0.01, 'clf__n_estimators': 50}, {'clf__learning_rate': 0.01, 'clf__n_estimators': 50}, {'clf__learning_rate': 0.01, 'clf__n_estimators': 50}]","[0.1192029220221175, 0.1192029220221175, 0.1192029220221175, 0.1192029220221175, 0.1192029220221175]",0.119202922,79,0,81.2,0.4,0,0,0,0,0.5,0,0.493136646,0.001226708,0.5,0,1,0,1,0,0,0,0.66053696,0.001101813,0,0,0.119202922,0
mycobacterium_rifampin_resfinder_train,RBF SVM,3,"[{'clf__C': 0.1, 'clf__gamma': 'scale'}, {'clf__C': 0.1, 'clf__gamma': 'scale'}, {'clf__C': 0.1, 'clf__gamma': 'scale'}, {'clf__C': 0.1, 'clf__gamma': 'scale'}, {'clf__C': 0.1, 'clf__gamma': 'scale'}]","[0.47677368094849937, 0.4651056624094186, 0.44174812452623125, 0.45737858990745933, 0.45738868923041565]",0.457388689,31.6,38.70193794,32.4,39.68173383,48.8,39.84670626,47.4,38.70193794,0.5,0,0.501863354,0.006718508,0.5,0,0.4,0.489897949,0.4,0.489897949,0.6,0.489897949,0.264435146,0.323865589,0,0,0.459678949,0.011434426
mycobacterium_rifampin_resfinder_train,LogReg (L2),3,"[{'clf__C': 0.001}, {'clf__C': 0.001}, {'clf__C': 0.001}, {'clf__C': 0.001}, {'clf__C': 0.001}]","[0.4999999999999998, 0.4999999999999998, 0.4999999999999998, 0.4999999999999998, 0.4999999999999998]",0.5,15.8,31.6,16.4,32.8,64.8,32.4,63.2,31.6,0.5,0,0.503136646,0.006226708,0.5,0,0.2,0.4,0.2,0.4,0.8,0.4,0.131666667,0.263333333,0,0,0.5,5.55E-17
mycobacterium_rifampin_resfinder_train,Random Forest,3,"[{'clf__max_depth': None, 'clf__min_samples_leaf': 1, 'clf__min_samples_split': 2, 'clf__n_estimators': 200}, {'clf__max_depth': None, 'clf__min_samples_leaf': 1, 'clf__min_samples_split': 2, 'clf__n_estimators': 200}, {'clf__max_depth': None, 'clf__min_samples_leaf': 1, 'clf__min_samples_split': 2, 'clf__n_estimators': 200}, {'clf__max_depth': None, 'clf__min_samples_leaf': 1, 'clf__min_samples_split': 2, 'clf__n_estimators': 200}, {'clf__max_depth': None, 'clf__min_samples_leaf': 1, 'clf__min_samples_split': 2, 'clf__n_estimators': 200}]","[0.4999277396990322, 0.4997381366764317, 0.4997381366764317, 0.4997381366764317, 0.4997381366764317]",0.499738137,0,0,0,0,81.2,0.4,79,0,0.5,0,0.506863354,0.001226708,0.5,0,0,0,0,0,1,0,0,0,0,0,0.499776057,7.58E-05
mycobacterium_rifampin_resfinder_train,Gradient Boosting,3,"[{'clf__learning_rate': 0.01, 'clf__max_depth': 1, 'clf__n_estimators': 100}, {'clf__learning_rate': 0.01, 'clf__max_depth': 1, 'clf__n_estimators': 100}, {'clf__learning_rate': 0.01, 'clf__max_depth': 1, 'clf__n_estimators': 100}, {'clf__learning_rate': 0.01, 'clf__max_depth': 1, 'clf__n_estimators': 100}, {'clf__learning_rate': 0.01, 'clf__max_depth': 1, 'clf__n_estimators': 100}]","[0.4941451990632319, 0.49299065420560745, 0.49299065420560745, 0.49299065420560745, 0.49299065420560745]",0.492990654,0,0,0,0,81.2,0.4,79,0,0.5,0,0.506863354,0.001226708,0.5,0,0,0,0,0,1,0,0,0,0,0,0.493221563,0.000461818
mycobacterium_rifampin_resfinder_train,HistGB,3,"[{'clf__l2_regularization': 0.0, 'clf__learning_rate': 0.05, 'clf__max_depth': 3, 'clf__max_leaf_nodes': 31, 'clf__min_samples_leaf': 10}, {'clf__l2_regularization': 0.0, 'clf__learning_rate': 0.05, 'clf__max_depth': 3, 'clf__max_leaf_nodes': 31, 'clf__min_samples_leaf': 10}, {'clf__l2_regularization': 0.0, 'clf__learning_rate': 0.05, 'clf__max_depth': 3, 'clf__max_leaf_nodes': 31, 'clf__min_samples_leaf': 10}, {'clf__l2_regularization': 0.0, 'clf__learning_rate': 0.05, 'clf__max_depth': 3, 'clf__max_leaf_nodes': 31, 'clf__min_samples_leaf': 10}, {'clf__l2_regularization': 0.0, 'clf__learning_rate': 0.05, 'clf__max_depth': 3, 'clf__max_leaf_nodes': 31, 'clf__min_samples_leaf': 10}]","[0.4941451990632319, 0.49299065420560745, 0.49299065420560745, 0.49299065420560745, 0.49299065420560745]",0.492990654,0,0,0,0,81.2,0.4,79,0,0.5,0,0.506863354,0.001226708,0.5,0,0,0,0,0,1,0,0,0,0,0,0.493221563,0.000461818
mycobacterium_rifampin_resfinder_train,BernoulliNB,3,"[{'clf__alpha': 0.01, 'clf__binarize': None}, {'clf__alpha': 0.01, 'clf__binarize': None}, {'clf__alpha': 0.01, 'clf__binarize': None}, {'clf__alpha': 0.01, 'clf__binarize': None}, {'clf__alpha': 0.01, 'clf__binarize': None}]","[0.4941443764901944, 0.49298967172482794, 0.49298967172482794, 0.49298967172482794, 0.49298967172482794]",0.492989672,0,0,0,0,81.2,0.4,79,0,0.5,0,0.506863354,0.001226708,0.5,0,0,0,0,0,1,0,0,0,0,0,0.493220613,0.000461882
mycobacterium_rifampin_resfinder+cdhit_train,Linear SVM,5,"[{'clf__C': 0.001}, {'clf__C': 0.001}, {'clf__C': 0.001}, {'clf__C': 0.001}, {'clf__C': 0.001}]","[-1.869682987390561e-15, -1.5668470105596987e-15, -1.5668470105596987e-15, -1.5668470105596987e-15, -1.5668470105596987e-15]",-1.57E-15,79,0,81.2,0.4,0,0,0,0,0.5,0,0.493136646,0.001226708,0.5,0,1,0,1,0,0,0,0.66053696,0.001101813,0,0,-1.63E-15,1.21E-16
mycobacterium_rifampin_resfinder+cdhit_train,LogReg (L1),5,"[{'clf__C': 0.001}, {'clf__C': 0.001}, {'clf__C': 0.001}, {'clf__C': 0.001}, {'clf__C': 0.001}]","[0.5, 0.5, 0.5, 0.5, 0.5]",0.5,79,0,81.2,0.4,0,0,0,0,0.5,0,0.493136646,0.001226708,0.5,0,1,0,1,0,0,0,0.66053696,0.001101813,0,0,0.5,0
mycobacterium_rifampin_resfinder+cdhit_train,KNN,5,"[{'clf__n_neighbors': 1, 'clf__p': 1, 'clf__weights': 'uniform'}, {'clf__n_neighbors': 1, 'clf__p': 1, 'clf__weights': 'uniform'}, {'clf__n_neighbors': 1, 'clf__p': 1, 'clf__weights': 'uniform'}, {'clf__n_neighbors': 1, 'clf__p': 1, 'clf__weights': 'uniform'}, {'clf__n_neighbors': 1, 'clf__p': 1, 'clf__weights': 'uniform'}]","[0.0, 0.0, 0.0, 0.0, 0.0]",0,79,0,81.2,0.4,0,0,0,0,0.5,0,0.493136646,0.001226708,0.5,0,1,0,1,0,0,0,0.66053696,0.001101813,0,0,0,0
mycobacterium_rifampin_resfinder+cdhit_train,Decision Tree,5,"[{'clf__max_depth': None, 'clf__min_samples_leaf': 1, 'clf__min_samples_split': 2}, {'clf__max_depth': None, 'clf__min_samples_leaf': 1, 'clf__min_samples_split': 2}, {'clf__max_depth': None, 'clf__min_samples_leaf': 1, 'clf__min_samples_split': 2}, {'clf__max_depth': None, 'clf__min_samples_leaf': 1, 'clf__min_samples_split': 2}, {'clf__max_depth': None, 'clf__min_samples_leaf': 1, 'clf__min_samples_split': 2}]","[0.5000000000000002, 0.5000000000000002, 0.5000000000000002, 0.5000000000000002, 0.5000000000000002]",0.5,79,0,81.2,0.4,0,0,0,0,0.5,0,0.493136646,0.001226708,0.5,0,1,0,1,0,0,0,0.66053696,0.001101813,0,0,0.5,0
mycobacterium_rifampin_resfinder+cdhit_train,Balanced Random Forest,5,"[{'clf__max_depth': None, 'clf__min_samples_leaf': 1, 'clf__min_samples_split': 2, 'clf__n_estimators': 200}, {'clf__max_depth': None, 'clf__min_samples_leaf': 1, 'clf__min_samples_split': 2, 'clf__n_estimators': 200}, {'clf__max_depth': None, 'clf__min_samples_leaf': 1, 'clf__min_samples_split': 2, 'clf__n_estimators': 200}, {'clf__max_depth': None, 'clf__min_samples_leaf': 1, 'clf__min_samples_split': 2, 'clf__n_estimators': 200}, {'clf__max_depth': None, 'clf__min_samples_leaf': 1, 'clf__min_samples_split': 2, 'clf__n_estimators': 200}]","[0.5, 0.5, 0.5, 0.5, 0.5]",0.5,79,0,81.2,0.4,0,0,0,0,0.5,0,0.493136646,0.001226708,0.5,0,1,0,1,0,0,0,0.66053696,0.001101813,0,0,0.5,0
mycobacterium_rifampin_resfinder+cdhit_train,Extra Trees,5,"[{'clf__max_depth': None, 'clf__min_samples_leaf': 1, 'clf__min_samples_split': 2, 'clf__n_estimators': 200}, {'clf__max_depth': None, 'clf__min_samples_leaf': 1, 'clf__min_samples_split': 2, 'clf__n_estimators': 200}, {'clf__max_depth': None, 'clf__min_samples_leaf': 1, 'clf__min_samples_split': 2, 'clf__n_estimators': 200}, {'clf__max_depth': None, 'clf__min_samples_leaf': 1, 'clf__min_samples_split': 2, 'clf__n_estimators': 200}, {'clf__max_depth': None, 'clf__min_samples_leaf': 1, 'clf__min_samples_split': 2, 'clf__n_estimators': 200}]","[0.5000000000000001, 0.5000000000000001, 0.5000000000000001, 0.5000000000000001, 0.5000000000000001]",0.5,79,0,81.2,0.4,0,0,0,0,0.5,0,0.493136646,0.001226708,0.5,0,1,0,1,0,0,0,0.66053696,0.001101813,0,0,0.5,0
mycobacterium_rifampin_resfinder+cdhit_train,AdaBoost,5,"[{'clf__learning_rate': 0.01, 'clf__n_estimators': 50}, {'clf__learning_rate': 0.01, 'clf__n_estimators': 50}, {'clf__learning_rate': 0.01, 'clf__n_estimators': 50}, {'clf__learning_rate': 0.01, 'clf__n_estimators': 50}, {'clf__learning_rate': 0.01, 'clf__n_estimators': 50}]","[0.1192029220221175, 0.1192029220221175, 0.1192029220221175, 0.1192029220221175, 0.1192029220221175]",0.119202922,79,0,81.2,0.4,0,0,0,0,0.5,0,0.493136646,0.001226708,0.5,0,1,0,1,0,0,0,0.66053696,0.001101813,0,0,0.119202922,0
mycobacterium_rifampin_resfinder+cdhit_train,RBF SVM,5,"[{'clf__C': 0.1, 'clf__gamma': 'scale'}, {'clf__C': 0.1, 'clf__gamma': 'scale'}, {'clf__C': 0.1, 'clf__gamma': 'scale'}, {'clf__C': 0.1, 'clf__gamma': 'scale'}, {'clf__C': 0.1, 'clf__gamma': 'scale'}]","[0.4767284349155978, 0.4507202669500266, 0.4391848266751015, 0.45353955280046415, 0.46717666466936675]",0.453539553,47.4,38.70193794,48.6,39.68173383,32.6,39.92793508,31.6,38.70193794,0.5,0,0.499363354,0.006942991,0.5,0,0.6,0.489897949,0.6,0.489897949,0.4,0.489897949,0.39665272,0.323865589,0,0,0.457469949,0.013118396
mycobacterium_rifampin_resfinder+cdhit_train,LogReg (L2),5,"[{'clf__C': 0.001}, {'clf__C': 0.001}, {'clf__C': 0.001}, {'clf__C': 0.001}, {'clf__C': 0.001}]","[0.49999999999999956, 0.49999999999999967, 0.49999999999999967, 0.49999999999999967, 0.49999999999999967]",0.5,15.8,31.6,16.4,32.8,64.8,32.4,63.2,31.6,0.5,0,0.503136646,0.006226708,0.5,0,0.2,0.4,0.2,0.4,0.8,0.4,0.131666667,0.263333333,0,0,0.5,4.97E-17
mycobacterium_rifampin_resfinder+cdhit_train,SGD Logistic,5,"[{'clf__alpha': 1e-05}, {'clf__alpha': 1e-05}, {'clf__alpha': 1e-05}, {'clf__alpha': 1e-05}, {'clf__alpha': 1e-05}]","[0.013021166379928907, 0.016350082051988648, 0.016350082051988648, 0.016350082051988648, 0.016350082051988648]",0.016350082,15.8,31.6,16.4,32.8,64.8,32.4,63.2,31.6,0.5,0,0.503136646,0.006226708,0.5,0,0.2,0.4,0.2,0.4,0.8,0.4,0.131666667,0.263333333,0,0,0.015684299,0.001331566
mycobacterium_rifampin_resfinder+cdhit_train,Random Forest,5,"[{'clf__max_depth': None, 'clf__min_samples_leaf': 1, 'clf__min_samples_split': 2, 'clf__n_estimators': 200}, {'clf__max_depth': None, 'clf__min_samples_leaf': 1, 'clf__min_samples_split': 2, 'clf__n_estimators': 200}, {'clf__max_depth': None, 'clf__min_samples_leaf': 1, 'clf__min_samples_split': 2, 'clf__n_estimators': 200}, {'clf__max_depth': None, 'clf__min_samples_leaf': 1, 'clf__min_samples_split': 2, 'clf__n_estimators': 200}, {'clf__max_depth': None, 'clf__min_samples_leaf': 1, 'clf__min_samples_split': 2, 'clf__n_estimators': 200}]","[0.4999277396990322, 0.4997381366764317, 0.4997381366764317, 0.4997381366764317, 0.4997381366764317]",0.499738137,0,0,0,0,81.2,0.4,79,0,0.5,0,0.506863354,0.001226708,0.5,0,0,0,0,0,1,0,0,0,0,0,0.499776057,7.58E-05
mycobacterium_rifampin_resfinder+cdhit_train,Gradient Boosting,5,"[{'clf__learning_rate': 0.01, 'clf__max_depth': 1, 'clf__n_estimators': 100}, {'clf__learning_rate': 0.01, 'clf__max_depth': 1, 'clf__n_estimators': 100}, {'clf__learning_rate': 0.01, 'clf__max_depth': 1, 'clf__n_estimators': 100}, {'clf__learning_rate': 0.01, 'clf__max_depth': 1, 'clf__n_estimators': 100}, {'clf__learning_rate': 0.01, 'clf__max_depth': 1, 'clf__n_estimators': 100}]","[0.4941451990632319, 0.49299065420560745, 0.49299065420560745, 0.49299065420560745, 0.49299065420560745]",0.492990654,0,0,0,0,81.2,0.4,79,0,0.5,0,0.506863354,0.001226708,0.5,0,0,0,0,0,1,0,0,0,0,0,0.493221563,0.000461818
mycobacterium_rifampin_resfinder+cdhit_train,HistGB,5,"[{'clf__l2_regularization': 0.0, 'clf__learning_rate': 0.05, 'clf__max_depth': 3, 'clf__max_leaf_nodes': 31, 'clf__min_samples_leaf': 10}, {'clf__l2_regularization': 0.0, 'clf__learning_rate': 0.05, 'clf__max_depth': 3, 'clf__max_leaf_nodes': 31, 'clf__min_samples_leaf': 10}, {'clf__l2_regularization': 0.0, 'clf__learning_rate': 0.05, 'clf__max_depth': 3, 'clf__max_leaf_nodes': 31, 'clf__min_samples_leaf': 10}, {'clf__l2_regularization': 0.0, 'clf__learning_rate': 0.05, 'clf__max_depth': 3, 'clf__max_leaf_nodes': 31, 'clf__min_samples_leaf': 10}, {'clf__l2_regularization': 0.0, 'clf__learning_rate': 0.05, 'clf__max_depth': 3, 'clf__max_leaf_nodes': 31, 'clf__min_samples_leaf': 10}]","[0.4941451990632319, 0.49299065420560745, 0.49299065420560745, 0.49299065420560745, 0.49299065420560745]",0.492990654,0,0,0,0,81.2,0.4,79,0,0.5,0,0.506863354,0.001226708,0.5,0,0,0,0,0,1,0,0,0,0,0,0.493221563,0.000461818
mycobacterium_rifampin_resfinder+cdhit_train,BernoulliNB,5,"[{'clf__alpha': 0.01, 'clf__binarize': None}, {'clf__alpha': 0.01, 'clf__binarize': None}, {'clf__alpha': 0.01, 'clf__binarize': None}, {'clf__alpha': 0.01, 'clf__binarize': None}, {'clf__alpha': 0.01, 'clf__binarize': None}]","[0.4941438281081872, 0.4929890167376719, 0.4929890167376719, 0.4929890167376719, 0.4929890167376719]",0.492989017,0,0,0,0,81.2,0.4,79,0,0.5,0,0.506863354,0.001226708,0.5,0,0,0,0,0,1,0,0,0,0,0,0.493219979,0.000461925
mycobacterium_rifampin_resfinder+cdhit+phenotypeseeker_train,HistGB,1005,"[{'clf__l2_regularization': 1.0, 'clf__learning_rate': 0.05, 'clf__max_depth': 6, 'clf__max_leaf_nodes': 31, 'clf__min_samples_leaf': 10}, {'clf__l2_regularization': 1.0, 'clf__learning_rate': 0.05, 'clf__max_depth': 3, 'clf__max_leaf_nodes': 31, 'clf__min_samples_leaf': 10}, {'clf__l2_regularization': 0.0, 'clf__learning_rate': 0.05, 'clf__max_depth': 6, 'clf__max_leaf_nodes': 31, 'clf__min_samples_leaf': 10}, {'clf__l2_regularization': 1.0, 'clf__learning_rate': 0.05, 'clf__max_depth': 3, 'clf__max_leaf_nodes': 31, 'clf__min_samples_leaf': 10}, {'clf__l2_regularization': 1.0, 'clf__learning_rate': 0.1, 'clf__max_depth': 6, 'clf__max_leaf_nodes': 31, 'clf__min_samples_leaf': 10}]","[0.5170891464376487, 0.5731997225988965, 0.5944618256384128, 0.45260310353187494, 0.5432006300386822]",0.54320063,55.2,3.310589071,6.2,2.925747768,75,3.033150178,23.8,3.310589071,0.852017655,0.032890213,0.812701863,0.026415075,0.811170762,0.026343809,0.698734177,0.041906191,0.698734177,0.041906191,0.923607347,0.036183294,0.785987424,0.031322401,0.641229923,0.054432348,0.536110886,0.049327588
mycobacterium_rifampin_resfinder+cdhit+phenotypeseeker_train,AdaBoost,1005,"[{'clf__learning_rate': 0.5, 'clf__n_estimators': 50}, {'clf__learning_rate': 1.0, 'clf__n_estimators': 50}, {'clf__learning_rate': 0.1, 'clf__n_estimators': 500}, {'clf__learning_rate': 0.1, 'clf__n_estimators': 500}, {'clf__learning_rate': 0.5, 'clf__n_estimators': 100}]","[0.5168911390302989, 0.5087126057268623, 0.5320874920099734, 0.5234103558598886, 0.5268174259839065]",0.523410356,54.6,2.576819745,5.6,2.576819745,75.6,2.870540019,24.4,2.576819745,0.831697598,0.013684884,0.812686335,0.031100467,0.81103183,0.030914281,0.691139241,0.032617971,0.691139241,0.032617971,0.93092442,0.031896841,0.784460784,0.035638556,0.642304667,0.06424334,0.521583804,0.008108556
mycobacterium_rifampin_resfinder+cdhit+phenotypeseeker_train,Balanced Random Forest,1005,"[{'clf__max_depth': 20, 'clf__min_samples_leaf': 1, 'clf__min_samples_split': 10, 'clf__n_estimators': 500}, {'clf__max_depth': None, 'clf__min_samples_leaf': 1, 'clf__min_samples_split': 10, 'clf__n_estimators': 500}, {'clf__max_depth': 20, 'clf__min_samples_leaf': 1, 'clf__min_samples_split': 5, 'clf__n_estimators': 200}, {'clf__max_depth': 20, 'clf__min_samples_leaf': 1, 'clf__min_samples_split': 2, 'clf__n_estimators': 200}, {'clf__max_depth': 20, 'clf__min_samples_leaf': 1, 'clf__min_samples_split': 10, 'clf__n_estimators': 500}]","[0.5431920634920635, 0.5079888888888887, 0.5779166666666667, 0.58, 0.5316655122655123]",0.543192063,59.8,4.354308211,11,2.683281573,70.2,2.785677655,19.2,4.354308211,0.856602022,0.035295613,0.811529503,0.035161037,0.810730335,0.035457634,0.756962025,0.055117825,0.756962025,0.055117825,0.864498645,0.033244417,0.797666877,0.041143021,0.626444442,0.068901593,0.548152626,0.027603301
mycobacterium_rifampin_resfinder+cdhit+phenotypeseeker_train,Gradient Boosting,1005,"[{'clf__learning_rate': 0.01, 'clf__max_depth': 3, 'clf__n_estimators': 500}, {'clf__learning_rate': 0.01, 'clf__max_depth': 2, 'clf__n_estimators': 500}, {'clf__learning_rate': 0.05, 'clf__max_depth': 2, 'clf__n_estimators': 100}, {'clf__learning_rate': 0.2, 'clf__max_depth': 2, 'clf__n_estimators': 100}, {'clf__learning_rate': 0.01, 'clf__max_depth': 2, 'clf__n_estimators': 500}]","[0.49615721482778835, 0.5424618339749, 0.572656028749975, 0.566327539265762, 0.5844139833171621]",0.566327539,55,1.673320053,6.2,5.035871325,75,5.176871642,24,1.673320053,0.835058832,0.025811322,0.811444099,0.035403279,0.809874828,0.034957984,0.696202532,0.021181266,0.696202532,0.021181266,0.923547124,0.062228889,0.785428042,0.033013169,0.639930922,0.077734566,0.55240332,0.031276816
mycobacterium_rifampin_resfinder+cdhit+phenotypeseeker_train,RBF SVM,1005,"[{'clf__C': 10, 'clf__gamma': 0.1}, {'clf__C': 100, 'clf__gamma': 'auto'}, {'clf__C': 10, 'clf__gamma': 0.01}, {'clf__C': 10, 'clf__gamma': 0.1}, {'clf__C': 10, 'clf__gamma': 0.1}]","[0.532023415385939, 0.7185544949499127, 0.6879573719958801, 0.60915927681493, 0.5760691845454758]",0.609159277,57.4,2.870540019,8.8,3.059411708,72.4,3.006659276,21.6,2.870540019,0.84795776,0.027315408,0.810248447,0.024140795,0.809120709,0.024162171,0.726582278,0.03633595,0.726582278,0.03633595,0.891659139,0.037657039,0.790513185,0.026658079,0.62894053,0.051090878,0.624752749,0.069290067
mycobacterium_rifampin_resfinder+cdhit+phenotypeseeker_train,LogReg (L1),1005,"[{'clf__C': 1}, {'clf__C': 1}, {'clf__C': 1}, {'clf__C': 1}, {'clf__C': 1}]","[0.5532405103445027, 0.5924362285883835, 0.6789451760201615, 0.5971442910084885, 0.6477657929984401]",0.597144291,54.2,2.712931993,6,3.16227766,75.2,3.370459909,24.8,2.712931993,0.844350108,0.026560225,0.807686335,0.035448588,0.806046105,0.035246355,0.686075949,0.034340911,0.686075949,0.034340911,0.92601626,0.039126487,0.778836294,0.039425162,0.632152367,0.073620218,0.6139064,0.044269149
mycobacterium_rifampin_resfinder+cdhit+phenotypeseeker_train,Random Forest,1005,"[{'clf__max_depth': None, 'clf__min_samples_leaf': 1, 'clf__min_samples_split': 5, 'clf__n_estimators': 200}, {'clf__max_depth': 20, 'clf__min_samples_leaf': 1, 'clf__min_samples_split': 5, 'clf__n_estimators': 500}, {'clf__max_depth': 20, 'clf__min_samples_leaf': 1, 'clf__min_samples_split': 5, 'clf__n_estimators': 200}, {'clf__max_depth': 10, 'clf__min_samples_leaf': 1, 'clf__min_samples_split': 2, 'clf__n_estimators': 500}, {'clf__max_depth': 20, 'clf__min_samples_leaf': 1, 'clf__min_samples_split': 10, 'clf__n_estimators': 200}]","[0.5986462348333756, 0.5406246247853722, 0.4972073788573453, 0.4861206986910762, 0.5234006621065895]",0.523400662,59,4.816637832,11,3.633180425,70.2,3.815756806,20,4.816637832,0.851002443,0.037199995,0.806537267,0.036151211,0.805636933,0.036460157,0.746835443,0.060970099,0.746835443,0.060970099,0.864438422,0.045055126,0.79104328,0.043386404,0.617846211,0.070347855,0.52919992,0.039664311
mycobacterium_rifampin_resfinder+cdhit+phenotypeseeker_train,Decision Tree,1005,"[{'clf__max_depth': 5, 'clf__min_samples_leaf': 2, 'clf__min_samples_split': 2}, {'clf__max_depth': 3, 'clf__min_samples_leaf': 5, 'clf__min_samples_split': 2}, {'clf__max_depth': 3, 'clf__min_samples_leaf': 5, 'clf__min_samples_split': 2}, {'clf__max_depth': 5, 'clf__min_samples_leaf': 1, 'clf__min_samples_split': 2}, {'clf__max_depth': 3, 'clf__min_samples_leaf': 5, 'clf__min_samples_split': 2}]","[0.5058548009367682, 0.6056074766355141, 0.5782811459027314, 0.836560805577072, 0.6067101584342963]",0.605607477,54.4,3.498571137,6.6,3.006659276,74.6,3.382306905,24.6,3.498571137,0.824717086,0.027750194,0.805170807,0.034156033,0.803578112,0.033943599,0.688607595,0.044285711,0.688607595,0.044285711,0.91854863,0.03717534,0.776809351,0.041022871,0.625796925,0.069483938,0.626602877,0.111206067
mycobacterium_rifampin_resfinder+cdhit+phenotypeseeker_train,Extra Trees,1005,"[{'clf__max_depth': 20, 'clf__min_samples_leaf': 1, 'clf__min_samples_split': 10, 'clf__n_estimators': 200}, {'clf__max_depth': None, 'clf__min_samples_leaf': 1, 'clf__min_samples_split': 10, 'clf__n_estimators': 200}, {'clf__max_depth': None, 'clf__min_samples_leaf': 1, 'clf__min_samples_split': 10, 'clf__n_estimators': 200}, {'clf__max_depth': 20, 'clf__min_samples_leaf': 1, 'clf__min_samples_split': 5, 'clf__n_estimators': 500}, {'clf__max_depth': None, 'clf__min_samples_leaf': 2, 'clf__min_samples_split': 10, 'clf__n_estimators': 500}]","[0.5460976525070265, 0.48060875567736544, 0.5427606847102682, 0.5557268349701889, 0.5059461270898912]",0.542760685,59,4.427188724,12,2.449489743,69.2,2.561249695,20,4.427188724,0.8416397,0.03152582,0.800295031,0.033214768,0.79950926,0.033559702,0.746835443,0.056040364,0.746835443,0.056040364,0.852183077,0.030382758,0.785823076,0.040226135,0.603712838,0.06481358,0.526228011,0.0283929
mycobacterium_rifampin_resfinder+cdhit+phenotypeseeker_train,KNN,1005,"[{'clf__n_neighbors': 7, 'clf__p': 1, 'clf__weights': 'distance'}, {'clf__n_neighbors': 11, 'clf__p': 1, 'clf__weights': 'distance'}, {'clf__n_neighbors': 15, 'clf__p': 1, 'clf__weights': 'distance'}, {'clf__n_neighbors': 15, 'clf__p': 1, 'clf__weights': 'distance'}, {'clf__n_neighbors': 15, 'clf__p': 1, 'clf__weights': 'distance'}]","[0.6666666666666666, 0.5625, 0.6333455858683342, 0.5398475278324686, 0.6248154651842317]",0.624815465,58.8,3.310589071,11.8,3.059411708,69.4,3.2,20.2,3.310589071,0.845879882,0.032038737,0.800248447,0.016305579,0.79946295,0.016354926,0.744303797,0.041906191,0.744303797,0.041906191,0.854622102,0.03795204,0.785693853,0.019676119,0.604802376,0.032273387,0.605435049,0.047008618
mycobacterium_rifampin_resfinder+cdhit+phenotypeseeker_train,LogReg (L2),1005,"[{'clf__C': 0.1}, {'clf__C': 0.1}, {'clf__C': 1}, {'clf__C': 0.1}, {'clf__C': 0.1}]","[0.45196156572049834, 0.5219270244511661, 0.6383437851358322, 0.5515741050395034, 0.5673316966981022]",0.551574105,56.6,1.959591794,11.4,3.611094017,69.8,3.370459909,22.4,1.959591794,0.827204517,0.018006106,0.789021739,0.015389746,0.788098369,0.015126165,0.716455696,0.024804959,0.716455696,0.024804959,0.859741042,0.043973962,0.770203155,0.012400891,0.584360531,0.0349519,0.546227635,0.060722257
mycobacterium_rifampin_resfinder+cdhit+phenotypeseeker_train,Linear SVM,1005,"[{'clf__C': 0.01}, {'clf__C': 0.01}, {'clf__C': 0.1}, {'clf__C': 0.1}, {'clf__C': 0.01}]","[-0.014936265749221772, 0.03965204625735622, 0.3672821788562596, 0.20097850769154335, 0.08036463454131416]",0.080364635,54.6,2.727636339,9.4,2.244994432,71.8,2.4,24.4,2.727636339,0.822757939,0.026437544,0.788975155,0.025086592,0.787665375,0.02501083,0.691139241,0.034527042,0.691139241,0.034527042,0.884191509,0.027869962,0.763413599,0.029050503,0.587679595,0.050433725,0.13466822,0.13628262
mycobacterium_rifampin_resfinder+cdhit+phenotypeseeker_train,SGD Logistic,1005,"[{'clf__alpha': 0.0001}, {'clf__alpha': 0.001}, {'clf__alpha': 0.001}, {'clf__alpha': 0.0001}, {'clf__alpha': 0.0001}]","[0.9999999999933096, 0.9997337736520403, 0.12885446533540257, 0.02999668983434888, 0.23921165738034222]",0.239211657,60.6,13.60294086,33.8,20.72100384,47.4,20.80961316,18.4,13.60294086,0.797517524,0.055869031,0.674045031,0.088721284,0.675278721,0.08749853,0.767088608,0.172189125,0.767088608,0.172189125,0.583468835,0.256138788,0.694816216,0.083217889,0.373624256,0.156432057,0.479559317,0.429955211
mycobacterium_rifampin_resfinder+cdhit+phenotypeseeker_train,BernoulliNB,1005,"[{'clf__alpha': 0.01, 'clf__binarize': None}, {'clf__alpha': 1.0, 'clf__binarize': None}, {'clf__alpha': 0.01, 'clf__binarize': None}, {'clf__alpha': 1.0, 'clf__binarize': None}, {'clf__alpha': 0.01, 'clf__binarize': None}]","[0.9999999997334044, 1.0, 1.0, 0.999999999980048, 1.0]",1,61.2,2.13541565,37.8,4.79165942,43.4,4.882622246,17.8,2.13541565,0.670153111,0.019673183,0.652927019,0.024953597,0.654550444,0.024621028,0.774683544,0.027030578,0.774683544,0.027030578,0.534417344,0.059601553,0.687842035,0.016193802,0.318591763,0.0461518,1,1.05E-10
mycobacterium_rifampin_resfinder+phenotypeseeker_train,Gradient Boosting,1003,"[{'clf__learning_rate': 0.01, 'clf__max_depth': 3, 'clf__n_estimators': 500}, {'clf__learning_rate': 0.01, 'clf__max_depth': 2, 'clf__n_estimators': 500}, {'clf__learning_rate': 0.05, 'clf__max_depth': 2, 'clf__n_estimators': 100}, {'clf__learning_rate': 0.01, 'clf__max_depth': 1, 'clf__n_estimators': 500}, {'clf__learning_rate': 0.01, 'clf__max_depth': 2, 'clf__n_estimators': 500}]","[0.49615721482778835, 0.5412473477176338, 0.5269345218478302, 0.5907777310992035, 0.5698094813713733]",0.541247348,54.2,2.638181192,5,2.75680975,76.2,2.925747768,24.8,2.638181192,0.837933519,0.021056846,0.813944099,0.030658142,0.812218944,0.030504867,0.686075949,0.033394699,0.686075949,0.033394699,0.938361939,0.034100639,0.784346491,0.035008903,0.647191745,0.063825099,0.544985259,0.032976269
mycobacterium_rifampin_resfinder+phenotypeseeker_train,Balanced Random Forest,1003,"[{'clf__max_depth': 20, 'clf__min_samples_leaf': 1, 'clf__min_samples_split': 10, 'clf__n_estimators': 500}, {'clf__max_depth': 20, 'clf__min_samples_leaf': 1, 'clf__min_samples_split': 10, 'clf__n_estimators': 500}, {'clf__max_depth': None, 'clf__min_samples_leaf': 1, 'clf__min_samples_split': 5, 'clf__n_estimators': 500}, {'clf__max_depth': None, 'clf__min_samples_leaf': 1, 'clf__min_samples_split': 2, 'clf__n_estimators': 200}, {'clf__max_depth': None, 'clf__min_samples_leaf': 1, 'clf__min_samples_split': 10, 'clf__n_estimators': 200}]","[0.5546626984126986, 0.524522582972583, 0.48849999999999993, 0.6362500000000001, 0.6067222222222222]",0.554662698,58,3.741657387,9,2.607680962,72.2,2.638181192,21,3.741657387,0.855451309,0.034341395,0.812771739,0.025596614,0.811668553,0.025899128,0.734177215,0.047362752,0.734177215,0.047362752,0.889159892,0.032198154,0.793950154,0.031289047,0.632964544,0.050464643,0.562131501,0.053616594
mycobacterium_rifampin_resfinder+phenotypeseeker_train,HistGB,1003,"[{'clf__l2_regularization': 1.0, 'clf__learning_rate': 0.05, 'clf__max_depth': 6, 'clf__max_leaf_nodes': 31, 'clf__min_samples_leaf': 10}, {'clf__l2_regularization': 1.0, 'clf__learning_rate': 0.05, 'clf__max_depth': 3, 'clf__max_leaf_nodes': 31, 'clf__min_samples_leaf': 10}, {'clf__l2_regularization': 0.0, 'clf__learning_rate': 0.05, 'clf__max_depth': 6, 'clf__max_leaf_nodes': 31, 'clf__min_samples_leaf': 10}, {'clf__l2_regularization': 1.0, 'clf__learning_rate': 0.05, 'clf__max_depth': 3, 'clf__max_leaf_nodes': 31, 'clf__min_samples_leaf': 10}, {'clf__l2_regularization': 1.0, 'clf__learning_rate': 0.1, 'clf__max_depth': 6, 'clf__max_leaf_nodes': 31, 'clf__min_samples_leaf': 10}]","[0.5170891464376487, 0.5731997225988965, 0.5944618256384128, 0.45260310353187494, 0.5432006300386822]",0.54320063,55.2,3.310589071,6.2,2.925747768,75,3.033150178,23.8,3.310589071,0.852017655,0.032890213,0.812701863,0.026415075,0.811170762,0.026343809,0.698734177,0.041906191,0.698734177,0.041906191,0.923607347,0.036183294,0.785987424,0.031322401,0.641229923,0.054432348,0.536110886,0.049327588
mycobacterium_rifampin_resfinder+phenotypeseeker_train,AdaBoost,1003,"[{'clf__learning_rate': 0.5, 'clf__n_estimators': 50}, {'clf__learning_rate': 1.0, 'clf__n_estimators': 50}, {'clf__learning_rate': 0.1, 'clf__n_estimators': 500}, {'clf__learning_rate': 0.1, 'clf__n_estimators': 500}, {'clf__learning_rate': 0.5, 'clf__n_estimators': 100}]","[0.5168911390302989, 0.5087126057268623, 0.5320874920099734, 0.5234103558598886, 0.5268174259839065]",0.523410356,54.6,2.576819745,5.6,2.576819745,75.6,2.870540019,24.4,2.576819745,0.831697598,0.013684884,0.812686335,0.031100467,0.81103183,0.030914281,0.691139241,0.032617971,0.691139241,0.032617971,0.93092442,0.031896841,0.784460784,0.035638556,0.642304667,0.06424334,0.521583804,0.008108556
mycobacterium_rifampin_resfinder+phenotypeseeker_train,RBF SVM,1003,"[{'clf__C': 10, 'clf__gamma': 0.1}, {'clf__C': 100, 'clf__gamma': 'auto'}, {'clf__C': 10, 'clf__gamma': 0.01}, {'clf__C': 10, 'clf__gamma': 0.1}, {'clf__C': 10, 'clf__gamma': 0.1}]","[0.5388992432107639, 0.7275398037700344, 0.6809835021844426, 0.6016469174138189, 0.571124040908329]",0.601646917,57.6,2.8,9,3.098386677,72.2,3.059411708,21.4,2.8,0.849082936,0.028477205,0.810248447,0.024140795,0.809151964,0.024148995,0.729113924,0.035443038,0.729113924,0.035443038,0.889190003,0.038159132,0.791122013,0.026393721,0.628455769,0.051293668,0.624038701,0.070007527
mycobacterium_rifampin_resfinder+phenotypeseeker_train,LogReg (L1),1003,"[{'clf__C': 1}, {'clf__C': 1}, {'clf__C': 1}, {'clf__C': 1}, {'clf__C': 1}]","[0.5774798504556405, 0.6028965172706505, 0.5651577788130154, 0.5973404149431916, 0.6512907985571963]",0.597340415,54.2,2.712931993,5.8,3.370459909,75.4,3.611094017,24.8,2.712931993,0.844830366,0.027100556,0.808928571,0.03701644,0.807265617,0.036776653,0.686075949,0.034340911,0.686075949,0.034340911,0.928455285,0.041678633,0.780028483,0.040970917,0.635147835,0.077300796,0.598833072,0.029531468
mycobacterium_rifampin_resfinder+phenotypeseeker_train,Decision Tree,1003,"[{'clf__max_depth': 5, 'clf__min_samples_leaf': 2, 'clf__min_samples_split': 2}, {'clf__max_depth': 3, 'clf__min_samples_leaf': 5, 'clf__min_samples_split': 2}, {'clf__max_depth': 3, 'clf__min_samples_leaf': 5, 'clf__min_samples_split': 2}, {'clf__max_depth': 5, 'clf__min_samples_leaf': 1, 'clf__min_samples_split': 2}, {'clf__max_depth': 3, 'clf__min_samples_leaf': 5, 'clf__min_samples_split': 2}]","[0.5058548009367682, 0.6056074766355141, 0.5782811459027314, 0.836560805577072, 0.6067101584342963]",0.605607477,54.2,3.310589071,6.6,3.006659276,74.6,3.382306905,24.8,3.310589071,0.823713309,0.026200914,0.803928571,0.032066377,0.80231229,0.031831242,0.686075949,0.041906191,0.686075949,0.041906191,0.91854863,0.03717534,0.775116766,0.038450772,0.623711345,0.065812125,0.626602877,0.111206067
mycobacterium_rifampin_resfinder+phenotypeseeker_train,Random Forest,1003,"[{'clf__max_depth': 20, 'clf__min_samples_leaf': 1, 'clf__min_samples_split': 10, 'clf__n_estimators': 500}, {'clf__max_depth': None, 'clf__min_samples_leaf': 1, 'clf__min_samples_split': 5, 'clf__n_estimators': 500}, {'clf__max_depth': None, 'clf__min_samples_leaf': 1, 'clf__min_samples_split': 5, 'clf__n_estimators': 200}, {'clf__max_depth': 20, 'clf__min_samples_leaf': 1, 'clf__min_samples_split': 2, 'clf__n_estimators': 500}, {'clf__max_depth': None, 'clf__min_samples_leaf': 1, 'clf__min_samples_split': 10, 'clf__n_estimators': 500}]","[0.5729035979235281, 0.5129605249911567, 0.47719609126142104, 0.5281495114254193, 0.5370644512242443]",0.528149511,59,3.949683532,11.8,3.544009029,69.4,3.720215048,20,3.949683532,0.855136854,0.033293393,0.801529503,0.031245217,0.800713717,0.031414079,0.746835443,0.049995994,0.746835443,0.049995994,0.85459199,0.043970127,0.787244731,0.035770499,0.606930294,0.061767409,0.525654835,0.031235376
mycobacterium_rifampin_resfinder+phenotypeseeker_train,KNN,1003,"[{'clf__n_neighbors': 7, 'clf__p': 1, 'clf__weights': 'distance'}, {'clf__n_neighbors': 11, 'clf__p': 1, 'clf__weights': 'distance'}, {'clf__n_neighbors': 15, 'clf__p': 1, 'clf__weights': 'distance'}, {'clf__n_neighbors': 15, 'clf__p': 1, 'clf__weights': 'distance'}, {'clf__n_neighbors': 15, 'clf__p': 1, 'clf__weights': 'distance'}]","[0.6666666666666666, 0.5625, 0.6333455858683342, 0.5398475278324686, 0.6248154651842317]",0.624815465,58.8,3.310589071,11.8,3.059411708,69.4,3.2,20.2,3.310589071,0.845879882,0.032038737,0.800248447,0.016305579,0.79946295,0.016354926,0.744303797,0.041906191,0.744303797,0.041906191,0.854622102,0.03795204,0.785693853,0.019676119,0.604802376,0.032273387,0.605435049,0.047008618
mycobacterium_rifampin_resfinder+phenotypeseeker_train,Extra Trees,1003,"[{'clf__max_depth': 20, 'clf__min_samples_leaf': 1, 'clf__min_samples_split': 10, 'clf__n_estimators': 200}, {'clf__max_depth': None, 'clf__min_samples_leaf': 1, 'clf__min_samples_split': 5, 'clf__n_estimators': 200}, {'clf__max_depth': 20, 'clf__min_samples_leaf': 1, 'clf__min_samples_split': 5, 'clf__n_estimators': 500}, {'clf__max_depth': 20, 'clf__min_samples_leaf': 1, 'clf__min_samples_split': 5, 'clf__n_estimators': 200}, {'clf__max_depth': None, 'clf__min_samples_leaf': 2, 'clf__min_samples_split': 5, 'clf__n_estimators': 200}]","[0.55764911414659, 0.540820861689339, 0.6153697568460376, 0.5420757657756085, 0.5273543945492215]",0.542075766,56.6,4.409081537,10.6,3.611094017,70.6,3.666060556,22.4,4.409081537,0.844709158,0.032837696,0.794037267,0.044035119,0.792946306,0.044187307,0.716455696,0.055811159,0.716455696,0.055811159,0.869436917,0.044635474,0.773817702,0.049819245,0.594187291,0.088129176,0.556653979,0.030887572
mycobacterium_rifampin_resfinder+phenotypeseeker_train,Linear SVM,1003,"[{'clf__C': 0.01}, {'clf__C': 0.01}, {'clf__C': 0.1}, {'clf__C': 0.1}, {'clf__C': 0.01}]","[-0.01376723714502237, 0.03641687441860815, 0.20568461483750416, 0.19916226828432576, 0.07229995074470198]",0.072299951,55,2.449489743,9.4,2.244994432,71.8,2.4,24,2.449489743,0.822788431,0.026050644,0.791475155,0.025435434,0.79019702,0.025342858,0.696202532,0.031006199,0.696202532,0.031006199,0.884191509,0.027869962,0.766974675,0.02872156,0.592104048,0.05162264,0.099959294,0.088040304
mycobacterium_rifampin_resfinder+phenotypeseeker_train,LogReg (L2),1003,"[{'clf__C': 0.1}, {'clf__C': 0.1}, {'clf__C': 1}, {'clf__C': 100}, {'clf__C': 0.1}]","[0.44460864066525696, 0.4800219503117125, 0.627407503956152, 0.7673188587265815, 0.5658001078549852]",0.565800108,56,3.033150178,12.6,4.317406629,68.6,4.176122604,23,3.033150178,0.815640211,0.040037734,0.777763975,0.032824278,0.776893493,0.032688343,0.708860759,0.038394306,0.708860759,0.038394306,0.844926227,0.052929319,0.758947437,0.033016496,0.561075963,0.068403468,0.577031412,0.114734329
mycobacterium_rifampin_resfinder+phenotypeseeker_train,BernoulliNB,1003,"[{'clf__alpha': 0.01, 'clf__binarize': None}, {'clf__alpha': 1.0, 'clf__binarize': None}, {'clf__alpha': 0.01, 'clf__binarize': None}, {'clf__alpha': 1.0, 'clf__binarize': None}, {'clf__alpha': 0.01, 'clf__binarize': None}]","[0.9999999997334044, 1.0, 1.0, 0.9999999999801048, 1.0]",1,61.2,2.13541565,37.8,4.79165942,43.4,4.882622246,17.8,2.13541565,0.670153111,0.019673183,0.652927019,0.024953597,0.654550444,0.024621028,0.774683544,0.027030578,0.774683544,0.027030578,0.534417344,0.059601553,0.687842035,0.016193802,0.318591763,0.0461518,1,1.05E-10
mycobacterium_rifampin_resfinder+phenotypeseeker_train,SGD Logistic,1003,"[{'clf__alpha': 0.01}, {'clf__alpha': 0.001}, {'clf__alpha': 0.001}, {'clf__alpha': 0.0001}, {'clf__alpha': 0.0001}]","[0.3751885414652907, 0.03910496082432381, 0.19963106582635184, 0.9999999993226516, 9.228735406691903e-07]",0.199631066,59.6,25.01679436,42.4,26.07374158,38.8,26.0568609,19.4,25.01679436,0.821538617,0.036534296,0.614169255,0.078068594,0.616164302,0.078016301,0.75443038,0.316668283,0.75443038,0.316668283,0.477898223,0.32177431,0.612660008,0.196847692,0.297266036,0.124981333,0.322785098,0.363647385
mycobacterium_rifampin_resfinder+pointfinder_train,RBF SVM,212,"[{'clf__C': 100, 'clf__gamma': 'auto'}, {'clf__C': 1, 'clf__gamma': 'scale'}, {'clf__C': 100, 'clf__gamma': 'auto'}, {'clf__C': 100, 'clf__gamma': 'auto'}, {'clf__C': 10, 'clf__gamma': 0.1}]","[0.5952264107711563, 0.41036314372519617, 0.5397741114385767, 0.37806072942083474, 0.7540719249013349]",0.539774111,70,2.898275349,3,1.264911064,78.2,1.469693846,9,2.898275349,0.945436406,0.020957485,0.925046584,0.022784369,0.924549568,0.022907456,0.886075949,0.03668703,0.886075949,0.03668703,0.963023186,0.015664187,0.920737546,0.024719571,0.852708061,0.044440201,0.535499264,0.135503177
mycobacterium_rifampin_resfinder+pointfinder_train,Gradient Boosting,212,"[{'clf__learning_rate': 0.2, 'clf__max_depth': 1, 'clf__n_estimators': 500}, {'clf__learning_rate': 0.2, 'clf__max_depth': 1, 'clf__n_estimators': 500}, {'clf__learning_rate': 0.01, 'clf__max_depth': 3, 'clf__n_estimators': 500}, {'clf__learning_rate': 0.2, 'clf__max_depth': 1, 'clf__n_estimators': 100}, {'clf__learning_rate': 0.1, 'clf__max_depth': 1, 'clf__n_estimators': 500}]","[0.6374649896755519, 0.5008848761284598, 0.5930010445629208, 0.8183131159404069, 0.625108639779466]",0.62510864,68.6,4.079215611,1.8,1.166190379,79.4,1.2,10.4,4.079215611,0.936769274,0.026487476,0.92378882,0.026405488,0.923096215,0.026678729,0.86835443,0.051635641,0.86835443,0.051635641,0.977838001,0.014387584,0.917606549,0.029598532,0.853338076,0.04999329,0.634954533,0.103400563
mycobacterium_rifampin_resfinder+pointfinder_train,LogReg (L2),212,"[{'clf__C': 1}, {'clf__C': 10}, {'clf__C': 10}, {'clf__C': 10}, {'clf__C': 10}]","[0.5155764687453458, 0.4841911144352336, 0.5416808999368543, 0.4924377287715489, 0.5928985479345688]",0.515576469,69,2,2.4,1.624807681,78.8,1.6,10,2,0.947169337,0.024729981,0.92257764,0.016178019,0.921939213,0.016193022,0.873417722,0.025316456,0.873417722,0.025316456,0.970460705,0.020026783,0.917469142,0.01746237,0.849218975,0.032135231,0.525356952,0.039248689
mycobacterium_rifampin_resfinder+pointfinder_train,LogReg (L1),212,"[{'clf__C': 10}, {'clf__C': 1}, {'clf__C': 10}, {'clf__C': 1}, {'clf__C': 10}]","[0.5268603013131797, 0.3670117396173067, 0.6942337960826168, 0.48694744250082295, 0.7402814448053759]",0.526860301,68.8,3.249615362,2.2,0.979795897,79,1.095445115,10.2,3.249615362,0.933110166,0.018456121,0.922546584,0.021951319,0.921892902,0.022139545,0.870886076,0.041134372,0.870886076,0.041134372,0.972899729,0.012109131,0.916879121,0.024268533,0.849750232,0.041972467,0.563066945,0.137224244
mycobacterium_rifampin_resfinder+pointfinder_train,SGD Logistic,212,"[{'clf__alpha': 0.001}, {'clf__alpha': 0.001}, {'clf__alpha': 0.001}, {'clf__alpha': 0.001}, {'clf__alpha': 0.0001}]","[0.5168529024217466, 0.44449799366567766, 0.5011185178615694, 0.3411027417377367, 0.6790462356891906]",0.501118518,69,2.607680962,2.6,1.959591794,78.6,1.959591794,10,2.607680962,0.940729306,0.024797741,0.921319876,0.016203053,0.920704645,0.016263734,0.873417722,0.03300862,0.873417722,0.03300862,0.967991569,0.02417472,0.916148463,0.017835965,0.847012122,0.031505728,0.496523678,0.110101057
mycobacterium_rifampin_resfinder+pointfinder_train,Linear SVM,212,"[{'clf__C': 0.1}, {'clf__C': 1}, {'clf__C': 1}, {'clf__C': 1}, {'clf__C': 1}]","[-0.08632948861711295, -0.05192654437636468, -0.2179153144161667, -0.09699401492232168, -0.042572727437051594]",-0.086329489,69,2.366431913,2.8,1.720465053,78.4,1.743559577,10,2.366431913,0.947638922,0.023752637,0.920069876,0.019610931,0.919470077,0.019651377,0.873417722,0.029954834,0.873417722,0.029954834,0.965522433,0.021230574,0.91498015,0.021136137,0.843831231,0.039022195,-0.099147618,0.062777793
mycobacterium_rifampin_resfinder+pointfinder_train,AdaBoost,212,"[{'clf__learning_rate': 1.0, 'clf__n_estimators': 200}, {'clf__learning_rate': 1.0, 'clf__n_estimators': 500}, {'clf__learning_rate': 1.0, 'clf__n_estimators': 500}, {'clf__learning_rate': 1.0, 'clf__n_estimators': 500}, {'clf__learning_rate': 0.5, 'clf__n_estimators': 500}]","[0.5050140906815381, 0.49414029523635106, 0.4914160858023828, 0.504225318937767, 0.48275680980674873]",0.494140295,67.8,2.315167381,2,1.673320053,79.2,1.833030278,11.2,2.315167381,0.937965155,0.023493851,0.917562112,0.020023179,0.916783301,0.020013112,0.858227848,0.029305916,0.858227848,0.029305916,0.975338753,0.020676347,0.911151299,0.021688817,0.840818497,0.03948313,0.49551052,0.008337441
mycobacterium_rifampin_resfinder+pointfinder_train,Extra Trees,212,"[{'clf__max_depth': 20, 'clf__min_samples_leaf': 1, 'clf__min_samples_split': 2, 'clf__n_estimators': 200}, {'clf__max_depth': None, 'clf__min_samples_leaf': 1, 'clf__min_samples_split': 10, 'clf__n_estimators': 500}, {'clf__max_depth': 20, 'clf__min_samples_leaf': 1, 'clf__min_samples_split': 10, 'clf__n_estimators': 200}, {'clf__max_depth': 10, 'clf__min_samples_leaf': 2, 'clf__min_samples_split': 2, 'clf__n_estimators': 500}, {'clf__max_depth': 20, 'clf__min_samples_leaf': 1, 'clf__min_samples_split': 10, 'clf__n_estimators': 200}]","[0.5308873701475689, 0.44676788973761455, 0.38747074750685107, 0.448404578932443, 0.48782775285500796]",0.448404579,69,1.673320053,3.8,2.785677655,77.4,2.8,10,1.673320053,0.948957345,0.026497867,0.913858696,0.019916087,0.913312293,0.019801175,0.873417722,0.021181266,0.873417722,0.021181266,0.953206865,0.034383277,0.909254544,0.019904974,0.830770766,0.040607465,0.460271668,0.047684524
mycobacterium_rifampin_resfinder+pointfinder_train,Balanced Random Forest,212,"[{'clf__max_depth': None, 'clf__min_samples_leaf': 1, 'clf__min_samples_split': 10, 'clf__n_estimators': 200}, {'clf__max_depth': None, 'clf__min_samples_leaf': 1, 'clf__min_samples_split': 5, 'clf__n_estimators': 500}, {'clf__max_depth': 20, 'clf__min_samples_leaf': 1, 'clf__min_samples_split': 10, 'clf__n_estimators': 500}, {'clf__max_depth': 10, 'clf__min_samples_leaf': 1, 'clf__min_samples_split': 2, 'clf__n_estimators': 200}, {'clf__max_depth': 20, 'clf__min_samples_leaf': 1, 'clf__min_samples_split': 10, 'clf__n_estimators': 500}]","[0.46547535797535816, 0.3549965588350556, 0.33165265544988104, 0.41414735679215037, 0.47034548923701447]",0.414147357,70,2.28035085,5,2.097617696,76.2,2.039607805,9,2.28035085,0.948050572,0.02758647,0.912593168,0.02206216,0.912264111,0.022083868,0.886075949,0.028865201,0.886075949,0.028865201,0.938452273,0.02581277,0.909032895,0.023243868,0.826520954,0.044284186,0.407323484,0.056327898
mycobacterium_rifampin_resfinder+pointfinder_train,Random Forest,212,"[{'clf__max_depth': 20, 'clf__min_samples_leaf': 1, 'clf__min_samples_split': 5, 'clf__n_estimators': 500}, {'clf__max_depth': 20, 'clf__min_samples_leaf': 1, 'clf__min_samples_split': 5, 'clf__n_estimators': 200}, {'clf__max_depth': 20, 'clf__min_samples_leaf': 1, 'clf__min_samples_split': 10, 'clf__n_estimators': 500}, {'clf__max_depth': 5, 'clf__min_samples_leaf': 2, 'clf__min_samples_split': 2, 'clf__n_estimators': 200}, {'clf__max_depth': None, 'clf__min_samples_leaf': 1, 'clf__min_samples_split': 2, 'clf__n_estimators': 200}]","[0.5564846219434301, 0.4290393845455651, 0.4456023616164821, 0.4894216900224794, 0.5354109728737508]",0.48942169,68.2,1.720465053,3.2,2.481934729,78,2.607680962,10.8,1.720465053,0.946361284,0.026723459,0.912600932,0.017267814,0.911922595,0.017154599,0.863291139,0.021778039,0.863291139,0.021778039,0.96055405,0.03067051,0.907003728,0.017609679,0.829423947,0.035141665,0.491191806,0.049321275
mycobacterium_rifampin_resfinder+pointfinder_train,Decision Tree,212,"[{'clf__max_depth': 10, 'clf__min_samples_leaf': 2, 'clf__min_samples_split': 10}, {'clf__max_depth': 3, 'clf__min_samples_leaf': 1, 'clf__min_samples_split': 2}, {'clf__max_depth': 3, 'clf__min_samples_leaf': 1, 'clf__min_samples_split': 2}, {'clf__max_depth': 10, 'clf__min_samples_leaf': 2, 'clf__min_samples_split': 10}, {'clf__max_depth': 10, 'clf__min_samples_leaf': 2, 'clf__min_samples_split': 2}]","[0.6067415730337078, 0.8044485634847081, 0.89118102114492, 0.5058548009367682, 0.5081967213114754]",0.606741573,67.8,3.370459909,2.8,3.18747549,78.4,3.261901286,11.2,3.370459909,0.91791629,0.018996387,0.912554348,0.026606245,0.911860085,0.026595753,0.858227848,0.042664049,0.858227848,0.042664049,0.965492322,0.039366845,0.906254541,0.027809738,0.831107994,0.052961333,0.663284536,0.157415088
mycobacterium_rifampin_resfinder+pointfinder_train,BernoulliNB,212,"[{'clf__alpha': 1.0, 'clf__binarize': None}, {'clf__alpha': 0.1, 'clf__binarize': None}, {'clf__alpha': 0.01, 'clf__binarize': None}, {'clf__alpha': 1.0, 'clf__binarize': None}, {'clf__alpha': 0.1, 'clf__binarize': None}]","[0.4435710625863939, 0.6336523074933318, 0.7560302695441129, 0.30755603395198106, 0.5809127172041274]",0.580912717,68.4,2.416609195,4.2,2.561249695,77,2.75680975,10.6,2.416609195,0.938759295,0.025150435,0.907585404,0.02188803,0.907015578,0.021816361,0.865822785,0.03058999,0.865822785,0.03058999,0.948208371,0.031672282,0.902342222,0.023053517,0.818362886,0.043534199,0.544344478,0.155143835
mycobacterium_rifampin_resfinder+pointfinder_train,HistGB,212,"[{'clf__l2_regularization': 0.0, 'clf__learning_rate': 0.1, 'clf__max_depth': 6, 'clf__max_leaf_nodes': 31, 'clf__min_samples_leaf': 10}, {'clf__l2_regularization': 1.0, 'clf__learning_rate': 0.05, 'clf__max_depth': 3, 'clf__max_leaf_nodes': 31, 'clf__min_samples_leaf': 10}, {'clf__l2_regularization': 0.0, 'clf__learning_rate': 0.05, 'clf__max_depth': 3, 'clf__max_leaf_nodes': 31, 'clf__min_samples_leaf': 10}, {'clf__l2_regularization': 1.0, 'clf__learning_rate': 0.1, 'clf__max_depth': 6, 'clf__max_leaf_nodes': 31, 'clf__min_samples_leaf': 10}, {'clf__l2_regularization': 0.0, 'clf__learning_rate': 0.1, 'clf__max_depth': 3, 'clf__max_leaf_nodes': 31, 'clf__min_samples_leaf': 10}]","[0.5470155747488675, 0.40724510584480517, 0.5646030657268983, 0.6812135329694972, 0.7204883273634697]",0.564603066,66.4,3.006659276,2.6,1.356465997,78.6,1.356465997,12.6,3.006659276,0.933066714,0.023508304,0.905085404,0.018828512,0.904248949,0.018964074,0.840506329,0.038058978,0.840506329,0.038058978,0.967991569,0.016720811,0.896908169,0.021894357,0.816968219,0.035093399,0.584113121,0.110513214
mycobacterium_rifampin_resfinder+pointfinder_train,KNN,212,"[{'clf__n_neighbors': 1, 'clf__p': 1, 'clf__weights': 'uniform'}, {'clf__n_neighbors': 1, 'clf__p': 1, 'clf__weights': 'uniform'}, {'clf__n_neighbors': 3, 'clf__p': 1, 'clf__weights': 'distance'}, {'clf__n_neighbors': 11, 'clf__p': 1, 'clf__weights': 'uniform'}, {'clf__n_neighbors': 5, 'clf__p': 1, 'clf__weights': 'distance'}]","[1.0, 1.0, 0.22580645161290325, 0.36363636363636365, 0.43749999999999994]",0.4375,66.8,2.481934729,8,2.607680962,73.2,2.4,12.2,2.481934729,0.899384241,0.026163631,0.87390528,0.006163168,0.873567707,0.00614192,0.84556962,0.031416895,0.84556962,0.031416895,0.901565793,0.031817149,0.868549293,0.007178854,0.750143379,0.013334143,0.605388563,0.329287002
mycobacterium_rifampin_resfinder+pointfinder+cdhit_train,Gradient Boosting,214,"[{'clf__learning_rate': 0.2, 'clf__max_depth': 1, 'clf__n_estimators': 500}, {'clf__learning_rate': 0.05, 'clf__max_depth': 1, 'clf__n_estimators': 500}, {'clf__learning_rate': 0.01, 'clf__max_depth': 3, 'clf__n_estimators': 500}, {'clf__learning_rate': 0.05, 'clf__max_depth': 1, 'clf__n_estimators': 500}, {'clf__learning_rate': 0.05, 'clf__max_depth': 2, 'clf__n_estimators': 500}]","[0.6373573072036104, 0.2801949674531356, 0.5959489424123174, 0.8604678409370324, 0.8465116991849149]",0.637357307,69,4.098780306,1.8,1.166190379,79.4,1.2,10,4.098780306,0.939738488,0.026147334,0.92628882,0.026696081,0.925627861,0.026970128,0.873417722,0.051883295,0.873417722,0.051883295,0.977838001,0.014387584,0.920487649,0.029988839,0.857917028,0.050453579,0.644096151,0.210986445
mycobacterium_rifampin_resfinder+pointfinder+cdhit_train,RBF SVM,214,"[{'clf__C': 100, 'clf__gamma': 'auto'}, {'clf__C': 1, 'clf__gamma': 'scale'}, {'clf__C': 100, 'clf__gamma': 'auto'}, {'clf__C': 100, 'clf__gamma': 'auto'}, {'clf__C': 10, 'clf__gamma': 0.1}]","[0.5896247130887488, 0.3651084253012007, 0.5425756704611918, 0.3738058067495385, 0.725692039927637]",0.54257567,70,2.898275349,3,1.264911064,78.2,1.469693846,9,2.898275349,0.944407663,0.021258686,0.925046584,0.022784369,0.924549568,0.022907456,0.886075949,0.03668703,0.886075949,0.03668703,0.963023186,0.015664187,0.920737546,0.024719571,0.852708061,0.044440201,0.519361331,0.136402771
mycobacterium_rifampin_resfinder+pointfinder+cdhit_train,SGD Logistic,214,"[{'clf__alpha': 0.001}, {'clf__alpha': 0.001}, {'clf__alpha': 0.001}, {'clf__alpha': 0.001}, {'clf__alpha': 0.0001}]","[0.46069341549035325, 0.5046452673851767, 0.5405795408695555, 0.2975542789676806, 0.7093191075085155]",0.504645267,69.4,3.261901286,2.8,2.315167381,78.4,2.332380758,9.6,3.261901286,0.940541777,0.023604724,0.922554348,0.021226288,0.922001723,0.021340019,0.878481013,0.04128989,0.878481013,0.04128989,0.965522433,0.02857508,0.917686187,0.022972868,0.849324945,0.041465033,0.502558322,0.132649402
mycobacterium_rifampin_resfinder+pointfinder+cdhit_train,LogReg (L2),214,"[{'clf__C': 1}, {'clf__C': 10}, {'clf__C': 10}, {'clf__C': 10}, {'clf__C': 10}]","[0.5152865419602747, 0.48432610238378254, 0.5416207436643091, 0.4918194886502349, 0.5931842056079185]",0.515286542,69,2,2.4,1.624807681,78.8,1.6,10,2,0.947169337,0.024729981,0.92257764,0.016178019,0.921939213,0.016193022,0.873417722,0.025316456,0.873417722,0.025316456,0.970460705,0.020026783,0.917469142,0.01746237,0.849218975,0.032135231,0.525247416,0.039432708
mycobacterium_rifampin_resfinder+pointfinder+cdhit_train,LogReg (L1),214,"[{'clf__C': 10}, {'clf__C': 1}, {'clf__C': 10}, {'clf__C': 1}, {'clf__C': 10}]","[0.5290887900037167, 0.3672296901906411, 0.6939504093678432, 0.4869544180447839, 0.7428815671261287]",0.52908879,68.8,3.249615362,2.2,0.979795897,79,1.095445115,10.2,3.249615362,0.932953891,0.018394451,0.922546584,0.021951319,0.921892902,0.022139545,0.870886076,0.041134372,0.870886076,0.041134372,0.972899729,0.012109131,0.916879121,0.024268533,0.849750232,0.041972467,0.564020975,0.137665603
mycobacterium_rifampin_resfinder+pointfinder+cdhit_train,Linear SVM,214,"[{'clf__C': 0.1}, {'clf__C': 1}, {'clf__C': 1}, {'clf__C': 1}, {'clf__C': 1}]","[-0.08657347964111112, -0.052052416064023554, -0.21757874182450013, -0.09759977120959423, -0.04248391877665855]",-0.08657348,69,2.366431913,2.8,1.720465053,78.4,1.743559577,10,2.366431913,0.947670177,0.023709509,0.920069876,0.019610931,0.919470077,0.019651377,0.873417722,0.029954834,0.873417722,0.029954834,0.965522433,0.021230574,0.91498015,0.021136137,0.843831231,0.039022195,-0.099257666,0.062634029
mycobacterium_rifampin_resfinder+pointfinder+cdhit_train,Balanced Random Forest,214,"[{'clf__max_depth': 20, 'clf__min_samples_leaf': 1, 'clf__min_samples_split': 2, 'clf__n_estimators': 200}, {'clf__max_depth': None, 'clf__min_samples_leaf': 1, 'clf__min_samples_split': 10, 'clf__n_estimators': 200}, {'clf__max_depth': 20, 'clf__min_samples_leaf': 1, 'clf__min_samples_split': 2, 'clf__n_estimators': 200}, {'clf__max_depth': 10, 'clf__min_samples_leaf': 2, 'clf__min_samples_split': 2, 'clf__n_estimators': 200}, {'clf__max_depth': 20, 'clf__min_samples_leaf': 1, 'clf__min_samples_split': 10, 'clf__n_estimators': 200}]","[0.4516916737264263, 0.44421031746031764, 0.40067298002127827, 0.4359554153549243, 0.4974810109694343]",0.444210317,69.2,2.227105745,3.4,2.653299832,77.8,2.638181192,9.8,2.227105745,0.948752663,0.026724767,0.917593168,0.020725763,0.917047252,0.020669957,0.875949367,0.028191212,0.875949367,0.028191212,0.958145137,0.032730426,0.912961231,0.021605174,0.838557753,0.041712815,0.44600228,0.031116957
mycobacterium_rifampin_resfinder+pointfinder+cdhit_train,AdaBoost,214,"[{'clf__learning_rate': 1.0, 'clf__n_estimators': 200}, {'clf__learning_rate': 1.0, 'clf__n_estimators': 500}, {'clf__learning_rate': 1.0, 'clf__n_estimators': 500}, {'clf__learning_rate': 1.0, 'clf__n_estimators': 500}, {'clf__learning_rate': 0.5, 'clf__n_estimators': 500}]","[0.5050140906815381, 0.49414029523635106, 0.4912672714805553, 0.504225318937767, 0.48275680980674873]",0.494140295,67.8,2.315167381,2,1.673320053,79.2,1.833030278,11.2,2.315167381,0.937965155,0.023493851,0.917562112,0.020023179,0.916783301,0.020013112,0.858227848,0.029305916,0.858227848,0.029305916,0.975338753,0.020676347,0.911151299,0.021688817,0.840818497,0.03948313,0.495480757,0.008352257
mycobacterium_rifampin_resfinder+pointfinder+cdhit_train,Decision Tree,214,"[{'clf__max_depth': 10, 'clf__min_samples_leaf': 1, 'clf__min_samples_split': 5}, {'clf__max_depth': 3, 'clf__min_samples_leaf': 1, 'clf__min_samples_split': 2}, {'clf__max_depth': 3, 'clf__min_samples_leaf': 1, 'clf__min_samples_split': 2}, {'clf__max_depth': 10, 'clf__min_samples_leaf': 2, 'clf__min_samples_split': 2}, {'clf__max_depth': None, 'clf__min_samples_leaf': 1, 'clf__min_samples_split': 5}]","[0.6728971962616822, 0.8044485634847081, 0.89118102114492, 0.5058548009367682, 0.7552204176334106]",0.755220418,68,3.033150178,2.6,2.416609195,78.6,2.497999199,11,3.033150178,0.916616545,0.019547413,0.915062112,0.021242369,0.914360476,0.021273063,0.860759494,0.038394306,0.860759494,0.038394306,0.967961457,0.029849873,0.908861966,0.022913934,0.83570568,0.04165357,0.7259204,0.130825505
mycobacterium_rifampin_resfinder+pointfinder+cdhit_train,Random Forest,214,"[{'clf__max_depth': None, 'clf__min_samples_leaf': 1, 'clf__min_samples_split': 2, 'clf__n_estimators': 500}, {'clf__max_depth': 20, 'clf__min_samples_leaf': 1, 'clf__min_samples_split': 5, 'clf__n_estimators': 500}, {'clf__max_depth': 20, 'clf__min_samples_leaf': 1, 'clf__min_samples_split': 10, 'clf__n_estimators': 500}, {'clf__max_depth': None, 'clf__min_samples_leaf': 2, 'clf__min_samples_split': 10, 'clf__n_estimators': 200}, {'clf__max_depth': None, 'clf__min_samples_leaf': 1, 'clf__min_samples_split': 10, 'clf__n_estimators': 200}]","[0.5020539985379618, 0.5471708669607018, 0.4480764820740223, 0.45992322042980505, 0.5578429981324262]",0.502053999,68.2,1.939071943,3,2.19089023,78.2,2.039607805,10.8,1.939071943,0.946801139,0.026041849,0.913858696,0.012738741,0.91320233,0.012707994,0.863291139,0.024545214,0.863291139,0.024545214,0.96311352,0.026911922,0.90811326,0.013527971,0.832326417,0.026160848,0.503013513,0.044343919
mycobacterium_rifampin_resfinder+pointfinder+cdhit_train,Extra Trees,214,"[{'clf__max_depth': None, 'clf__min_samples_leaf': 1, 'clf__min_samples_split': 2, 'clf__n_estimators': 200}, {'clf__max_depth': None, 'clf__min_samples_leaf': 1, 'clf__min_samples_split': 10, 'clf__n_estimators': 500}, {'clf__max_depth': 20, 'clf__min_samples_leaf': 1, 'clf__min_samples_split': 5, 'clf__n_estimators': 200}, {'clf__max_depth': 5, 'clf__min_samples_leaf': 5, 'clf__min_samples_split': 2, 'clf__n_estimators': 500}, {'clf__max_depth': 20, 'clf__min_samples_leaf': 1, 'clf__min_samples_split': 10, 'clf__n_estimators': 200}]","[0.6392159719331625, 0.4467605884087717, 0.45587290531263625, 0.4552581066763918, 0.510600028613507]",0.455872905,68.6,2.416609195,4,3.16227766,77.2,3.18747549,10.4,2.416609195,0.946239313,0.023416346,0.910108696,0.023264044,0.90954608,0.023176682,0.86835443,0.03058999,0.86835443,0.03058999,0.95073773,0.039041208,0.905101798,0.023820353,0.823809466,0.046578723,0.50154152,0.072477636
mycobacterium_rifampin_resfinder+pointfinder+cdhit_train,BernoulliNB,214,"[{'clf__alpha': 1.0, 'clf__binarize': None}, {'clf__alpha': 0.1, 'clf__binarize': None}, {'clf__alpha': 0.01, 'clf__binarize': None}, {'clf__alpha': 1.0, 'clf__binarize': None}, {'clf__alpha': 0.1, 'clf__binarize': None}]","[0.44351766129450443, 0.6336451857700756, 0.7560298648954233, 0.30750099622441995, 0.5809052483276705]",0.580905248,68.4,2.416609195,4.2,2.561249695,77,2.75680975,10.6,2.416609195,0.938759295,0.025150435,0.907585404,0.02188803,0.907015578,0.021816361,0.865822785,0.03058999,0.865822785,0.03058999,0.948208371,0.031672282,0.902342222,0.023053517,0.818362886,0.043534199,0.544319791,0.15516629
mycobacterium_rifampin_resfinder+pointfinder+cdhit_train,HistGB,214,"[{'clf__l2_regularization': 0.0, 'clf__learning_rate': 0.1, 'clf__max_depth': 6, 'clf__max_leaf_nodes': 31, 'clf__min_samples_leaf': 10}, {'clf__l2_regularization': 1.0, 'clf__learning_rate': 0.05, 'clf__max_depth': 3, 'clf__max_leaf_nodes': 31, 'clf__min_samples_leaf': 10}, {'clf__l2_regularization': 0.0, 'clf__learning_rate': 0.05, 'clf__max_depth': 3, 'clf__max_leaf_nodes': 31, 'clf__min_samples_leaf': 10}, {'clf__l2_regularization': 1.0, 'clf__learning_rate': 0.1, 'clf__max_depth': 6, 'clf__max_leaf_nodes': 31, 'clf__min_samples_leaf': 10}, {'clf__l2_regularization': 0.0, 'clf__learning_rate': 0.1, 'clf__max_depth': 3, 'clf__max_leaf_nodes': 31, 'clf__min_samples_leaf': 10}]","[0.5470155747488675, 0.40724510584480517, 0.5646030657268983, 0.6812135329694972, 0.7204883273634697]",0.564603066,66.4,3.006659276,2.6,1.356465997,78.6,1.356465997,12.6,3.006659276,0.933066714,0.023508304,0.905085404,0.018828512,0.904248949,0.018964074,0.840506329,0.038058978,0.840506329,0.038058978,0.967991569,0.016720811,0.896908169,0.021894357,0.816968219,0.035093399,0.584113121,0.110513214
mycobacterium_rifampin_resfinder+pointfinder+cdhit_train,KNN,214,"[{'clf__n_neighbors': 1, 'clf__p': 1, 'clf__weights': 'uniform'}, {'clf__n_neighbors': 1, 'clf__p': 1, 'clf__weights': 'uniform'}, {'clf__n_neighbors': 3, 'clf__p': 1, 'clf__weights': 'distance'}, {'clf__n_neighbors': 11, 'clf__p': 1, 'clf__weights': 'uniform'}, {'clf__n_neighbors': 5, 'clf__p': 1, 'clf__weights': 'distance'}]","[1.0, 1.0, 0.22580645161290325, 0.36363636363636365, 0.43749999999999994]",0.4375,66.8,2.481934729,8,2.607680962,73.2,2.4,12.2,2.481934729,0.899384241,0.026163631,0.87390528,0.006163168,0.873567707,0.00614192,0.84556962,0.031416895,0.84556962,0.031416895,0.901565793,0.031817149,0.868549293,0.007178854,0.750143379,0.013334143,0.605388563,0.329287002
mycobacterium_rifampin_resfinder+pointfinder+cdhit+phenotypeseeker_train,Gradient Boosting,1214,"[{'clf__learning_rate': 0.05, 'clf__max_depth': 1, 'clf__n_estimators': 500}, {'clf__learning_rate': 0.2, 'clf__max_depth': 1, 'clf__n_estimators': 100}, {'clf__learning_rate': 0.05, 'clf__max_depth': 3, 'clf__n_estimators': 200}, {'clf__learning_rate': 0.05, 'clf__max_depth': 1, 'clf__n_estimators': 500}, {'clf__learning_rate': 0.05, 'clf__max_depth': 3, 'clf__n_estimators': 200}]","[0.6287594119714305, 0.3963185065624826, 0.7302263331338146, 0.8569313735726837, 0.5530901137439372]",0.628759412,68.4,3.720215048,2.2,1.326649916,79,1.414213562,10.6,3.720215048,0.932826966,0.025049031,0.920046584,0.024891631,0.919361257,0.025105893,0.865822785,0.04709133,0.865822785,0.04709133,0.972899729,0.016387913,0.913850756,0.02788057,0.845411767,0.047416146,0.633065148,0.156217733
mycobacterium_rifampin_resfinder+pointfinder+cdhit+phenotypeseeker_train,AdaBoost,1214,"[{'clf__learning_rate': 1.0, 'clf__n_estimators': 500}, {'clf__learning_rate': 0.5, 'clf__n_estimators': 500}, {'clf__learning_rate': 0.5, 'clf__n_estimators': 500}, {'clf__learning_rate': 0.5, 'clf__n_estimators': 500}, {'clf__learning_rate': 1.0, 'clf__n_estimators': 200}]","[0.49875431569688, 0.4922197910343673, 0.5325984852699119, 0.5176940069435817, 0.5155892975831016]",0.515589298,67.2,3.919183588,1.6,1.019803903,79.6,1.019803903,11.8,3.919183588,0.93882333,0.027956997,0.916304348,0.023344906,0.915470024,0.023608161,0.850632911,0.049609919,0.850632911,0.049609919,0.980307136,0.012567105,0.908613309,0.027158161,0.840225579,0.042671219,0.511371179,0.014382838
mycobacterium_rifampin_resfinder+pointfinder+cdhit+phenotypeseeker_train,Decision Tree,1214,"[{'clf__max_depth': 5, 'clf__min_samples_leaf': 2, 'clf__min_samples_split': 20}, {'clf__max_depth': 3, 'clf__min_samples_leaf': 1, 'clf__min_samples_split': 2}, {'clf__max_depth': 3, 'clf__min_samples_leaf': 1, 'clf__min_samples_split': 2}, {'clf__max_depth': 3, 'clf__min_samples_leaf': 1, 'clf__min_samples_split': 2}, {'clf__max_depth': 10, 'clf__min_samples_leaf': 1, 'clf__min_samples_split': 2}]","[0.5058548009367682, 0.9750502542272673, 0.89118102114492, 0.9756744293290293, 0.5070093457943925]",0.891181021,66.6,3.006659276,1.4,1.019803903,79.8,1.166190379,12.4,3.006659276,0.91562344,0.014865711,0.913819876,0.021531072,0.912892068,0.021640208,0.843037975,0.038058978,0.843037975,0.038058978,0.982746161,0.012602121,0.905719317,0.024746735,0.835666508,0.040439444,0.77095397,0.218158033
mycobacterium_rifampin_resfinder+pointfinder+cdhit+phenotypeseeker_train,LogReg (L1),1214,"[{'clf__C': 1}, {'clf__C': 1}, {'clf__C': 1}, {'clf__C': 1}, {'clf__C': 1}]","[0.5875785083124689, 0.7750171814887388, 0.5252508373129416, 0.64077798127232, 0.32010810907461884]",0.587578508,66.8,2.481934729,2.8,2.4,78.4,2.576819745,12.2,2.481934729,0.936460346,0.023286317,0.906319876,0.021041868,0.905515915,0.020958067,0.84556962,0.031416895,0.84556962,0.031416895,0.96546221,0.029652266,0.898979247,0.022483545,0.818836149,0.042147396,0.569746523,0.149531732
mycobacterium_rifampin_resfinder+pointfinder+cdhit+phenotypeseeker_train,Linear SVM,1214,"[{'clf__C': 0.01}, {'clf__C': 0.01}, {'clf__C': 0.1}, {'clf__C': 0.1}, {'clf__C': 0.1}]","[0.07482007418077342, -0.11696956840014816, 0.051353766455969126, 0.056420982657545235, 0.003956436153279426]",0.051353766,66,2.607680962,3,1.414213562,78.2,1.720465053,13,2.607680962,0.930638553,0.018826921,0.900124224,0.018115925,0.899218056,0.018247306,0.835443038,0.03300862,0.835443038,0.03300862,0.962993074,0.017502062,0.891625401,0.021025941,0.806688138,0.034634631,0.013916338,0.069495023
mycobacterium_rifampin_resfinder+pointfinder+cdhit+phenotypeseeker_train,Balanced Random Forest,1214,"[{'clf__max_depth': 10, 'clf__min_samples_leaf': 1, 'clf__min_samples_split': 10, 'clf__n_estimators': 500}, {'clf__max_depth': 20, 'clf__min_samples_leaf': 1, 'clf__min_samples_split': 5, 'clf__n_estimators': 200}, {'clf__max_depth': 20, 'clf__min_samples_leaf': 1, 'clf__min_samples_split': 10, 'clf__n_estimators': 200}, {'clf__max_depth': None, 'clf__min_samples_leaf': 2, 'clf__min_samples_split': 10, 'clf__n_estimators': 200}, {'clf__max_depth': 20, 'clf__min_samples_leaf': 1, 'clf__min_samples_split': 5, 'clf__n_estimators': 500}]","[0.500222379014859, 0.5076843626145097, 0.44784681156656975, 0.517089772387915, 0.46175000000000005]",0.500222379,66.4,2.497999199,3.6,2.870540019,77.6,3.072458299,12.6,2.497999199,0.92542013,0.019119919,0.898850932,0.026119016,0.898045998,0.026020234,0.840506329,0.031620243,0.840506329,0.031620243,0.955585667,0.03546608,0.891317133,0.027372483,0.803289723,0.053672516,0.486918665,0.027124049
mycobacterium_rifampin_resfinder+pointfinder+cdhit+phenotypeseeker_train,HistGB,1214,"[{'clf__l2_regularization': 0.0, 'clf__learning_rate': 0.1, 'clf__max_depth': 6, 'clf__max_leaf_nodes': 31, 'clf__min_samples_leaf': 50}, {'clf__l2_regularization': 1.0, 'clf__learning_rate': 0.05, 'clf__max_depth': 6, 'clf__max_leaf_nodes': 31, 'clf__min_samples_leaf': 10}, {'clf__l2_regularization': 1.0, 'clf__learning_rate': 0.1, 'clf__max_depth': 3, 'clf__max_leaf_nodes': 31, 'clf__min_samples_leaf': 50}, {'clf__l2_regularization': 0.0, 'clf__learning_rate': 0.05, 'clf__max_depth': 6, 'clf__max_leaf_nodes': 31, 'clf__min_samples_leaf': 10}, {'clf__l2_regularization': 0.0, 'clf__learning_rate': 0.05, 'clf__max_depth': 6, 'clf__max_leaf_nodes': 31, 'clf__min_samples_leaf': 10}]","[0.6114153826414782, 0.48267057130146374, 0.3473967244353472, 0.6545336232184559, 0.5310941894630244]",0.531094189,66.6,1.019803903,4,2.898275349,77.2,2.993325909,12.4,1.019803903,0.933008778,0.02150912,0.897608696,0.016207502,0.896872796,0.015928191,0.843037975,0.01290891,0.843037975,0.01290891,0.950707618,0.035812788,0.890639989,0.014941892,0.800246316,0.035321746,0.525422098,0.107347595
mycobacterium_rifampin_resfinder+pointfinder+cdhit+phenotypeseeker_train,Random Forest,1214,"[{'clf__max_depth': 20, 'clf__min_samples_leaf': 1, 'clf__min_samples_split': 10, 'clf__n_estimators': 500}, {'clf__max_depth': 20, 'clf__min_samples_leaf': 1, 'clf__min_samples_split': 5, 'clf__n_estimators': 200}, {'clf__max_depth': None, 'clf__min_samples_leaf': 1, 'clf__min_samples_split': 10, 'clf__n_estimators': 200}, {'clf__max_depth': 10, 'clf__min_samples_leaf': 1, 'clf__min_samples_split': 10, 'clf__n_estimators': 500}, {'clf__max_depth': 20, 'clf__min_samples_leaf': 1, 'clf__min_samples_split': 5, 'clf__n_estimators': 500}]","[0.5045374554930194, 0.5017954030567932, 0.4101718431020969, 0.5194125553084953, 0.44741757319242825]",0.501795403,66.4,2.244994432,4.2,2.481934729,77,2.683281573,12.6,2.244994432,0.928119485,0.020522064,0.895108696,0.024573392,0.89435735,0.024498706,0.840506329,0.028417651,0.840506329,0.028417651,0.948208371,0.030694741,0.887721181,0.025980395,0.794765794,0.05014747,0.476666966,0.041261402
mycobacterium_rifampin_resfinder+pointfinder+cdhit+phenotypeseeker_train,LogReg (L2),1214,"[{'clf__C': 0.1}, {'clf__C': 0.1}, {'clf__C': 0.1}, {'clf__C': 1}, {'clf__C': 1}]","[0.5631239666619829, 0.5373750609924781, 0.46034423016232107, 0.6481315967326561, 0.4992557721992295]",0.537375061,65.6,1.2,3.4,2.244994432,77.8,2.481934729,13.4,1.2,0.927990273,0.020453708,0.895124224,0.016528126,0.894217275,0.016389691,0.830379747,0.015189873,0.830379747,0.015189873,0.958054803,0.027748218,0.886618476,0.016736175,0.796558508,0.03504337,0.541646125,0.063601314
mycobacterium_rifampin_resfinder+pointfinder+cdhit+phenotypeseeker_train,RBF SVM,1214,"[{'clf__C': 100, 'clf__gamma': 'auto'}, {'clf__C': 100, 'clf__gamma': 'auto'}, {'clf__C': 100, 'clf__gamma': 'auto'}, {'clf__C': 10, 'clf__gamma': 'scale'}, {'clf__C': 100, 'clf__gamma': 'auto'}]","[0.5420886673879013, 0.6567757210703902, 0.48978531532662023, 0.6119621261593856, 0.31231231167675966]",0.542088667,66.6,3.382306905,4.6,2.576819745,76.6,2.576819745,12.4,3.382306905,0.931972602,0.017490867,0.893858696,0.023803851,0.893199204,0.023882806,0.843037975,0.042814011,0.843037975,0.042814011,0.943360434,0.031790636,0.8865087,0.026577407,0.792551868,0.047755752,0.522584828,0.11972154
mycobacterium_rifampin_resfinder+pointfinder+cdhit+phenotypeseeker_train,Extra Trees,1214,"[{'clf__max_depth': 20, 'clf__min_samples_leaf': 1, 'clf__min_samples_split': 10, 'clf__n_estimators': 500}, {'clf__max_depth': 20, 'clf__min_samples_leaf': 1, 'clf__min_samples_split': 10, 'clf__n_estimators': 200}, {'clf__max_depth': None, 'clf__min_samples_leaf': 2, 'clf__min_samples_split': 10, 'clf__n_estimators': 500}, {'clf__max_depth': 10, 'clf__min_samples_leaf': 1, 'clf__min_samples_split': 5, 'clf__n_estimators': 500}, {'clf__max_depth': 20, 'clf__min_samples_leaf': 1, 'clf__min_samples_split': 10, 'clf__n_estimators': 500}]","[0.47352055726260495, 0.4741492929125047, 0.512368193111923, 0.4032721333525585, 0.44562827679148387]",0.473520557,67.6,3.261901286,6.8,3.249615362,74.4,3.322649545,11.4,3.261901286,0.921816671,0.025443597,0.886374224,0.024881778,0.885963127,0.024871347,0.855696203,0.04128989,0.855696203,0.04128989,0.916230051,0.040164786,0.881210601,0.026431956,0.775431062,0.049714003,0.461787691,0.036149837
mycobacterium_rifampin_resfinder+pointfinder+cdhit+phenotypeseeker_train,SGD Logistic,1214,"[{'clf__alpha': 0.01}, {'clf__alpha': 0.01}, {'clf__alpha': 0.0001}, {'clf__alpha': 0.001}, {'clf__alpha': 0.01}]","[0.4194143930473614, 0.6713374131136749, 0.9718560199426889, 0.07330260876110636, 0.5963687890540448]",0.596368789,67.8,3.867815921,9.4,8.163332653,71.8,8.231646251,11.2,3.867815921,0.922218792,0.028972276,0.871350932,0.046973442,0.871194623,0.046452496,0.858227848,0.048959695,0.858227848,0.048959695,0.884161397,0.100844715,0.869608731,0.041555629,0.749314448,0.094695336,0.546455845,0.296332763
mycobacterium_rifampin_resfinder+pointfinder+cdhit+phenotypeseeker_train,KNN,1214,"[{'clf__n_neighbors': 3, 'clf__p': 1, 'clf__weights': 'uniform'}, {'clf__n_neighbors': 9, 'clf__p': 1, 'clf__weights': 'distance'}, {'clf__n_neighbors': 7, 'clf__p': 1, 'clf__weights': 'distance'}, {'clf__n_neighbors': 3, 'clf__p': 1, 'clf__weights': 'uniform'}, {'clf__n_neighbors': 15, 'clf__p': 1, 'clf__weights': 'distance'}]","[0.6666666666666666, 0.4815422838732348, 0.4823994127311498, 0.6666666666666666, 0.524430887650024]",0.524430888,61,3.033150178,10.2,2.993325909,71,3.286335345,18,3.033150178,0.866173068,0.034097727,0.823959627,0.021870532,0.823203321,0.021836132,0.772151899,0.038394306,0.772151899,0.038394306,0.874254743,0.037209032,0.812048987,0.023764488,0.651751426,0.04459784,0.564341184,0.084975234
mycobacterium_rifampin_resfinder+pointfinder+cdhit+phenotypeseeker_train,BernoulliNB,1214,"[{'clf__alpha': 0.01, 'clf__binarize': None}, {'clf__alpha': 0.01, 'clf__binarize': None}, {'clf__alpha': 0.01, 'clf__binarize': None}, {'clf__alpha': 0.01, 'clf__binarize': None}, {'clf__alpha': 0.01, 'clf__binarize': None}]","[0.9999994785948383, 0.9999999993825668, 0.9999999999834017, 0.9999999990990318, 0.9999999998298676]",0.999999999,62.8,3.059411708,37.6,4.176122604,43.6,4.270831301,16.2,3.059411708,0.683689144,0.021385942,0.664169255,0.025117822,0.665911594,0.024966271,0.794936709,0.03872673,0.794936709,0.03872673,0.53688648,0.052015929,0.700019787,0.021147915,0.344023437,0.050303922,0.999999895,2.08E-07
mycobacterium_rifampin_resfinder+pointfinder+phenotypeseeker_train,Gradient Boosting,1212,"[{'clf__learning_rate': 0.05, 'clf__max_depth': 1, 'clf__n_estimators': 500}, {'clf__learning_rate': 0.2, 'clf__max_depth': 1, 'clf__n_estimators': 500}, {'clf__learning_rate': 0.05, 'clf__max_depth': 3, 'clf__n_estimators': 200}, {'clf__learning_rate': 0.05, 'clf__max_depth': 1, 'clf__n_estimators': 500}, {'clf__learning_rate': 0.05, 'clf__max_depth': 3, 'clf__n_estimators': 200}]","[0.6284433123147828, 0.6076290295218686, 0.7517326882911561, 0.8569266320843528, 0.5396361782401885]",0.628443312,68.2,3.762977544,2.2,1.326649916,79,1.414213562,10.8,3.762977544,0.932029967,0.024798566,0.918796584,0.02445066,0.918095434,0.024674282,0.863291139,0.047632627,0.863291139,0.047632627,0.972899729,0.016387913,0.912378386,0.027434745,0.843195148,0.046438542,0.676873568,0.113134779
mycobacterium_rifampin_resfinder+pointfinder+phenotypeseeker_train,AdaBoost,1212,"[{'clf__learning_rate': 1.0, 'clf__n_estimators': 500}, {'clf__learning_rate': 0.5, 'clf__n_estimators': 500}, {'clf__learning_rate': 0.5, 'clf__n_estimators': 500}, {'clf__learning_rate': 0.5, 'clf__n_estimators': 500}, {'clf__learning_rate': 1.0, 'clf__n_estimators': 200}]","[0.49875431569688, 0.4922197910343672, 0.5325984852699119, 0.5176940069435817, 0.5155892975831016]",0.515589298,67.2,3.919183588,1.6,1.019803903,79.6,1.019803903,11.8,3.919183588,0.93882333,0.027956997,0.916304348,0.023344906,0.915470024,0.023608161,0.850632911,0.049609919,0.850632911,0.049609919,0.980307136,0.012567105,0.908613309,0.027158161,0.840225579,0.042671219,0.511371179,0.014382838
mycobacterium_rifampin_resfinder+pointfinder+phenotypeseeker_train,LogReg (L1),1212,"[{'clf__C': 1}, {'clf__C': 1}, {'clf__C': 1}, {'clf__C': 1}, {'clf__C': 1}]","[0.5874803185672082, 0.7732473477193932, 0.5292753949307588, 0.6403420785337717, 0.3358187247762727]",0.587480319,66.6,2.416609195,2.2,1.469693846,79,1.673320053,12.4,2.416609195,0.936725632,0.023099898,0.908819876,0.019330309,0.907953796,0.01932777,0.843037975,0.03058999,0.843037975,0.03058999,0.972869618,0.018169038,0.901022537,0.021386611,0.824428684,0.03768423,0.573232773,0.143534082
mycobacterium_rifampin_resfinder+pointfinder+phenotypeseeker_train,Decision Tree,1212,"[{'clf__max_depth': 5, 'clf__min_samples_leaf': 2, 'clf__min_samples_split': 20}, {'clf__max_depth': 3, 'clf__min_samples_leaf': 1, 'clf__min_samples_split': 2}, {'clf__max_depth': 3, 'clf__min_samples_leaf': 1, 'clf__min_samples_split': 2}, {'clf__max_depth': 3, 'clf__min_samples_leaf': 1, 'clf__min_samples_split': 2}, {'clf__max_depth': 3, 'clf__min_samples_leaf': 1, 'clf__min_samples_split': 2}]","[0.5058548009367682, 0.9750502542272673, 0.89118102114492, 0.9756744293290293, 0.9721966003426011]",0.9721966,65.8,2.785677655,1.4,1.019803903,79.8,1.166190379,13.2,2.785677655,0.913373088,0.014381728,0.908819876,0.021255254,0.907828777,0.0213233,0.832911392,0.035261742,0.832911392,0.035261742,0.982746161,0.012602121,0.899801509,0.024154958,0.826606302,0.040373278,0.863991421,0.181943196
mycobacterium_rifampin_resfinder+pointfinder+phenotypeseeker_train,Linear SVM,1212,"[{'clf__C': 0.01}, {'clf__C': 0.01}, {'clf__C': 0.1}, {'clf__C': 0.1}, {'clf__C': 0.1}]","[0.07480494570274465, -0.11714359782598417, 0.05930217689615845, 0.06205674710099249, 0.003968604147123151]",0.059302177,66,2.607680962,2.8,1.166190379,78.4,1.496662955,13,2.607680962,0.930576043,0.018917998,0.901374224,0.018279118,0.900452624,0.018433539,0.835443038,0.03300862,0.835443038,0.03300862,0.96546221,0.014443939,0.892810483,0.021332663,0.809359285,0.034688503,0.016597775,0.071168124
mycobacterium_rifampin_resfinder+pointfinder+phenotypeseeker_train,HistGB,1212,"[{'clf__l2_regularization': 0.0, 'clf__learning_rate': 0.1, 'clf__max_depth': 6, 'clf__max_leaf_nodes': 31, 'clf__min_samples_leaf': 50}, {'clf__l2_regularization': 1.0, 'clf__learning_rate': 0.05, 'clf__max_depth': 6, 'clf__max_leaf_nodes': 31, 'clf__min_samples_leaf': 10}, {'clf__l2_regularization': 1.0, 'clf__learning_rate': 0.1, 'clf__max_depth': 3, 'clf__max_leaf_nodes': 31, 'clf__min_samples_leaf': 50}, {'clf__l2_regularization': 0.0, 'clf__learning_rate': 0.05, 'clf__max_depth': 6, 'clf__max_leaf_nodes': 31, 'clf__min_samples_leaf': 10}, {'clf__l2_regularization': 0.0, 'clf__learning_rate': 0.05, 'clf__max_depth': 6, 'clf__max_leaf_nodes': 31, 'clf__min_samples_leaf': 10}]","[0.6114153826414782, 0.48267057130146374, 0.3473967244353472, 0.6545336232184559, 0.5310941894630244]",0.531094189,66.6,1.019803903,4,2.898275349,77.2,2.993325909,12.4,1.019803903,0.933008778,0.02150912,0.897608696,0.016207502,0.896872796,0.015928191,0.843037975,0.01290891,0.843037975,0.01290891,0.950707618,0.035812788,0.890639989,0.014941892,0.800246316,0.035321746,0.525422098,0.107347595
mycobacterium_rifampin_resfinder+pointfinder+phenotypeseeker_train,RBF SVM,1212,"[{'clf__C': 100, 'clf__gamma': 'auto'}, {'clf__C': 100, 'clf__gamma': 'auto'}, {'clf__C': 100, 'clf__gamma': 'auto'}, {'clf__C': 10, 'clf__gamma': 'scale'}, {'clf__C': 100, 'clf__gamma': 'auto'}]","[0.5522415029312472, 0.653923512685163, 0.49452966838239054, 0.6350254722379378, 0.3284335270300016]",0.552241503,66.2,2.925747768,4,2.449489743,77.2,2.561249695,12.8,2.925747768,0.931910093,0.017487651,0.895093168,0.023637889,0.894341151,0.023635321,0.837974684,0.037034782,0.837974684,0.037034782,0.950707618,0.030278009,0.887213757,0.026010228,0.795624287,0.047409478,0.532830737,0.117242649
mycobacterium_rifampin_resfinder+pointfinder+phenotypeseeker_train,Extra Trees,1212,"[{'clf__max_depth': 10, 'clf__min_samples_leaf': 1, 'clf__min_samples_split': 10, 'clf__n_estimators': 500}, {'clf__max_depth': 10, 'clf__min_samples_leaf': 1, 'clf__min_samples_split': 2, 'clf__n_estimators': 200}, {'clf__max_depth': 10, 'clf__min_samples_leaf': 1, 'clf__min_samples_split': 5, 'clf__n_estimators': 200}, {'clf__max_depth': 10, 'clf__min_samples_leaf': 2, 'clf__min_samples_split': 10, 'clf__n_estimators': 500}, {'clf__max_depth': 20, 'clf__min_samples_leaf': 1, 'clf__min_samples_split': 10, 'clf__n_estimators': 500}]","[0.5121350477678948, 0.45843425690574496, 0.4535022045524268, 0.4570621200312734, 0.46728423827116083]",0.458434257,67,2.75680975,5.4,3.261901286,75.8,3.544009029,12,2.75680975,0.922295023,0.024459441,0.891350932,0.032824792,0.890732355,0.032712602,0.848101266,0.034896326,0.848101266,0.034896326,0.933363445,0.040311028,0.885163526,0.033968776,0.78571198,0.066543561,0.469683574,0.021705158
mycobacterium_rifampin_resfinder+pointfinder+phenotypeseeker_train,Balanced Random Forest,1212,"[{'clf__max_depth': 10, 'clf__min_samples_leaf': 1, 'clf__min_samples_split': 5, 'clf__n_estimators': 200}, {'clf__max_depth': 10, 'clf__min_samples_leaf': 1, 'clf__min_samples_split': 2, 'clf__n_estimators': 500}, {'clf__max_depth': None, 'clf__min_samples_leaf': 1, 'clf__min_samples_split': 5, 'clf__n_estimators': 500}, {'clf__max_depth': 20, 'clf__min_samples_leaf': 2, 'clf__min_samples_split': 10, 'clf__n_estimators': 500}, {'clf__max_depth': 20, 'clf__min_samples_leaf': 1, 'clf__min_samples_split': 10, 'clf__n_estimators': 200}]","[0.48988917890063255, 0.5303901793985234, 0.4341666666666666, 0.5206627979193367, 0.4348414027492975]",0.489889179,65.6,2.727636339,4,2.75680975,77.2,2.993325909,13.4,2.727636339,0.924629992,0.018668181,0.891350932,0.02435348,0.890513571,0.024257875,0.830379747,0.034527042,0.830379747,0.034527042,0.950647395,0.034067493,0.882839338,0.026192627,0.788767991,0.049500805,0.481990045,0.041013708
mycobacterium_rifampin_resfinder+pointfinder+phenotypeseeker_train,LogReg (L2),1212,"[{'clf__C': 0.1}, {'clf__C': 0.1}, {'clf__C': 0.1}, {'clf__C': 1}, {'clf__C': 1}]","[0.5630808532778481, 0.5372892480710125, 0.465575933942146, 0.5900903694096803, 0.4972188010557161]",0.537289248,65.6,1.2,4.2,2.712931993,77,2.966479395,13.4,1.2,0.928084038,0.020397147,0.890124224,0.019269048,0.889279003,0.019063651,0.830379747,0.015189873,0.830379747,0.015189873,0.94817826,0.03352854,0.881945008,0.019178034,0.785713212,0.041199603,0.530651041,0.044679473
mycobacterium_rifampin_resfinder+pointfinder+phenotypeseeker_train,Random Forest,1212,"[{'clf__max_depth': 10, 'clf__min_samples_leaf': 1, 'clf__min_samples_split': 10, 'clf__n_estimators': 200}, {'clf__max_depth': 10, 'clf__min_samples_leaf': 1, 'clf__min_samples_split': 2, 'clf__n_estimators': 200}, {'clf__max_depth': 10, 'clf__min_samples_leaf': 1, 'clf__min_samples_split': 10, 'clf__n_estimators': 200}, {'clf__max_depth': 10, 'clf__min_samples_leaf': 1, 'clf__min_samples_split': 2, 'clf__n_estimators': 200}, {'clf__max_depth': 10, 'clf__min_samples_leaf': 1, 'clf__min_samples_split': 2, 'clf__n_estimators': 500}]","[0.5036920278735271, 0.5290690502779192, 0.4611048604501128, 0.398430394389502, 0.41546859566844807]",0.46110486,66.4,2.939387691,6,4.335896678,75.2,4.578209257,12.6,2.939387691,0.918892052,0.024216186,0.883850932,0.02879203,0.883231183,0.028521188,0.840506329,0.037207439,0.840506329,0.037207439,0.925956037,0.053564335,0.877402895,0.028767178,0.77222788,0.059286113,0.461552986,0.04988497
mycobacterium_rifampin_resfinder+pointfinder+phenotypeseeker_train,SGD Logistic,1212,"[{'clf__alpha': 0.0001}, {'clf__alpha': 0.01}, {'clf__alpha': 0.001}, {'clf__alpha': 0.001}, {'clf__alpha': 0.01}]","[0.9999997919736325, 0.6712045288168549, 0.9619565156616332, 0.3093104670074196, 0.5910737651817535]",0.671204529,64,4.289522118,4.2,4.53431362,77,4.604345773,15,4.289522118,0.929427616,0.026318827,0.88011646,0.031323607,0.879182532,0.031239568,0.810126582,0.054297748,0.810126582,0.054297748,0.948238482,0.056003374,0.869284058,0.034393657,0.770048032,0.061661422,0.706709014,0.254451745
mycobacterium_rifampin_resfinder+pointfinder+phenotypeseeker_train,KNN,1212,"[{'clf__n_neighbors': 3, 'clf__p': 1, 'clf__weights': 'uniform'}, {'clf__n_neighbors': 9, 'clf__p': 1, 'clf__weights': 'distance'}, {'clf__n_neighbors': 7, 'clf__p': 1, 'clf__weights': 'distance'}, {'clf__n_neighbors': 3, 'clf__p': 1, 'clf__weights': 'uniform'}, {'clf__n_neighbors': 15, 'clf__p': 1, 'clf__weights': 'distance'}]","[0.6666666666666666, 0.4815422838732348, 0.4823994127311498, 0.6666666666666666, 0.524430887650024]",0.524430888,61,3.033150178,10.2,2.993325909,71,3.286335345,18,3.033150178,0.866173068,0.034097727,0.823959627,0.021870532,0.823203321,0.021836132,0.772151899,0.038394306,0.772151899,0.038394306,0.874254743,0.037209032,0.812048987,0.023764488,0.651751426,0.04459784,0.564341184,0.084975234
mycobacterium_rifampin_resfinder+pointfinder+phenotypeseeker_train,BernoulliNB,1212,"[{'clf__alpha': 0.01, 'clf__binarize': None}, {'clf__alpha': 0.01, 'clf__binarize': None}, {'clf__alpha': 0.01, 'clf__binarize': None}, {'clf__alpha': 0.01, 'clf__binarize': None}, {'clf__alpha': 0.01, 'clf__binarize': None}]","[0.9999994785962594, 0.9999999993825668, 0.9999999999834017, 0.9999999990990318, 0.9999999998298676]",0.999999999,62.8,3.059411708,37.6,4.176122604,43.6,4.270831301,16.2,3.059411708,0.683689144,0.021385942,0.664169255,0.025117822,0.665911594,0.024966271,0.794936709,0.03872673,0.794936709,0.03872673,0.53688648,0.052015929,0.700019787,0.021147915,0.344023437,0.050303922,0.999999895,2.08E-07
