dataset,model,n_features,fold_best_params,fold_thresholds,median_threshold,tp_mean,tp_std,fp_mean,fp_std,tn_mean,tn_std,fn_mean,fn_std,auc_mean,auc_std,accuracy_mean,accuracy_std,balanced_accuracy_mean,balanced_accuracy_std,recall_mean,recall_std,sensitivity_mean,sensitivity_std,specificity_mean,specificity_std,f1_mean,f1_std,mcc_mean,mcc_std,threshold_mean,threshold_std
mycobacterium_pyrazinamide_cdhit_train,RBF SVM,3,"[{'clf__C': 0.1, 'clf__gamma': 'scale'}, {'clf__C': 0.1, 'clf__gamma': 'scale'}, {'clf__C': 0.1, 'clf__gamma': 'scale'}, {'clf__C': 0.1, 'clf__gamma': 'scale'}, {'clf__C': 0.1, 'clf__gamma': 'scale'}]","[0.2091243697006968, 0.2044367472319108, 0.206398884648602, 0.20056464411939295, 0.2199251553447685]",0.206398885,31,15.50483795,96.6,48.30155277,24,48,7.8,15.6,0.500826446,0.001652893,0.345298742,0.204720049,0.5,0,0.8,0.4,0.8,0.4,0.2,0.4,0.312729159,0.156388642,0,0,0.20808996,0.006541834
mycobacterium_pyrazinamide_cdhit_train,LogReg (L1),3,"[{'clf__C': 0.001}, {'clf__C': 0.001}, {'clf__C': 0.001}, {'clf__C': 0.001}, {'clf__C': 0.001}]","[0.5, 0.5, 0.5, 0.5, 0.5]",0.5,38.8,0.4,120.6,0.489897949,0,0,0,0,0.5,0,0.24341195,0.002313058,0.5,0,1,0,1,0,0,0,0.391517038,0.002998776,0,0,0.5,0
mycobacterium_pyrazinamide_cdhit_train,KNN,3,"[{'clf__n_neighbors': 1, 'clf__p': 1, 'clf__weights': 'uniform'}, {'clf__n_neighbors': 1, 'clf__p': 1, 'clf__weights': 'uniform'}, {'clf__n_neighbors': 1, 'clf__p': 1, 'clf__weights': 'uniform'}, {'clf__n_neighbors': 1, 'clf__p': 1, 'clf__weights': 'uniform'}, {'clf__n_neighbors': 1, 'clf__p': 1, 'clf__weights': 'uniform'}]","[0.0, 0.0, 0.0, 0.0, 0.0]",0,38.8,0.4,120.6,0.489897949,0,0,0,0,0.5,0,0.24341195,0.002313058,0.5,0,1,0,1,0,0,0,0.391517038,0.002998776,0,0,0,0
mycobacterium_pyrazinamide_cdhit_train,Gradient Boosting,3,"[{'clf__learning_rate': 0.01, 'clf__max_depth': 1, 'clf__n_estimators': 100}, {'clf__learning_rate': 0.01, 'clf__max_depth': 1, 'clf__n_estimators': 100}, {'clf__learning_rate': 0.01, 'clf__max_depth': 1, 'clf__n_estimators': 100}, {'clf__learning_rate': 0.01, 'clf__max_depth': 1, 'clf__n_estimators': 100}, {'clf__learning_rate': 0.01, 'clf__max_depth': 1, 'clf__n_estimators': 100}]","[0.2429245283018868, 0.2432886104555376, 0.24507176931522354, 0.24271531000138422, 0.24271531000138422]",0.242924528,31.2,15.6,96.4,48.20207464,24.2,48.4,7.6,15.2,0.5,0,0.347814465,0.20659705,0.5,0,0.8,0.4,0.8,0.4,0.2,0.4,0.314359677,0.157182332,0,0,0.243343106,0.000889349
mycobacterium_pyrazinamide_cdhit_train,HistGB,3,"[{'clf__l2_regularization': 0.0, 'clf__learning_rate': 0.05, 'clf__max_depth': 3, 'clf__max_leaf_nodes': 31, 'clf__min_samples_leaf': 10}, {'clf__l2_regularization': 0.0, 'clf__learning_rate': 0.05, 'clf__max_depth': 3, 'clf__max_leaf_nodes': 31, 'clf__min_samples_leaf': 10}, {'clf__l2_regularization': 0.0, 'clf__learning_rate': 0.05, 'clf__max_depth': 3, 'clf__max_leaf_nodes': 31, 'clf__min_samples_leaf': 10}, {'clf__l2_regularization': 0.0, 'clf__learning_rate': 0.05, 'clf__max_depth': 3, 'clf__max_leaf_nodes': 31, 'clf__min_samples_leaf': 10}, {'clf__l2_regularization': 0.0, 'clf__learning_rate': 0.05, 'clf__max_depth': 3, 'clf__max_leaf_nodes': 31, 'clf__min_samples_leaf': 10}]","[0.2429245283018868, 0.2429245283018868, 0.24470588235294116, 0.24235294117647058, 0.24235294117647058]",0.242924528,31.2,15.6,96.4,48.20207464,24.2,48.4,7.6,15.2,0.5,0,0.347814465,0.20659705,0.5,0,0.8,0.4,0.8,0.4,0.2,0.4,0.314359677,0.157182332,0,0,0.243052164,0.00086547
mycobacterium_pyrazinamide_cdhit_train,AdaBoost,3,"[{'clf__learning_rate': 0.01, 'clf__n_estimators': 50}, {'clf__learning_rate': 0.01, 'clf__n_estimators': 50}, {'clf__learning_rate': 0.01, 'clf__n_estimators': 50}, {'clf__learning_rate': 0.01, 'clf__n_estimators': 50}, {'clf__learning_rate': 0.01, 'clf__n_estimators': 50}]","[0.11920292202211757, 0.11920292202211757, 0.1192029220221175, 0.11920292202211757, 0.11920292202211757]",0.119202922,23.2,18.94623973,72.2,58.95218401,48.4,59.27765178,15.6,19.10601999,0.5,0,0.44841195,0.251359207,0.5,0,0.6,0.489897949,0.6,0.489897949,0.4,0.489897949,0.234733118,0.191681906,0,0,0.119202922,3.10E-17
mycobacterium_pyrazinamide_cdhit_train,Random Forest,3,"[{'clf__max_depth': None, 'clf__min_samples_leaf': 1, 'clf__min_samples_split': 2, 'clf__n_estimators': 200}, {'clf__max_depth': None, 'clf__min_samples_leaf': 1, 'clf__min_samples_split': 2, 'clf__n_estimators': 200}, {'clf__max_depth': None, 'clf__min_samples_leaf': 1, 'clf__min_samples_split': 2, 'clf__n_estimators': 200}, {'clf__max_depth': None, 'clf__min_samples_leaf': 1, 'clf__min_samples_split': 2, 'clf__n_estimators': 200}, {'clf__max_depth': None, 'clf__min_samples_leaf': 1, 'clf__min_samples_split': 2, 'clf__n_estimators': 200}]","[0.4985599234992891, 0.4990803082298967, 0.4992828720334176, 0.4992312177068961, 0.49920663068193244]",0.499206631,15.6,19.10601999,48.4,59.27765178,72.2,58.95218401,23.2,18.94623973,0.5,0,0.55158805,0.251359207,0.5,0,0.4,0.489897949,0.4,0.489897949,0.6,0.489897949,0.15678392,0.192020301,0,0,0.49907219,0.000264664
mycobacterium_pyrazinamide_cdhit_train,Linear SVM,3,"[{'clf__C': 0.001}, {'clf__C': 0.001}, {'clf__C': 0.001}, {'clf__C': 0.001}, {'clf__C': 0.001}]","[0.0, 1.4702330491124037e-06, 1.4794015757745586e-06, 1.4702330491124037e-06, 1.4702330491124037e-06]",1.47E-06,7.8,15.6,24.2,48.4,96.4,48.20207464,31,15.50483795,0.5,0,0.65408805,0.205181994,0.5,0,0.2,0.4,0.2,0.4,0.8,0.4,0.07839196,0.15678392,0,0,1.18E-06,5.89E-07
mycobacterium_pyrazinamide_cdhit_train,LogReg (L2),3,"[{'clf__C': 0.001}, {'clf__C': 0.001}, {'clf__C': 0.001}, {'clf__C': 0.001}, {'clf__C': 0.001}]","[0.5, 0.5000000309558885, 0.5000000311490448, 0.5000000309558885, 0.5000000309558885]",0.500000031,7.8,15.6,24.2,48.4,96.4,48.20207464,31,15.50483795,0.5,0,0.65408805,0.205181994,0.5,0,0.2,0.4,0.2,0.4,0.8,0.4,0.07839196,0.15678392,0,0,0.500000025,1.24E-08
mycobacterium_pyrazinamide_cdhit_train,Decision Tree,3,"[{'clf__max_depth': None, 'clf__min_samples_leaf': 1, 'clf__min_samples_split': 2}, {'clf__max_depth': None, 'clf__min_samples_leaf': 1, 'clf__min_samples_split': 2}, {'clf__max_depth': None, 'clf__min_samples_leaf': 1, 'clf__min_samples_split': 2}, {'clf__max_depth': None, 'clf__min_samples_leaf': 1, 'clf__min_samples_split': 2}, {'clf__max_depth': None, 'clf__min_samples_leaf': 1, 'clf__min_samples_split': 2}]","[0.49999999999999895, 0.5007776049766699, 0.5007800312012494, 0.5007776049766699, 0.5007776049766699]",0.500777605,7.8,15.6,24.2,48.4,96.4,48.20207464,31,15.50483795,0.5,0,0.65408805,0.205181994,0.5,0,0.2,0.4,0.2,0.4,0.8,0.4,0.07839196,0.15678392,0,0,0.500622569,0.000311286
mycobacterium_pyrazinamide_cdhit_train,Balanced Random Forest,3,"[{'clf__max_depth': None, 'clf__min_samples_leaf': 1, 'clf__min_samples_split': 2, 'clf__n_estimators': 200}, {'clf__max_depth': None, 'clf__min_samples_leaf': 1, 'clf__min_samples_split': 2, 'clf__n_estimators': 200}, {'clf__max_depth': None, 'clf__min_samples_leaf': 1, 'clf__min_samples_split': 2, 'clf__n_estimators': 200}, {'clf__max_depth': None, 'clf__min_samples_leaf': 1, 'clf__min_samples_split': 2, 'clf__n_estimators': 200}, {'clf__max_depth': None, 'clf__min_samples_leaf': 1, 'clf__min_samples_split': 2, 'clf__n_estimators': 200}]","[0.5, 0.5008065518890479, 0.5008108203179964, 0.500695839311334, 0.5005807671584521]",0.500695839,7.8,15.6,24.2,48.4,96.4,48.20207464,31,15.50483795,0.5,0,0.65408805,0.205181994,0.5,0,0.2,0.4,0.2,0.4,0.8,0.4,0.07839196,0.15678392,0,0,0.500578796,0.000301468
mycobacterium_pyrazinamide_cdhit_train,Extra Trees,3,"[{'clf__max_depth': None, 'clf__min_samples_leaf': 1, 'clf__min_samples_split': 2, 'clf__n_estimators': 200}, {'clf__max_depth': None, 'clf__min_samples_leaf': 1, 'clf__min_samples_split': 2, 'clf__n_estimators': 200}, {'clf__max_depth': None, 'clf__min_samples_leaf': 1, 'clf__min_samples_split': 2, 'clf__n_estimators': 200}, {'clf__max_depth': None, 'clf__min_samples_leaf': 1, 'clf__min_samples_split': 2, 'clf__n_estimators': 200}, {'clf__max_depth': None, 'clf__min_samples_leaf': 1, 'clf__min_samples_split': 2, 'clf__n_estimators': 200}]","[0.4999999999999998, 0.5007776049766717, 0.5007800312012484, 0.5007776049766717, 0.5007776049766717]",0.500777605,7.8,15.6,24.2,48.4,96.4,48.20207464,31,15.50483795,0.5,0,0.65408805,0.205181994,0.5,0,0.2,0.4,0.2,0.4,0.8,0.4,0.07839196,0.15678392,0,0,0.500622569,0.000311286
mycobacterium_pyrazinamide_cdhit_train,SGD Logistic,3,"[{'clf__alpha': 1e-05}, {'clf__alpha': 1e-05}, {'clf__alpha': 1e-05}, {'clf__alpha': 1e-05}, {'clf__alpha': 1e-05}]","[0.9999988557932902, 0.9999988557933106, 0.9989259988616701, 0.9999988557933441, 0.9999988557932902]",0.999998856,0,0,0,0,120.6,0.489897949,38.8,0.4,0.5,0,0.75658805,0.002313058,0.5,0,0,0,0,0,1,0,0,0,0,0,0.999784284,0.000429143
mycobacterium_pyrazinamide_cdhit_train,BernoulliNB,3,"[{'clf__alpha': 0.01, 'clf__binarize': None}, {'clf__alpha': 0.01, 'clf__binarize': None}, {'clf__alpha': 0.01, 'clf__binarize': None}, {'clf__alpha': 0.01, 'clf__binarize': None}, {'clf__alpha': 0.01, 'clf__binarize': None}]","[0.2428881585432384, 0.24346237194702688, 0.24524691061224516, 0.24288808738394113, 0.24288808738394113]",0.242888159,31.2,15.6,96.4,48.20207464,24.2,48.4,7.6,15.2,0.499173554,0.001652893,0.347814465,0.20659705,0.5,0,0.8,0.4,0.8,0.4,0.2,0.4,0.314359677,0.157182332,0,0,0.243474723,0.00091358
mycobacterium_pyrazinamide_cdhit+phenotypeseeker_train,Extra Trees,1003,"[{'clf__max_depth': 5, 'clf__min_samples_leaf': 2, 'clf__min_samples_split': 10, 'clf__n_estimators': 500}, {'clf__max_depth': None, 'clf__min_samples_leaf': 2, 'clf__min_samples_split': 2, 'clf__n_estimators': 500}, {'clf__max_depth': None, 'clf__min_samples_leaf': 2, 'clf__min_samples_split': 10, 'clf__n_estimators': 200}, {'clf__max_depth': 5, 'clf__min_samples_leaf': 1, 'clf__min_samples_split': 10, 'clf__n_estimators': 200}, {'clf__max_depth': 5, 'clf__min_samples_leaf': 2, 'clf__min_samples_split': 10, 'clf__n_estimators': 200}]","[0.4777246667092492, 0.46714421611583246, 0.5046635127897041, 0.4089216100444142, 0.4634756336599576]",0.467144216,25,3.033150178,21.6,0.8,99,0.632455532,13.8,2.785677655,0.787603454,0.052324879,0.777908805,0.019361086,0.73238437,0.03798083,0.643859649,0.074158234,0.643859649,0.074158234,0.820909091,0.006203029,0.58371315,0.050655323,0.437971883,0.065254563,0.464385928,0.031256785
mycobacterium_pyrazinamide_cdhit+phenotypeseeker_train,Random Forest,1003,"[{'clf__max_depth': 5, 'clf__min_samples_leaf': 1, 'clf__min_samples_split': 10, 'clf__n_estimators': 500}, {'clf__max_depth': None, 'clf__min_samples_leaf': 2, 'clf__min_samples_split': 10, 'clf__n_estimators': 500}, {'clf__max_depth': None, 'clf__min_samples_leaf': 2, 'clf__min_samples_split': 2, 'clf__n_estimators': 200}, {'clf__max_depth': 3, 'clf__min_samples_leaf': 1, 'clf__min_samples_split': 2, 'clf__n_estimators': 200}, {'clf__max_depth': None, 'clf__min_samples_leaf': 2, 'clf__min_samples_split': 10, 'clf__n_estimators': 500}]","[0.4139817595362445, 0.4369332880476904, 0.4767372128027207, 0.42724318681421053, 0.4472998991129564]",0.436933288,25.8,2.712931993,24.8,3.544009029,95.8,3.310589071,13,2.366431913,0.783354701,0.050844736,0.762900943,0.019514479,0.729396979,0.028174007,0.66437247,0.064602215,0.66437247,0.064602215,0.794421488,0.028943652,0.576223875,0.038096901,0.423931293,0.04922134,0.440439069,0.021218093
mycobacterium_pyrazinamide_cdhit+phenotypeseeker_train,LogReg (L1),1003,"[{'clf__C': 10}, {'clf__C': 1}, {'clf__C': 1}, {'clf__C': 1}, {'clf__C': 10}]","[0.6115682484326284, 0.5280712258872736, 0.5450772408467065, 0.44937272513315185, 0.4816401435670633]",0.528071226,25.2,3.969886648,23.2,3.12409987,97.4,3.382306905,13.6,3.720215048,0.785836456,0.052432149,0.769095912,0.030854153,0.72821433,0.050885834,0.648852901,0.098341221,0.648852901,0.098341221,0.807575758,0.026365486,0.57555495,0.067827964,0.425878054,0.089015514,0.523145917,0.055657818
mycobacterium_pyrazinamide_cdhit+phenotypeseeker_train,LogReg (L2),1003,"[{'clf__C': 0.01}, {'clf__C': 1}, {'clf__C': 0.1}, {'clf__C': 0.1}, {'clf__C': 0.1}]","[0.4820052654758204, 0.554002571413296, 0.5258843372314104, 0.5340742348098042, 0.5348870351013203]",0.534074235,24.6,3.611094017,21.6,1.624807681,99,1.414213562,14.2,3.42928564,0.794313934,0.052337839,0.775408805,0.029507206,0.727263052,0.049851194,0.633603239,0.089901234,0.633603239,0.089901234,0.820922865,0.013097892,0.576818958,0.067900637,0.429127012,0.088928043,0.526170689,0.023932075
mycobacterium_pyrazinamide_cdhit+phenotypeseeker_train,Balanced Random Forest,1003,"[{'clf__max_depth': 5, 'clf__min_samples_leaf': 1, 'clf__min_samples_split': 5, 'clf__n_estimators': 500}, {'clf__max_depth': 5, 'clf__min_samples_leaf': 1, 'clf__min_samples_split': 10, 'clf__n_estimators': 200}, {'clf__max_depth': 5, 'clf__min_samples_leaf': 1, 'clf__min_samples_split': 10, 'clf__n_estimators': 200}, {'clf__max_depth': 3, 'clf__min_samples_leaf': 1, 'clf__min_samples_split': 2, 'clf__n_estimators': 500}, {'clf__max_depth': 10, 'clf__min_samples_leaf': 1, 'clf__min_samples_split': 10, 'clf__n_estimators': 200}]","[0.5132432690065923, 0.5212996638021412, 0.4625231043276486, 0.4372890716107028, 0.45460464311112814]",0.462523104,24.6,3.382306905,21.6,1.743559577,99,2,14.2,3.12409987,0.779664709,0.044011615,0.775400943,0.020050968,0.727168027,0.040241847,0.633468286,0.083149305,0.633468286,0.083149305,0.820867769,0.014842197,0.576504968,0.054402152,0.429310496,0.068288191,0.47779195,0.03334963
mycobacterium_pyrazinamide_cdhit+phenotypeseeker_train,Linear SVM,1003,"[{'clf__C': 0.01}, {'clf__C': 0.01}, {'clf__C': 0.01}, {'clf__C': 0.1}, {'clf__C': 0.1}]","[0.1413529238700945, -0.08218585013726867, 0.029044771243776416, 0.016565288523287598, 0.11653155204405011]",0.029044771,24.8,3.867815921,22.4,2.332380758,98.2,2.13541565,14,3.687817783,0.790844793,0.052713727,0.771650943,0.021532865,0.726514482,0.04517885,0.638731444,0.0965168,0.638731444,0.0965168,0.814297521,0.018950765,0.573801133,0.059033799,0.425445768,0.075384882,0.044261737,0.079545291
mycobacterium_pyrazinamide_cdhit+phenotypeseeker_train,RBF SVM,1003,"[{'clf__C': 10, 'clf__gamma': 0.01}, {'clf__C': 100, 'clf__gamma': 'scale'}, {'clf__C': 10, 'clf__gamma': 0.01}, {'clf__C': 1, 'clf__gamma': 0.01}, {'clf__C': 10, 'clf__gamma': 0.01}]","[0.22922136354068845, 0.290422083944632, 0.2164912617422773, 0.36310522128489026, 0.30634216113472207]",0.290422084,24.8,2.039607805,23,3.286335345,97.6,3.006659276,14,1.788854382,0.768173509,0.046031601,0.767869497,0.027271826,0.724109507,0.032463817,0.638866397,0.048414763,0.638866397,0.048414763,0.809352617,0.026789072,0.572987658,0.045555357,0.420695121,0.063263439,0.281116418,0.05350627
mycobacterium_pyrazinamide_cdhit+phenotypeseeker_train,HistGB,1003,"[{'clf__l2_regularization': 0.0, 'clf__learning_rate': 0.1, 'clf__max_depth': 3, 'clf__max_leaf_nodes': 31, 'clf__min_samples_leaf': 10}, {'clf__l2_regularization': 1.0, 'clf__learning_rate': 0.1, 'clf__max_depth': 6, 'clf__max_leaf_nodes': 31, 'clf__min_samples_leaf': 10}, {'clf__l2_regularization': 1.0, 'clf__learning_rate': 0.1, 'clf__max_depth': 6, 'clf__max_leaf_nodes': 31, 'clf__min_samples_leaf': 10}, {'clf__l2_regularization': 0.0, 'clf__learning_rate': 0.1, 'clf__max_depth': 6, 'clf__max_leaf_nodes': 31, 'clf__min_samples_leaf': 10}, {'clf__l2_regularization': 0.0, 'clf__learning_rate': 0.05, 'clf__max_depth': 6, 'clf__max_leaf_nodes': 31, 'clf__min_samples_leaf': 10}]","[0.29198681076834937, 0.2630335912185395, 0.42335684712971594, 0.23510051718657682, 0.3003111087335421]",0.291986811,24,3.949683532,21.4,0.489897949,99.2,0.4,14.8,3.655133376,0.782525308,0.051071863,0.772900943,0.022899199,0.720187874,0.048491214,0.617813765,0.097634946,0.617813765,0.097634946,0.822561983,0.003615171,0.566708001,0.066377267,0.417525587,0.08280953,0.302757775,0.064531622
mycobacterium_pyrazinamide_cdhit+phenotypeseeker_train,Gradient Boosting,1003,"[{'clf__learning_rate': 0.1, 'clf__max_depth': 2, 'clf__n_estimators': 200}, {'clf__learning_rate': 0.05, 'clf__max_depth': 3, 'clf__n_estimators': 100}, {'clf__learning_rate': 0.05, 'clf__max_depth': 3, 'clf__n_estimators': 500}, {'clf__learning_rate': 0.1, 'clf__max_depth': 1, 'clf__n_estimators': 500}, {'clf__learning_rate': 0.2, 'clf__max_depth': 1, 'clf__n_estimators': 200}]","[0.34724029014847285, 0.22865360568477877, 0.3468427164482212, 0.25574406152937273, 0.3199792628374001]",0.319979263,23.8,4.53431362,22.2,1.469693846,98.4,1.356465997,15,4.335896678,0.776246036,0.059554367,0.766650943,0.023984876,0.714378576,0.053976036,0.612820513,0.113633435,0.612820513,0.113633435,0.815936639,0.011887747,0.556858118,0.072765367,0.404648253,0.090647167,0.299691987,0.048730848
mycobacterium_pyrazinamide_cdhit+phenotypeseeker_train,Decision Tree,1003,"[{'clf__max_depth': None, 'clf__min_samples_leaf': 10, 'clf__min_samples_split': 2}, {'clf__max_depth': 5, 'clf__min_samples_leaf': 2, 'clf__min_samples_split': 20}, {'clf__max_depth': None, 'clf__min_samples_leaf': 1, 'clf__min_samples_split': 20}, {'clf__max_depth': None, 'clf__min_samples_leaf': 10, 'clf__min_samples_split': 2}, {'clf__max_depth': None, 'clf__min_samples_leaf': 2, 'clf__min_samples_split': 2}]","[0.6091081593927894, 0.6729559748427675, 0.5524956970740105, 0.5320115654688145, 0.6098484848484848]",0.609108159,23.6,2.727636339,22.4,1.743559577,98.2,1.326649916,15.2,2.481934729,0.762358532,0.038984653,0.764143082,0.023379245,0.711069278,0.037589697,0.60782726,0.066500911,0.60782726,0.066500911,0.814311295,0.013801928,0.555571361,0.052144504,0.39958242,0.068314889,0.595283976,0.049538686
mycobacterium_pyrazinamide_cdhit+phenotypeseeker_train,AdaBoost,1003,"[{'clf__learning_rate': 1.0, 'clf__n_estimators': 500}, {'clf__learning_rate': 1.0, 'clf__n_estimators': 500}, {'clf__learning_rate': 1.0, 'clf__n_estimators': 500}, {'clf__learning_rate': 1.0, 'clf__n_estimators': 500}, {'clf__learning_rate': 1.0, 'clf__n_estimators': 500}]","[0.49106761447423, 0.45708652826766155, 0.47182147473297315, 0.4545647412653566, 0.47318614802919856]",0.471821475,22,7.375635566,19,5.761944116,101.6,5.851495535,16.8,7.304792947,0.783887904,0.059994627,0.775400943,0.027981352,0.704545455,0.076827006,0.566666667,0.188142937,0.566666667,0.188142937,0.842424242,0.04772446,0.533465019,0.123891054,0.399252669,0.119073041,0.469545301,0.013124671
mycobacterium_pyrazinamide_cdhit+phenotypeseeker_train,KNN,1003,"[{'clf__n_neighbors': 15, 'clf__p': 1, 'clf__weights': 'distance'}, {'clf__n_neighbors': 5, 'clf__p': 1, 'clf__weights': 'distance'}, {'clf__n_neighbors': 7, 'clf__p': 1, 'clf__weights': 'distance'}, {'clf__n_neighbors': 15, 'clf__p': 1, 'clf__weights': 'distance'}, {'clf__n_neighbors': 15, 'clf__p': 1, 'clf__weights': 'distance'}]","[0.5, 0.5, 0.4, 0.53125, 0.6502177068214805]",0.5,21.6,10.48045801,37.6,30.30907455,83,29.8596718,17.2,10.64706532,0.702552132,0.034727465,0.656273585,0.130009109,0.623527258,0.049197019,0.557894737,0.272075755,0.557894737,0.272075755,0.68915978,0.2503818,0.421813565,0.074624228,0.274801655,0.093432482,0.516293541,0.080267708
mycobacterium_pyrazinamide_cdhit+phenotypeseeker_train,SGD Logistic,1003,"[{'clf__alpha': 0.01}, {'clf__alpha': 0.0001}, {'clf__alpha': 0.01}, {'clf__alpha': 1e-05}, {'clf__alpha': 0.0001}]","[0.7034448487111116, 8.719173819095854e-26, 0.9374811737279951, 1.5186608465849343e-175, 0.04294405203006955]",0.042944052,20.6,15.08111402,50,57.1874112,70.6,57.27337951,18.2,14.89160838,0.653756446,0.126354862,0.572295597,0.265197284,0.557041858,0.0461053,0.529014845,0.385913948,0.529014845,0.385913948,0.585068871,0.474609339,0.354259577,0.04640681,0.200796602,0.14916466,0.336774015,0.402110958
mycobacterium_pyrazinamide_cdhit+phenotypeseeker_train,BernoulliNB,1003,"[{'clf__alpha': 10.0, 'clf__binarize': None}, {'clf__alpha': 0.01, 'clf__binarize': None}, {'clf__alpha': 10.0, 'clf__binarize': None}, {'clf__alpha': 10.0, 'clf__binarize': None}, {'clf__alpha': 0.01, 'clf__binarize': None}]","[2.897573807610101e-98, 1.1229201475517047e-63, 2.3738216742295465e-93, 1.9997195356159446e-92, 1.7144701123348454e-73]",2.00E-92,33,10.05982107,92.8,41.38308833,27.8,41.49409597,5.8,10.16661202,0.723538616,0.029559375,0.381139937,0.19786951,0.540737444,0.050087439,0.851282051,0.26068236,0.851282051,0.26068236,0.230192837,0.342972157,0.401468636,0.020345571,0.089303395,0.11062412,2.25E-64,4.49E-64
mycobacterium_pyrazinamide_phenotypeseeker_train,Balanced Random Forest,1000,"[{'clf__max_depth': 5, 'clf__min_samples_leaf': 1, 'clf__min_samples_split': 2, 'clf__n_estimators': 500}, {'clf__max_depth': 10, 'clf__min_samples_leaf': 1, 'clf__min_samples_split': 10, 'clf__n_estimators': 200}, {'clf__max_depth': 5, 'clf__min_samples_leaf': 1, 'clf__min_samples_split': 2, 'clf__n_estimators': 500}, {'clf__max_depth': 3, 'clf__min_samples_leaf': 1, 'clf__min_samples_split': 2, 'clf__n_estimators': 500}, {'clf__max_depth': 10, 'clf__min_samples_leaf': 1, 'clf__min_samples_split': 10, 'clf__n_estimators': 200}]","[0.5026367264542836, 0.5477408553329728, 0.4876163287609301, 0.44714976699589265, 0.5048779868541842]",0.502636726,24.6,3.006659276,20.8,1.469693846,99.8,1.326649916,14.2,2.785677655,0.781322509,0.047904505,0.780440252,0.020464225,0.730575724,0.03788083,0.633603239,0.073840254,0.633603239,0.073840254,0.827548209,0.011938582,0.582658059,0.051876708,0.438067316,0.066110471,0.498004333,0.032362093
mycobacterium_pyrazinamide_phenotypeseeker_train,LogReg (L1),1000,"[{'clf__C': 10}, {'clf__C': 1}, {'clf__C': 1}, {'clf__C': 1}, {'clf__C': 10}]","[0.6115643681684164, 0.5287735466264273, 0.5444826883419005, 0.4514232234175309, 0.4823895393792522]",0.528773547,25.2,3.969886648,23.2,3.12409987,97.4,3.382306905,13.6,3.720215048,0.787670661,0.052991328,0.769095912,0.030854153,0.72821433,0.050885834,0.648852901,0.098341221,0.648852901,0.098341221,0.807575758,0.026365486,0.57555495,0.067827964,0.425878054,0.089015514,0.523726673,0.054969612
mycobacterium_pyrazinamide_phenotypeseeker_train,Extra Trees,1000,"[{'clf__max_depth': 5, 'clf__min_samples_leaf': 1, 'clf__min_samples_split': 5, 'clf__n_estimators': 500}, {'clf__max_depth': None, 'clf__min_samples_leaf': 2, 'clf__min_samples_split': 2, 'clf__n_estimators': 200}, {'clf__max_depth': None, 'clf__min_samples_leaf': 2, 'clf__min_samples_split': 5, 'clf__n_estimators': 200}, {'clf__max_depth': 3, 'clf__min_samples_leaf': 1, 'clf__min_samples_split': 5, 'clf__n_estimators': 200}, {'clf__max_depth': None, 'clf__min_samples_leaf': 2, 'clf__min_samples_split': 5, 'clf__n_estimators': 200}]","[0.4287393882732353, 0.4643280227681419, 0.5193653162850818, 0.47515165361912715, 0.4596014330333142]",0.464328023,25.6,2.8,24.6,5.003998401,96,4.732863826,13.2,2.481934729,0.784911333,0.050357509,0.762924528,0.029562784,0.727679983,0.032858686,0.659244265,0.067216775,0.659244265,0.067216775,0.796115702,0.041032422,0.575172171,0.046916197,0.422876691,0.063359379,0.469437163,0.029341539
mycobacterium_pyrazinamide_phenotypeseeker_train,Random Forest,1000,"[{'clf__max_depth': 5, 'clf__min_samples_leaf': 1, 'clf__min_samples_split': 10, 'clf__n_estimators': 200}, {'clf__max_depth': 5, 'clf__min_samples_leaf': 2, 'clf__min_samples_split': 5, 'clf__n_estimators': 500}, {'clf__max_depth': 10, 'clf__min_samples_leaf': 1, 'clf__min_samples_split': 10, 'clf__n_estimators': 200}, {'clf__max_depth': 3, 'clf__min_samples_leaf': 1, 'clf__min_samples_split': 2, 'clf__n_estimators': 500}, {'clf__max_depth': 5, 'clf__min_samples_leaf': 2, 'clf__min_samples_split': 2, 'clf__n_estimators': 200}]","[0.47061587021046186, 0.46291899004034975, 0.5148354741071256, 0.4313805545981547, 0.4431583920371089]",0.46291899,24.6,3.006659276,21.6,1.019803903,99,0.894427191,14.2,2.785677655,0.786145333,0.046794394,0.775408805,0.019979114,0.727256165,0.038103614,0.633603239,0.073840254,0.633603239,0.073840254,0.820909091,0.008139738,0.57710705,0.051703006,0.429380233,0.066117954,0.464581856,0.028725918
mycobacterium_pyrazinamide_phenotypeseeker_train,Linear SVM,1000,"[{'clf__C': 0.01}, {'clf__C': 0.01}, {'clf__C': 0.01}, {'clf__C': 0.1}, {'clf__C': 0.1}]","[0.14129548370813733, -0.08225182119975494, 0.02904465863984365, 0.01676691760893912, 0.11672777017880681]",0.029044659,24.8,3.867815921,22.4,2.332380758,98.2,2.13541565,14,3.687817783,0.792169579,0.052977521,0.771650943,0.021532865,0.726514482,0.04517885,0.638731444,0.0965168,0.638731444,0.0965168,0.814297521,0.018950765,0.573801133,0.059033799,0.425445768,0.075384882,0.044316602,0.079573945
mycobacterium_pyrazinamide_phenotypeseeker_train,LogReg (L2),1000,"[{'clf__C': 0.01}, {'clf__C': 1}, {'clf__C': 0.1}, {'clf__C': 0.1}, {'clf__C': 1}]","[0.48191833262909683, 0.5540246743932691, 0.5258746053588266, 0.5340334458276949, 0.5656894227344779]",0.534033446,24.6,3.611094017,21.8,1.720465053,98.8,1.6,14.2,3.42928564,0.792433592,0.051937032,0.774150943,0.029691624,0.726429719,0.049852591,0.633603239,0.089901234,0.633603239,0.089901234,0.819256198,0.014030439,0.575482417,0.067863163,0.427045028,0.08896862,0.532308096,0.028877042
mycobacterium_pyrazinamide_phenotypeseeker_train,RBF SVM,1000,"[{'clf__C': 10, 'clf__gamma': 0.01}, {'clf__C': 100, 'clf__gamma': 'scale'}, {'clf__C': 10, 'clf__gamma': 0.01}, {'clf__C': 1, 'clf__gamma': 0.01}, {'clf__C': 10, 'clf__gamma': 0.01}]","[0.22628032069602225, 0.2935024062718877, 0.1997458270369384, 0.36803407920400966, 0.30754897872143677]",0.293502406,24.8,2.039607805,23.2,3.544009029,97.4,3.261901286,14,1.788854382,0.765782494,0.043641231,0.766611635,0.029093952,0.723283061,0.033660142,0.638866397,0.048414763,0.638866397,0.048414763,0.807699725,0.028913627,0.571838233,0.047277386,0.418814121,0.066051285,0.279022322,0.060021692
mycobacterium_pyrazinamide_phenotypeseeker_train,Gradient Boosting,1000,"[{'clf__learning_rate': 0.1, 'clf__max_depth': 2, 'clf__n_estimators': 100}, {'clf__learning_rate': 0.05, 'clf__max_depth': 3, 'clf__n_estimators': 100}, {'clf__learning_rate': 0.2, 'clf__max_depth': 3, 'clf__n_estimators': 100}, {'clf__learning_rate': 0.1, 'clf__max_depth': 1, 'clf__n_estimators': 500}, {'clf__learning_rate': 0.2, 'clf__max_depth': 2, 'clf__n_estimators': 100}]","[0.3533816821769525, 0.22865360568477877, 0.33691071317157084, 0.2563552661089675, 0.2858550067955214]",0.285855007,24.2,4.06939799,22,1.549193338,98.6,1.356465997,14.6,3.826225294,0.780051239,0.054022466,0.770408805,0.02099412,0.720340114,0.047672405,0.623076923,0.101144015,0.623076923,0.101144015,0.817603306,0.012444399,0.565852298,0.063547049,0.415904101,0.079498274,0.292231255,0.047128525
mycobacterium_pyrazinamide_phenotypeseeker_train,HistGB,1000,"[{'clf__l2_regularization': 0.0, 'clf__learning_rate': 0.1, 'clf__max_depth': 3, 'clf__max_leaf_nodes': 31, 'clf__min_samples_leaf': 10}, {'clf__l2_regularization': 1.0, 'clf__learning_rate': 0.1, 'clf__max_depth': 6, 'clf__max_leaf_nodes': 31, 'clf__min_samples_leaf': 10}, {'clf__l2_regularization': 1.0, 'clf__learning_rate': 0.1, 'clf__max_depth': 6, 'clf__max_leaf_nodes': 31, 'clf__min_samples_leaf': 10}, {'clf__l2_regularization': 0.0, 'clf__learning_rate': 0.1, 'clf__max_depth': 6, 'clf__max_leaf_nodes': 31, 'clf__min_samples_leaf': 10}, {'clf__l2_regularization': 0.0, 'clf__learning_rate': 0.05, 'clf__max_depth': 6, 'clf__max_leaf_nodes': 31, 'clf__min_samples_leaf': 10}]","[0.29198681076834937, 0.2630335912185395, 0.42335684712971594, 0.23510051718657682, 0.3003111087335421]",0.291986811,24,3.949683532,21.4,0.489897949,99.2,0.4,14.8,3.655133376,0.782525308,0.051071863,0.772900943,0.022899199,0.720187874,0.048491214,0.617813765,0.097634946,0.617813765,0.097634946,0.822561983,0.003615171,0.566708001,0.066377267,0.417525587,0.08280953,0.302757775,0.064531622
mycobacterium_pyrazinamide_phenotypeseeker_train,AdaBoost,1000,"[{'clf__learning_rate': 1.0, 'clf__n_estimators': 500}, {'clf__learning_rate': 1.0, 'clf__n_estimators': 500}, {'clf__learning_rate': 1.0, 'clf__n_estimators': 500}, {'clf__learning_rate': 1.0, 'clf__n_estimators': 500}, {'clf__learning_rate': 1.0, 'clf__n_estimators': 500}]","[0.49106761447423, 0.4561858046405533, 0.47092780241716153, 0.4545647412653566, 0.47318614802919856]",0.470927802,22,7.375635566,18.8,5.635601121,101.8,5.741080038,16.8,7.304792947,0.783887904,0.059994627,0.776650943,0.028897729,0.705371901,0.07761748,0.566666667,0.188142937,0.566666667,0.188142937,0.844077135,0.046702158,0.534881381,0.125105279,0.401294493,0.120981921,0.469186422,0.01327122
mycobacterium_pyrazinamide_phenotypeseeker_train,Decision Tree,1000,"[{'clf__max_depth': None, 'clf__min_samples_leaf': 10, 'clf__min_samples_split': 2}, {'clf__max_depth': 5, 'clf__min_samples_leaf': 2, 'clf__min_samples_split': 20}, {'clf__max_depth': 5, 'clf__min_samples_leaf': 5, 'clf__min_samples_split': 2}, {'clf__max_depth': None, 'clf__min_samples_leaf': 10, 'clf__min_samples_split': 2}, {'clf__max_depth': None, 'clf__min_samples_leaf': 2, 'clf__min_samples_split': 20}]","[0.6091081593927894, 0.6729559748427673, 0.6068052930056712, 0.5320115654688145, 0.6075471698113207]",0.60754717,23.2,3.310589071,22.6,1.624807681,98,1.264911064,15.6,3.006659276,0.759759009,0.039927449,0.760377358,0.023338453,0.704972786,0.042368847,0.597300945,0.081127156,0.597300945,0.081127156,0.812644628,0.012865382,0.5464088,0.059185164,0.388181975,0.075001221,0.605685633,0.044653331
mycobacterium_pyrazinamide_phenotypeseeker_train,SGD Logistic,1000,"[{'clf__alpha': 0.01}, {'clf__alpha': 1e-05}, {'clf__alpha': 1e-05}, {'clf__alpha': 1e-05}, {'clf__alpha': 1e-05}]","[0.7044588703733925, 7.905919107270162e-102, 1.0, 2.4385403396405306e-206, 7.341124939953931e-06]",7.34E-06,24.4,10.61319933,37,29.28480835,83.6,29.02826209,14.4,10.70700705,0.728417409,0.081137892,0.677617925,0.131194199,0.661636832,0.072389309,0.629554656,0.273936166,0.629554656,0.273936166,0.693719008,0.241796608,0.47667296,0.101803469,0.332203308,0.116798821,0.340893242,0.427836718
mycobacterium_pyrazinamide_phenotypeseeker_train,KNN,1000,"[{'clf__n_neighbors': 15, 'clf__p': 1, 'clf__weights': 'distance'}, {'clf__n_neighbors': 5, 'clf__p': 1, 'clf__weights': 'distance'}, {'clf__n_neighbors': 7, 'clf__p': 1, 'clf__weights': 'distance'}, {'clf__n_neighbors': 15, 'clf__p': 1, 'clf__weights': 'distance'}, {'clf__n_neighbors': 15, 'clf__p': 1, 'clf__weights': 'distance'}]","[0.5, 0.5, 0.4, 0.53125, 0.6502177068214805]",0.5,21.6,10.48045801,37.6,30.30907455,83,29.8596718,17.2,10.64706532,0.702552132,0.034727465,0.656273585,0.130009109,0.623527258,0.049197019,0.557894737,0.272075755,0.557894737,0.272075755,0.68915978,0.2503818,0.421813565,0.074624228,0.274801655,0.093432482,0.516293541,0.080267708
mycobacterium_pyrazinamide_phenotypeseeker_train,BernoulliNB,1000,"[{'clf__alpha': 10.0, 'clf__binarize': None}, {'clf__alpha': 0.01, 'clf__binarize': None}, {'clf__alpha': 10.0, 'clf__binarize': None}, {'clf__alpha': 10.0, 'clf__binarize': None}, {'clf__alpha': 0.01, 'clf__binarize': None}]","[3.418616969181348e-98, 1.1231391005524625e-63, 2.7946956907892337e-93, 2.3522037402411318e-92, 1.709479590891307e-73]",2.35E-92,32.8,9.947864092,84.2,39.24996815,36.4,39.23569803,6,10.05982107,0.723580998,0.02951088,0.433970126,0.189635875,0.574006675,0.065003935,0.846153846,0.25794413,0.846153846,0.25794413,0.301859504,0.324314721,0.421382056,0.041234131,0.15329462,0.131102769,2.25E-64,4.49E-64
mycobacterium_pyrazinamide_pointfinder_train,RBF SVM,211,"[{'clf__C': 0.1, 'clf__gamma': 'scale'}, {'clf__C': 1, 'clf__gamma': 1}, {'clf__C': 1, 'clf__gamma': 'scale'}, {'clf__C': 1, 'clf__gamma': 0.1}, {'clf__C': 1, 'clf__gamma': 1}]","[0.3509489909947144, 0.28093780028781085, 0.3208933754326946, 0.3228653760799304, 0.2402349241713735]",0.320893375,27.8,3.249615362,23.6,5.238320341,97,5.291502622,11,3.033150178,0.822685198,0.03400547,0.782916667,0.026700729,0.76017845,0.032601784,0.716059379,0.079709461,0.716059379,0.079709461,0.804297521,0.043539368,0.615733599,0.042015833,0.480513861,0.057167685,0.303176093,0.038574479
mycobacterium_pyrazinamide_pointfinder_train,Random Forest,211,"[{'clf__max_depth': 5, 'clf__min_samples_leaf': 1, 'clf__min_samples_split': 10, 'clf__n_estimators': 200}, {'clf__max_depth': None, 'clf__min_samples_leaf': 1, 'clf__min_samples_split': 10, 'clf__n_estimators': 200}, {'clf__max_depth': None, 'clf__min_samples_leaf': 1, 'clf__min_samples_split': 10, 'clf__n_estimators': 500}, {'clf__max_depth': 10, 'clf__min_samples_leaf': 2, 'clf__min_samples_split': 5, 'clf__n_estimators': 500}, {'clf__max_depth': None, 'clf__min_samples_leaf': 1, 'clf__min_samples_split': 10, 'clf__n_estimators': 500}]","[0.48272564043562083, 0.2688890586463874, 0.27064029198476314, 0.43277916061342664, 0.2894574629046036]",0.289457463,29.2,3.867815921,29.6,6.97423831,91,6.723094526,9.6,3.773592453,0.826563277,0.03710125,0.75408805,0.040170448,0.753522435,0.045484117,0.752361673,0.097353246,0.752361673,0.097353246,0.754683196,0.0571885,0.597999235,0.055658184,0.454252662,0.079032102,0.348898323,0.090559112
mycobacterium_pyrazinamide_pointfinder_train,LogReg (L1),211,"[{'clf__C': 1}, {'clf__C': 1}, {'clf__C': 1}, {'clf__C': 1}, {'clf__C': 0.1}]","[0.3171652334539275, 0.29153211743624025, 0.36279563344943205, 0.3415182411575937, 0.5103159060885755]",0.341518241,31,2.449489743,36.2,5.114684741,84.4,4.841487375,7.8,2.13541565,0.825724042,0.053207527,0.723962264,0.033736315,0.749223325,0.034251625,0.79851552,0.057012713,0.79851552,0.057012713,0.699931129,0.041797634,0.585456094,0.042190278,0.43474332,0.062728826,0.364665426,0.076626496
mycobacterium_pyrazinamide_pointfinder_train,SGD Logistic,211,"[{'clf__alpha': 0.01}, {'clf__alpha': 0.001}, {'clf__alpha': 0.01}, {'clf__alpha': 0.01}, {'clf__alpha': 0.001}]","[0.414330347739713, 0.4175881435268841, 0.4660335905679728, 0.5055744565761927, 0.43426029927134446]",0.434260299,28.8,2.785677655,29.4,4.409081537,91.2,4.019950248,10,2.529822128,0.822158928,0.042135081,0.752806604,0.03578063,0.749085723,0.042811292,0.741835358,0.067007276,0.741835358,0.067007276,0.756336088,0.035754748,0.59403196,0.053663025,0.445124298,0.077656297,0.447557368,0.034311382
mycobacterium_pyrazinamide_pointfinder_train,BernoulliNB,211,"[{'clf__alpha': 0.1, 'clf__binarize': None}, {'clf__alpha': 0.1, 'clf__binarize': None}, {'clf__alpha': 0.01, 'clf__binarize': None}, {'clf__alpha': 0.01, 'clf__binarize': None}, {'clf__alpha': 0.01, 'clf__binarize': None}]","[0.023973436037509396, 0.06603389097123623, 0.7172579826519414, 0.5036304057495423, 0.14141419861712715]",0.141414199,25.4,4.270831301,19,8.438009244,101.6,8.236504113,13.4,3.979949748,0.826453465,0.040785618,0.796808176,0.037355115,0.748210956,0.035036964,0.653846154,0.105720657,0.653846154,0.105720657,0.842575758,0.069590539,0.610063111,0.047493402,0.484765119,0.063643729,0.290461983,0.272468331
mycobacterium_pyrazinamide_pointfinder_train,Balanced Random Forest,211,"[{'clf__max_depth': 5, 'clf__min_samples_leaf': 5, 'clf__min_samples_split': 2, 'clf__n_estimators': 200}, {'clf__max_depth': None, 'clf__min_samples_leaf': 1, 'clf__min_samples_split': 10, 'clf__n_estimators': 500}, {'clf__max_depth': 20, 'clf__min_samples_leaf': 1, 'clf__min_samples_split': 10, 'clf__n_estimators': 200}, {'clf__max_depth': 10, 'clf__min_samples_leaf': 1, 'clf__min_samples_split': 2, 'clf__n_estimators': 200}, {'clf__max_depth': None, 'clf__min_samples_leaf': 1, 'clf__min_samples_split': 10, 'clf__n_estimators': 500}]","[0.4514654566595739, 0.5134216665131557, 0.43707233506690296, 0.4396252062839628, 0.459706349206349]",0.451465457,27.6,3.440930107,26.4,3.498571137,94.2,3.18747549,11.2,3.18747549,0.822431715,0.042768709,0.76413522,0.038839737,0.74598351,0.053300985,0.710796221,0.084206201,0.710796221,0.084206201,0.781170799,0.028385205,0.594388939,0.067875039,0.446409181,0.096368784,0.460258203,0.027811062
mycobacterium_pyrazinamide_pointfinder_train,AdaBoost,211,"[{'clf__learning_rate': 1.0, 'clf__n_estimators': 500}, {'clf__learning_rate': 1.0, 'clf__n_estimators': 500}, {'clf__learning_rate': 1.0, 'clf__n_estimators': 500}, {'clf__learning_rate': 1.0, 'clf__n_estimators': 500}, {'clf__learning_rate': 1.0, 'clf__n_estimators': 500}]","[0.4710118727116449, 0.46282775419652905, 0.4772583655335951, 0.45910312787579804, 0.47616428269235533]",0.471011873,29.4,5.607138308,32,5.966573556,88.6,5.851495535,9.4,5.314132102,0.820137341,0.05080685,0.740283019,0.026122055,0.745695453,0.05452458,0.756680162,0.1395777,0.756680162,0.1395777,0.734710744,0.049159565,0.582369657,0.06058244,0.435885266,0.088459001,0.469273081,0.007200653
mycobacterium_pyrazinamide_pointfinder_train,Linear SVM,211,"[{'clf__C': 0.01}, {'clf__C': 0.1}, {'clf__C': 0.1}, {'clf__C': 0.1}, {'clf__C': 0.1}]","[-0.0242664030658839, -0.3928727687861898, -0.26561828618301697, -0.10315121756334389, -0.21751722404442303]",-0.217517224,28.4,3.382306905,29.2,7.194442299,91.4,6.85857128,10.4,3.2,0.822842224,0.032749534,0.751611635,0.038554857,0.744811512,0.037217154,0.731578947,0.08353827,0.731578947,0.08353827,0.758044077,0.058918633,0.589695635,0.048672729,0.441203926,0.069225034,-0.20068518,0.128118815
mycobacterium_pyrazinamide_pointfinder_train,Extra Trees,211,"[{'clf__max_depth': 10, 'clf__min_samples_leaf': 5, 'clf__min_samples_split': 2, 'clf__n_estimators': 500}, {'clf__max_depth': None, 'clf__min_samples_leaf': 1, 'clf__min_samples_split': 10, 'clf__n_estimators': 200}, {'clf__max_depth': None, 'clf__min_samples_leaf': 2, 'clf__min_samples_split': 5, 'clf__n_estimators': 200}, {'clf__max_depth': 5, 'clf__min_samples_leaf': 1, 'clf__min_samples_split': 5, 'clf__n_estimators': 500}, {'clf__max_depth': 10, 'clf__min_samples_leaf': 1, 'clf__min_samples_split': 5, 'clf__n_estimators': 200}]","[0.42095927041095366, 0.3176804584847915, 0.4510258616743173, 0.43867660228559413, 0.4169194938018792]",0.42095927,28.8,3.487119155,30.8,3.969886648,89.8,3.709447398,10,3.098386677,0.81058368,0.037305188,0.744080189,0.031565338,0.743056847,0.044685951,0.741430499,0.083634139,0.741430499,0.083634139,0.744683196,0.032387323,0.584314598,0.05696946,0.431947298,0.079118947,0.409052337,0.047311439
mycobacterium_pyrazinamide_pointfinder_train,Gradient Boosting,211,"[{'clf__learning_rate': 0.1, 'clf__max_depth': 3, 'clf__n_estimators': 500}, {'clf__learning_rate': 0.1, 'clf__max_depth': 3, 'clf__n_estimators': 500}, {'clf__learning_rate': 0.2, 'clf__max_depth': 3, 'clf__n_estimators': 200}, {'clf__learning_rate': 0.1, 'clf__max_depth': 2, 'clf__n_estimators': 500}, {'clf__learning_rate': 0.2, 'clf__max_depth': 3, 'clf__n_estimators': 200}]","[0.2326380240754768, 0.1930414889491636, 0.08449196724637592, 0.1800092461699221, 0.07111636004429502]",0.180009246,27.2,2.561249695,26.2,11.49608629,94.4,11.62067124,11.6,2.576819745,0.812925938,0.031251569,0.762751572,0.060982951,0.741869012,0.03135023,0.701079622,0.065792761,0.701079622,0.065792761,0.782658402,0.095621482,0.595536015,0.05107186,0.451591579,0.076055842,0.152259417,0.063357042
mycobacterium_pyrazinamide_pointfinder_train,HistGB,211,"[{'clf__l2_regularization': 1.0, 'clf__learning_rate': 0.1, 'clf__max_depth': 6, 'clf__max_leaf_nodes': 31, 'clf__min_samples_leaf': 10}, {'clf__l2_regularization': 0.0, 'clf__learning_rate': 0.1, 'clf__max_depth': 6, 'clf__max_leaf_nodes': 31, 'clf__min_samples_leaf': 10}, {'clf__l2_regularization': 1.0, 'clf__learning_rate': 0.1, 'clf__max_depth': 6, 'clf__max_leaf_nodes': 31, 'clf__min_samples_leaf': 50}, {'clf__l2_regularization': 1.0, 'clf__learning_rate': 0.05, 'clf__max_depth': 6, 'clf__max_leaf_nodes': 31, 'clf__min_samples_leaf': 50}, {'clf__l2_regularization': 1.0, 'clf__learning_rate': 0.1, 'clf__max_depth': 6, 'clf__max_leaf_nodes': 31, 'clf__min_samples_leaf': 10}]","[0.20171990045302113, 0.2492455896265539, 0.2671488707058472, 0.2567907989458418, 0.12900273993414269]",0.24924559,28.2,5.844655678,29.6,5.083306011,91,5.176871642,10.6,5.462600113,0.806788301,0.049612994,0.747783019,0.037294802,0.7399514,0.067571119,0.72537112,0.145472572,0.72537112,0.145472572,0.75453168,0.042475694,0.578412622,0.086947281,0.428906197,0.115106237,0.22078158,0.05107542
mycobacterium_pyrazinamide_pointfinder_train,LogReg (L2),211,"[{'clf__C': 0.1}, {'clf__C': 10}, {'clf__C': 0.1}, {'clf__C': 1}, {'clf__C': 1}]","[0.5114342315135981, 0.5103024622114841, 0.47886213207910805, 0.44222695844464543, 0.37849962870530607]",0.478862132,26,2.097617696,24,5.830951895,96.6,5.748043145,12.8,1.939071943,0.804082953,0.036780125,0.769095912,0.04082568,0.735469295,0.038819609,0.669905533,0.051015716,0.669905533,0.051015716,0.801033058,0.048046676,0.58727547,0.053845803,0.438433417,0.077368307,0.464265083,0.049797259
mycobacterium_pyrazinamide_pointfinder_train,Decision Tree,211,"[{'clf__max_depth': 3, 'clf__min_samples_leaf': 1, 'clf__min_samples_split': 2}, {'clf__max_depth': None, 'clf__min_samples_leaf': 2, 'clf__min_samples_split': 20}, {'clf__max_depth': 10, 'clf__min_samples_leaf': 1, 'clf__min_samples_split': 20}, {'clf__max_depth': 5, 'clf__min_samples_leaf': 5, 'clf__min_samples_split': 2}, {'clf__max_depth': 3, 'clf__min_samples_leaf': 5, 'clf__min_samples_split': 2}]","[0.6703539135568476, 0.49029311001141984, 0.6075471698113207, 0.5048076923076926, 0.6098484848484849]",0.60754717,27,4.049691346,30.2,8.885943957,90.4,8.935323161,11.8,3.709447398,0.764380165,0.039706149,0.736509434,0.043362847,0.722282988,0.036969797,0.695006748,0.099210019,0.695006748,0.099210019,0.749559229,0.073968258,0.562401802,0.051588442,0.403368159,0.069559356,0.576570074,0.068492329
mycobacterium_pyrazinamide_pointfinder_train,KNN,211,"[{'clf__n_neighbors': 3, 'clf__p': 1, 'clf__weights': 'distance'}, {'clf__n_neighbors': 7, 'clf__p': 1, 'clf__weights': 'distance'}, {'clf__n_neighbors': 7, 'clf__p': 1, 'clf__weights': 'distance'}, {'clf__n_neighbors': 3, 'clf__p': 1, 'clf__weights': 'distance'}, {'clf__n_neighbors': 3, 'clf__p': 1, 'clf__weights': 'distance'}]","[0.4, 0.3125, 0.288135593220339, 0.3636363636363637, 0.4]",0.363636364,19,3.286335345,28.8,23.90313787,91.8,24.12799204,19.8,3.12409987,0.683843291,0.05507096,0.695023585,0.137524009,0.625082589,0.076632129,0.489338731,0.082383552,0.489338731,0.082383552,0.760826446,0.199441822,0.456536775,0.073714543,0.265633736,0.162260962,0.352854391,0.045560218
mycobacterium_pyrazinamide_pointfinder+cdhit_train,RBF SVM,214,"[{'clf__C': 1, 'clf__gamma': 'scale'}, {'clf__C': 1, 'clf__gamma': 1}, {'clf__C': 1, 'clf__gamma': 'scale'}, {'clf__C': 1, 'clf__gamma': 0.1}, {'clf__C': 1, 'clf__gamma': 1}]","[0.2685869940934322, 0.2896900886095233, 0.36451688079473327, 0.322437596972894, 0.23149732467028458]",0.289690089,28.2,3.815756806,23.4,4.8,97.2,4.874423043,10.6,3.440930107,0.839078836,0.034376389,0.786643082,0.034494669,0.765930672,0.047507176,0.725910931,0.092511475,0.725910931,0.092511475,0.805950413,0.039966689,0.622724926,0.064186979,0.489624129,0.086263176,0.295345777,0.04548242
mycobacterium_pyrazinamide_pointfinder+cdhit_train,Random Forest,214,"[{'clf__max_depth': 5, 'clf__min_samples_leaf': 5, 'clf__min_samples_split': 2, 'clf__n_estimators': 200}, {'clf__max_depth': 20, 'clf__min_samples_leaf': 1, 'clf__min_samples_split': 10, 'clf__n_estimators': 500}, {'clf__max_depth': None, 'clf__min_samples_leaf': 1, 'clf__min_samples_split': 10, 'clf__n_estimators': 500}, {'clf__max_depth': None, 'clf__min_samples_leaf': 2, 'clf__min_samples_split': 10, 'clf__n_estimators': 200}, {'clf__max_depth': None, 'clf__min_samples_leaf': 1, 'clf__min_samples_split': 10, 'clf__n_estimators': 500}]","[0.480819532335567, 0.36077685716858243, 0.25691124309901453, 0.4273840087844739, 0.3356066657304329]",0.360776857,29.4,3.498571137,30.2,7.249827584,90.4,6.916646586,9.4,3.382306905,0.828589037,0.043114283,0.75158805,0.044091963,0.753620972,0.045536564,0.757489879,0.08747563,0.757489879,0.08747563,0.749752066,0.059357196,0.598266135,0.056409881,0.453418901,0.082088711,0.372299661,0.076947366
mycobacterium_pyrazinamide_pointfinder+cdhit_train,LogReg (L2),214,"[{'clf__C': 0.1}, {'clf__C': 10}, {'clf__C': 1}, {'clf__C': 0.1}, {'clf__C': 1}]","[0.4541078576054172, 0.510144956781462, 0.3194372165910687, 0.5083067806344383, 0.37829477260260785]",0.454107858,27.8,1.720465053,25.4,7.031358332,95.2,6.794115101,11,1.673320053,0.80817719,0.036076165,0.771643082,0.040238454,0.752984185,0.027553623,0.716464238,0.043008242,0.716464238,0.043008242,0.789504132,0.057787214,0.606723745,0.043079562,0.464934606,0.061567619,0.434058317,0.074768395
mycobacterium_pyrazinamide_pointfinder+cdhit_train,Linear SVM,214,"[{'clf__C': 0.01}, {'clf__C': 0.1}, {'clf__C': 0.1}, {'clf__C': 0.1}, {'clf__C': 0.1}]","[-0.09579914128073894, -0.4076587316364457, -0.26688288778889124, -0.10395726035449165, -0.22195631493696608]",-0.221956315,29.4,2.939387691,30.8,7.222188034,89.8,6.794115101,9.4,2.653299832,0.820930393,0.033504053,0.747861635,0.039825422,0.751020455,0.034252572,0.757219973,0.070460854,0.757219973,0.070460854,0.744820937,0.059008213,0.595110589,0.046681309,0.448208931,0.066362059,-0.219250867,0.115157802
mycobacterium_pyrazinamide_pointfinder+cdhit_train,LogReg (L1),214,"[{'clf__C': 1}, {'clf__C': 1}, {'clf__C': 1}, {'clf__C': 1}, {'clf__C': 0.1}]","[0.31869061890526684, 0.29158602096413644, 0.3627847066391781, 0.3416922128867857, 0.510313001662193]",0.341692213,31,2.449489743,36.2,5.114684741,84.4,4.841487375,7.8,2.13541565,0.825724042,0.053207527,0.723962264,0.033736315,0.749223325,0.034251625,0.79851552,0.057012713,0.79851552,0.057012713,0.699931129,0.041797634,0.585456094,0.042190278,0.43474332,0.062728826,0.365013312,0.076417536
mycobacterium_pyrazinamide_pointfinder+cdhit_train,Extra Trees,214,"[{'clf__max_depth': 5, 'clf__min_samples_leaf': 2, 'clf__min_samples_split': 10, 'clf__n_estimators': 500}, {'clf__max_depth': 20, 'clf__min_samples_leaf': 1, 'clf__min_samples_split': 10, 'clf__n_estimators': 200}, {'clf__max_depth': None, 'clf__min_samples_leaf': 2, 'clf__min_samples_split': 10, 'clf__n_estimators': 500}, {'clf__max_depth': 10, 'clf__min_samples_leaf': 1, 'clf__min_samples_split': 10, 'clf__n_estimators': 500}, {'clf__max_depth': 20, 'clf__min_samples_leaf': 1, 'clf__min_samples_split': 10, 'clf__n_estimators': 200}]","[0.50153714106366, 0.30344100014443565, 0.47234293516975734, 0.420492231617537, 0.29986035020691454]",0.420492232,29.2,6.013318551,30.6,8.867919711,90,8.876936408,9.6,5.748043145,0.827546276,0.046933286,0.747830189,0.037535685,0.748909587,0.054083418,0.751551957,0.15038026,0.751551957,0.15038026,0.746267218,0.073380648,0.588174237,0.063046103,0.446942705,0.086864541,0.399534732,0.084040146
mycobacterium_pyrazinamide_pointfinder+cdhit_train,BernoulliNB,214,"[{'clf__alpha': 0.1, 'clf__binarize': None}, {'clf__alpha': 0.1, 'clf__binarize': None}, {'clf__alpha': 0.01, 'clf__binarize': None}, {'clf__alpha': 0.01, 'clf__binarize': None}, {'clf__alpha': 0.01, 'clf__binarize': None}]","[0.023927936871750183, 0.06610375886884005, 0.7172183831395729, 0.5035815941441262, 0.1413901530693132]",0.141390153,25.4,4.270831301,19,8.438009244,101.6,8.236504113,13.4,3.979949748,0.82632632,0.040746117,0.796808176,0.037355115,0.748210956,0.035036964,0.653846154,0.105720657,0.653846154,0.105720657,0.842575758,0.069590539,0.610063111,0.047493402,0.484765119,0.063643729,0.290444365,0.272448312
mycobacterium_pyrazinamide_pointfinder+cdhit_train,AdaBoost,214,"[{'clf__learning_rate': 1.0, 'clf__n_estimators': 500}, {'clf__learning_rate': 1.0, 'clf__n_estimators': 500}, {'clf__learning_rate': 1.0, 'clf__n_estimators': 500}, {'clf__learning_rate': 1.0, 'clf__n_estimators': 500}, {'clf__learning_rate': 1.0, 'clf__n_estimators': 500}]","[0.47101187271164485, 0.462827754196529, 0.477258365533595, 0.4591031278757981, 0.4761826743381311]",0.471011873,29.4,5.607138308,32,5.966573556,88.6,5.851495535,9.4,5.314132102,0.820137341,0.05080685,0.740283019,0.026122055,0.745695453,0.05452458,0.756680162,0.1395777,0.756680162,0.1395777,0.734710744,0.049159565,0.582369657,0.06058244,0.435885266,0.088459001,0.469276759,0.007204176
mycobacterium_pyrazinamide_pointfinder+cdhit_train,Balanced Random Forest,214,"[{'clf__max_depth': 5, 'clf__min_samples_leaf': 5, 'clf__min_samples_split': 2, 'clf__n_estimators': 500}, {'clf__max_depth': None, 'clf__min_samples_leaf': 1, 'clf__min_samples_split': 10, 'clf__n_estimators': 500}, {'clf__max_depth': 20, 'clf__min_samples_leaf': 1, 'clf__min_samples_split': 10, 'clf__n_estimators': 200}, {'clf__max_depth': 10, 'clf__min_samples_leaf': 1, 'clf__min_samples_split': 10, 'clf__n_estimators': 500}, {'clf__max_depth': 20, 'clf__min_samples_leaf': 1, 'clf__min_samples_split': 10, 'clf__n_estimators': 500}]","[0.45319090905650455, 0.35297263633579073, 0.43586886559668286, 0.44231670273502705, 0.4449630942528003]",0.442316703,28.2,4.166533331,28.8,5.075431016,91.8,4.664761516,10.6,3.929376541,0.830272322,0.043532624,0.75288522,0.033842542,0.743758462,0.049715037,0.726180837,0.103074587,0.726180837,0.103074587,0.761336088,0.041273148,0.5872069,0.060527136,0.438148189,0.086561913,0.425862442,0.036865906
mycobacterium_pyrazinamide_pointfinder+cdhit_train,SGD Logistic,214,"[{'clf__alpha': 0.01}, {'clf__alpha': 0.01}, {'clf__alpha': 0.01}, {'clf__alpha': 0.01}, {'clf__alpha': 0.001}]","[0.42720051044687557, 0.3744194276660299, 0.4632981191455598, 0.5186247240620452, 0.21856244888985255]",0.42720051,31.6,3.611094017,39.6,11.75755077,81,11.86591758,7.2,3.310589071,0.830120547,0.051044805,0.706352201,0.06400718,0.742660828,0.042607282,0.813765182,0.087263427,0.813765182,0.087263427,0.671556474,0.098184442,0.577655182,0.052515404,0.426160822,0.076894115,0.400421046,0.102363479
mycobacterium_pyrazinamide_pointfinder+cdhit_train,HistGB,214,"[{'clf__l2_regularization': 1.0, 'clf__learning_rate': 0.1, 'clf__max_depth': 6, 'clf__max_leaf_nodes': 31, 'clf__min_samples_leaf': 10}, {'clf__l2_regularization': 0.0, 'clf__learning_rate': 0.1, 'clf__max_depth': 6, 'clf__max_leaf_nodes': 31, 'clf__min_samples_leaf': 10}, {'clf__l2_regularization': 1.0, 'clf__learning_rate': 0.1, 'clf__max_depth': 6, 'clf__max_leaf_nodes': 31, 'clf__min_samples_leaf': 50}, {'clf__l2_regularization': 1.0, 'clf__learning_rate': 0.05, 'clf__max_depth': 6, 'clf__max_leaf_nodes': 31, 'clf__min_samples_leaf': 50}, {'clf__l2_regularization': 1.0, 'clf__learning_rate': 0.1, 'clf__max_depth': 6, 'clf__max_leaf_nodes': 31, 'clf__min_samples_leaf': 10}]","[0.20171990045302113, 0.2492455896265539, 0.2671488707058472, 0.2567907989458418, 0.12900273993414269]",0.24924559,28.2,5.844655678,29.6,5.083306011,91,5.176871642,10.6,5.462600113,0.806788301,0.049612994,0.747783019,0.037294802,0.7399514,0.067571119,0.72537112,0.145472572,0.72537112,0.145472572,0.75453168,0.042475694,0.578412622,0.086947281,0.428906197,0.115106237,0.22078158,0.05107542
mycobacterium_pyrazinamide_pointfinder+cdhit_train,Gradient Boosting,214,"[{'clf__learning_rate': 0.1, 'clf__max_depth': 3, 'clf__n_estimators': 100}, {'clf__learning_rate': 0.1, 'clf__max_depth': 3, 'clf__n_estimators': 500}, {'clf__learning_rate': 0.2, 'clf__max_depth': 3, 'clf__n_estimators': 200}, {'clf__learning_rate': 0.2, 'clf__max_depth': 2, 'clf__n_estimators': 200}, {'clf__learning_rate': 0.2, 'clf__max_depth': 3, 'clf__n_estimators': 200}]","[0.20485440866219698, 0.15520130812795793, 0.08482078461272932, 0.20629763161571626, 0.17546289579238125]",0.175462896,26,2.966479395,24.6,8.039900497,96,7.745966692,12.8,3.059411708,0.821204862,0.02729113,0.765345912,0.047434983,0.733247482,0.042154737,0.670310391,0.077624944,0.670310391,0.077624944,0.796184573,0.066165208,0.583854923,0.059934078,0.435857667,0.086425782,0.165327406,0.044559007
mycobacterium_pyrazinamide_pointfinder+cdhit_train,Decision Tree,214,"[{'clf__max_depth': 3, 'clf__min_samples_leaf': 10, 'clf__min_samples_split': 2}, {'clf__max_depth': None, 'clf__min_samples_leaf': 5, 'clf__min_samples_split': 20}, {'clf__max_depth': 10, 'clf__min_samples_leaf': 1, 'clf__min_samples_split': 5}, {'clf__max_depth': 5, 'clf__min_samples_leaf': 5, 'clf__min_samples_split': 2}, {'clf__max_depth': 3, 'clf__min_samples_leaf': 5, 'clf__min_samples_split': 2}]","[0.6703539135568476, 0.438692098092643, 0.6858469019376713, 0.5048076923076927, 0.6098484848484849]",0.609848485,27.2,4.4,30.6,8.6856203,90,8.717797887,11.6,4.029888336,0.772331783,0.068823715,0.735251572,0.043817474,0.723126722,0.043188317,0.7,0.108057987,0.7,0.108057987,0.746253444,0.072285795,0.562323353,0.05947222,0.403454941,0.079126617,0.581909818,0.095772541
mycobacterium_pyrazinamide_pointfinder+cdhit_train,KNN,214,"[{'clf__n_neighbors': 3, 'clf__p': 1, 'clf__weights': 'distance'}, {'clf__n_neighbors': 3, 'clf__p': 1, 'clf__weights': 'distance'}, {'clf__n_neighbors': 7, 'clf__p': 1, 'clf__weights': 'distance'}, {'clf__n_neighbors': 3, 'clf__p': 1, 'clf__weights': 'distance'}, {'clf__n_neighbors': 3, 'clf__p': 1, 'clf__weights': 'distance'}]","[0.4, 0.35714285714285715, 0.28915662650602414, 0.3636363636363637, 0.25]",0.357142857,20.2,4.118252056,19.6,3.979949748,101,4,18.6,3.878143886,0.732937202,0.033595958,0.760424528,0.026905066,0.678726174,0.046962908,0.519973009,0.103088015,0.519973009,0.103088015,0.837479339,0.03292865,0.51008302,0.069040912,0.354884978,0.081784319,0.331987169,0.054436342
mycobacterium_pyrazinamide_pointfinder+cdhit+phenotypeseeker_train,LogReg (L1),1214,"[{'clf__C': 0.1}, {'clf__C': 1}, {'clf__C': 1}, {'clf__C': 1}, {'clf__C': 1}]","[0.48798586921186865, 0.4221610453814844, 0.41793961218001874, 0.4960362450433052, 0.3816232198786156]",0.422161045,30,2.449489743,27.2,3.969886648,93.4,3.611094017,8.8,2.227105745,0.824850781,0.0475053,0.774174528,0.028732486,0.773716861,0.03402372,0.772874494,0.058628552,0.772874494,0.058628552,0.774559229,0.032296548,0.625200961,0.043813799,0.490970202,0.063012704,0.441149198,0.043929122
mycobacterium_pyrazinamide_pointfinder+cdhit+phenotypeseeker_train,AdaBoost,1214,"[{'clf__learning_rate': 1.0, 'clf__n_estimators': 200}, {'clf__learning_rate': 1.0, 'clf__n_estimators': 500}, {'clf__learning_rate': 1.0, 'clf__n_estimators': 500}, {'clf__learning_rate': 1.0, 'clf__n_estimators': 500}, {'clf__learning_rate': 1.0, 'clf__n_estimators': 500}]","[0.4453547483719059, 0.4752817074657844, 0.46861631460974773, 0.463071563070226, 0.4775375808044602]",0.468616315,31,3.224903099,32.4,7.2277244,88.2,7.138627319,7.8,3.18747549,0.825967719,0.051596602,0.747759434,0.043898881,0.765155781,0.043137002,0.798920378,0.081826348,0.798920378,0.081826348,0.731391185,0.059598601,0.607735772,0.053652817,0.468501125,0.078723664,0.465972383,0.011497037
mycobacterium_pyrazinamide_pointfinder+cdhit+phenotypeseeker_train,Balanced Random Forest,1214,"[{'clf__max_depth': None, 'clf__min_samples_leaf': 1, 'clf__min_samples_split': 10, 'clf__n_estimators': 200}, {'clf__max_depth': 20, 'clf__min_samples_leaf': 1, 'clf__min_samples_split': 5, 'clf__n_estimators': 200}, {'clf__max_depth': 20, 'clf__min_samples_leaf': 1, 'clf__min_samples_split': 5, 'clf__n_estimators': 200}, {'clf__max_depth': None, 'clf__min_samples_leaf': 1, 'clf__min_samples_split': 5, 'clf__n_estimators': 500}, {'clf__max_depth': 20, 'clf__min_samples_leaf': 1, 'clf__min_samples_split': 5, 'clf__n_estimators': 500}]","[0.3950512371615313, 0.406746658079379, 0.40835933542659036, 0.4105545559703454, 0.43038760257627007]",0.408359335,30.2,3.12409987,31,6.228964601,89.6,5.953150426,8.6,2.870540019,0.840916907,0.033442134,0.75158805,0.038526261,0.760469686,0.040172215,0.777867746,0.075566801,0.777867746,0.075566801,0.743071625,0.051047538,0.604640867,0.051901633,0.462460371,0.074840731,0.410219878,0.011423324
mycobacterium_pyrazinamide_pointfinder+cdhit+phenotypeseeker_train,HistGB,1214,"[{'clf__l2_regularization': 0.0, 'clf__learning_rate': 0.1, 'clf__max_depth': 3, 'clf__max_leaf_nodes': 31, 'clf__min_samples_leaf': 10}, {'clf__l2_regularization': 0.0, 'clf__learning_rate': 0.1, 'clf__max_depth': 3, 'clf__max_leaf_nodes': 31, 'clf__min_samples_leaf': 10}, {'clf__l2_regularization': 0.0, 'clf__learning_rate': 0.1, 'clf__max_depth': 6, 'clf__max_leaf_nodes': 31, 'clf__min_samples_leaf': 50}, {'clf__l2_regularization': 0.0, 'clf__learning_rate': 0.1, 'clf__max_depth': 3, 'clf__max_leaf_nodes': 31, 'clf__min_samples_leaf': 10}, {'clf__l2_regularization': 0.0, 'clf__learning_rate': 0.05, 'clf__max_depth': 6, 'clf__max_leaf_nodes': 31, 'clf__min_samples_leaf': 10}]","[0.1939419679619924, 0.21531996451728241, 0.3364186171292156, 0.28721970863309276, 0.2307868343753332]",0.230786834,28.4,4.223742416,26,3.521363372,94.6,3.072458299,10.4,3.878143886,0.823954395,0.050821458,0.77163522,0.030491285,0.757778521,0.051773901,0.731039136,0.103372057,0.731039136,0.103372057,0.784517906,0.028447258,0.607156626,0.064680591,0.467247595,0.089632005,0.252737419,0.052019939
mycobacterium_pyrazinamide_pointfinder+cdhit+phenotypeseeker_train,RBF SVM,1214,"[{'clf__C': 100, 'clf__gamma': 'auto'}, {'clf__C': 100, 'clf__gamma': 'auto'}, {'clf__C': 100, 'clf__gamma': 'scale'}, {'clf__C': 100, 'clf__gamma': 'auto'}, {'clf__C': 1, 'clf__gamma': 0.1}]","[0.13899022209532536, 0.22412523653745434, 0.2223480135062644, 0.22947013163071528, 0.1824846315976008]",0.222348014,29.2,3.12409987,28.6,6.05309838,92,5.727128425,9.6,2.870540019,0.830798684,0.048569455,0.760400943,0.030721351,0.757540374,0.031075479,0.752091768,0.075734358,0.752091768,0.075734358,0.762988981,0.049576973,0.604670437,0.039839063,0.46287693,0.057296877,0.199483647,0.034576285
mycobacterium_pyrazinamide_pointfinder+cdhit+phenotypeseeker_train,Linear SVM,1214,"[{'clf__C': 0.01}, {'clf__C': 0.1}, {'clf__C': 0.1}, {'clf__C': 0.1}, {'clf__C': 0.1}]","[-0.03157936391885688, -0.03554166206901669, -0.04857369257597873, -0.08992330560942279, -0.19885961459245888]",-0.048573693,27.2,3.310589071,23.6,1.624807681,97,1.673320053,11.6,3.136877428,0.82704788,0.04352078,0.779166667,0.02001417,0.752493029,0.039934644,0.700674764,0.081952672,0.700674764,0.081952672,0.804311295,0.013517836,0.605277026,0.049223311,0.464835114,0.066525348,-0.080895528,0.062499256
mycobacterium_pyrazinamide_pointfinder+cdhit+phenotypeseeker_train,LogReg (L2),1214,"[{'clf__C': 0.1}, {'clf__C': 1}, {'clf__C': 1}, {'clf__C': 1}, {'clf__C': 1}]","[0.4827981223810915, 0.5022906146108927, 0.4760288680234039, 0.4792749240001638, 0.410036335188787]",0.479274924,27,3.224903099,23.2,2.638181192,97.4,2.576819745,11.8,3.059411708,0.828659097,0.041998004,0.780408805,0.028996527,0.751595593,0.044579846,0.695546559,0.079882919,0.695546559,0.079882919,0.807644628,0.02178034,0.605623277,0.057747507,0.464975596,0.079201385,0.470085773,0.031382962
mycobacterium_pyrazinamide_pointfinder+cdhit+phenotypeseeker_train,Decision Tree,1214,"[{'clf__max_depth': 3, 'clf__min_samples_leaf': 10, 'clf__min_samples_split': 2}, {'clf__max_depth': 10, 'clf__min_samples_leaf': 5, 'clf__min_samples_split': 2}, {'clf__max_depth': 10, 'clf__min_samples_leaf': 1, 'clf__min_samples_split': 20}, {'clf__max_depth': 10, 'clf__min_samples_leaf': 1, 'clf__min_samples_split': 20}, {'clf__max_depth': 5, 'clf__min_samples_leaf': 1, 'clf__min_samples_split': 5}]","[0.6336184061151906, 0.49029311001141973, 0.6493594066082267, 0.6989869753979739, 0.5078864353312302]",0.633618406,27.6,3.929376541,25.8,7.054076835,94.8,6.76461381,11.2,3.655133376,0.804123207,0.04332774,0.767908805,0.037409503,0.748436695,0.041627091,0.710661269,0.096611855,0.710661269,0.096611855,0.786212121,0.057956359,0.598221214,0.053131585,0.455905493,0.074315666,0.596028867,0.082227283
mycobacterium_pyrazinamide_pointfinder+cdhit+phenotypeseeker_train,Extra Trees,1214,"[{'clf__max_depth': None, 'clf__min_samples_leaf': 5, 'clf__min_samples_split': 2, 'clf__n_estimators': 200}, {'clf__max_depth': 10, 'clf__min_samples_leaf': 1, 'clf__min_samples_split': 10, 'clf__n_estimators': 500}, {'clf__max_depth': 10, 'clf__min_samples_leaf': 1, 'clf__min_samples_split': 10, 'clf__n_estimators': 200}, {'clf__max_depth': 10, 'clf__min_samples_leaf': 1, 'clf__min_samples_split': 10, 'clf__n_estimators': 500}, {'clf__max_depth': None, 'clf__min_samples_leaf': 1, 'clf__min_samples_split': 10, 'clf__n_estimators': 500}]","[0.46239191470246266, 0.42406720047755675, 0.3943286992563951, 0.3577238039140622, 0.3963527689593212]",0.396352769,28,3.898717738,27.6,3.720215048,93,3.405877273,10.8,3.762977544,0.826632863,0.044774682,0.759119497,0.036323443,0.746274216,0.054135334,0.721322537,0.09757001,0.721322537,0.09757001,0.771225895,0.030281873,0.592013334,0.066263088,0.44406644,0.095208717,0.406972877,0.03481844
mycobacterium_pyrazinamide_pointfinder+cdhit+phenotypeseeker_train,Random Forest,1214,"[{'clf__max_depth': None, 'clf__min_samples_leaf': 2, 'clf__min_samples_split': 2, 'clf__n_estimators': 200}, {'clf__max_depth': 10, 'clf__min_samples_leaf': 2, 'clf__min_samples_split': 5, 'clf__n_estimators': 200}, {'clf__max_depth': 20, 'clf__min_samples_leaf': 1, 'clf__min_samples_split': 10, 'clf__n_estimators': 200}, {'clf__max_depth': None, 'clf__min_samples_leaf': 1, 'clf__min_samples_split': 10, 'clf__n_estimators': 200}, {'clf__max_depth': None, 'clf__min_samples_leaf': 1, 'clf__min_samples_split': 10, 'clf__n_estimators': 500}]","[0.37996067549957685, 0.35378082975643976, 0.37595512458595354, 0.32952878869140245, 0.4166602776188297]",0.375955125,29.8,4.445222154,33.4,10.44222199,87.2,10.08761617,9,4.289522118,0.82516409,0.036400038,0.734111635,0.051096434,0.745458561,0.04214481,0.767611336,0.111161766,0.767611336,0.111161766,0.723305785,0.08572995,0.585363264,0.052825158,0.438051265,0.077139276,0.371177139,0.029003145
mycobacterium_pyrazinamide_pointfinder+cdhit+phenotypeseeker_train,SGD Logistic,1214,"[{'clf__alpha': 0.01}, {'clf__alpha': 0.0001}, {'clf__alpha': 0.01}, {'clf__alpha': 0.01}, {'clf__alpha': 0.001}]","[0.6813112514366209, 0.00012102338792700562, 0.3181907789175151, 0.6418943703778269, 0.002669416874046623]",0.318190779,27.4,3.498571137,26,13.2211951,94.6,13.45511055,11.4,3.440930107,0.833258384,0.05189077,0.765235849,0.072657748,0.745136988,0.046265588,0.706072874,0.088570149,0.706072874,0.088570149,0.784201102,0.110069194,0.602558894,0.076358537,0.464022515,0.115386358,0.328837368,0.295565845
mycobacterium_pyrazinamide_pointfinder+cdhit+phenotypeseeker_train,Gradient Boosting,1214,"[{'clf__learning_rate': 0.2, 'clf__max_depth': 2, 'clf__n_estimators': 500}, {'clf__learning_rate': 0.1, 'clf__max_depth': 3, 'clf__n_estimators': 500}, {'clf__learning_rate': 0.2, 'clf__max_depth': 3, 'clf__n_estimators': 200}, {'clf__learning_rate': 0.2, 'clf__max_depth': 1, 'clf__n_estimators': 500}, {'clf__learning_rate': 0.2, 'clf__max_depth': 3, 'clf__n_estimators': 500}]","[0.15426424142224532, 0.18318858722418319, 0.12815167236134292, 0.29339142281137687, 0.14514601647889164]",0.154264241,25.4,1.959591794,20.6,7.2277244,100,7.071067812,13.4,1.854723699,0.810470857,0.042562101,0.78663522,0.045597952,0.741895445,0.037012823,0.654520918,0.048312336,0.654520918,0.048312336,0.829269972,0.059691096,0.602418461,0.057426115,0.464677097,0.085846954,0.180828388,0.059041899
mycobacterium_pyrazinamide_pointfinder+cdhit+phenotypeseeker_train,KNN,1214,"[{'clf__n_neighbors': 1, 'clf__p': 1, 'clf__weights': 'uniform'}, {'clf__n_neighbors': 7, 'clf__p': 1, 'clf__weights': 'distance'}, {'clf__n_neighbors': 3, 'clf__p': 1, 'clf__weights': 'distance'}, {'clf__n_neighbors': 3, 'clf__p': 1, 'clf__weights': 'distance'}, {'clf__n_neighbors': 1, 'clf__p': 1, 'clf__weights': 'uniform'}]","[1.0, 0.14634146341463414, 0.2777777777777778, 0.35, 1.0]",0.35,24.4,2.059126028,49.2,18.64832432,71.4,18.44559568,14.4,2.244994432,0.655097311,0.075494846,0.601022013,0.11103791,0.610725037,0.068681257,0.629149798,0.055899775,0.629149798,0.055899775,0.592300275,0.15437713,0.446548492,0.082500298,0.204087123,0.142069819,0.554823848,0.369304429
mycobacterium_pyrazinamide_pointfinder+cdhit+phenotypeseeker_train,BernoulliNB,1214,"[{'clf__alpha': 10.0, 'clf__binarize': None}, {'clf__alpha': 10.0, 'clf__binarize': None}, {'clf__alpha': 10.0, 'clf__binarize': None}, {'clf__alpha': 10.0, 'clf__binarize': None}, {'clf__alpha': 10.0, 'clf__binarize': None}]","[2.864635211107843e-105, 3.428429887950107e-83, 8.710354449587462e-97, 2.440048856425742e-100, 1.0410852585010454e-85]",8.71E-97,34.6,5.083306011,86.8,41.65285104,33.8,41.6,4.2,5.230678732,0.765940942,0.0344129,0.428954403,0.228895969,0.586360458,0.105844212,0.892307692,0.134119967,0.892307692,0.134119967,0.280413223,0.344947986,0.454945307,0.079203978,0.152153307,0.18669697,6.88E-84,1.37E-83
mycobacterium_pyrazinamide_pointfinder+phenotypeseeker_train,LogReg (L1),1211,"[{'clf__C': 0.1}, {'clf__C': 1}, {'clf__C': 1}, {'clf__C': 1}, {'clf__C': 1}]","[0.48797812075500613, 0.42251874445573323, 0.41777101450339316, 0.4962273254374936, 0.3822536818380547]",0.422518744,30,2.449489743,27.2,3.969886648,93.4,3.611094017,8.8,2.227105745,0.824593255,0.047537768,0.774174528,0.028732486,0.773716861,0.03402372,0.772874494,0.058628552,0.772874494,0.058628552,0.774559229,0.032296548,0.625200961,0.043813799,0.490970202,0.063012704,0.441349777,0.043791922
mycobacterium_pyrazinamide_pointfinder+phenotypeseeker_train,AdaBoost,1211,"[{'clf__learning_rate': 1.0, 'clf__n_estimators': 200}, {'clf__learning_rate': 1.0, 'clf__n_estimators': 500}, {'clf__learning_rate': 1.0, 'clf__n_estimators': 500}, {'clf__learning_rate': 1.0, 'clf__n_estimators': 500}, {'clf__learning_rate': 1.0, 'clf__n_estimators': 500}]","[0.4453547483719059, 0.4752817074657844, 0.46861631460974773, 0.4630664493308501, 0.4775375808044602]",0.468616315,31,3.224903099,32.4,7.2277244,88.2,7.138627319,7.8,3.18747549,0.825584163,0.051303079,0.747759434,0.043898881,0.765155781,0.043137002,0.798920378,0.081826348,0.798920378,0.081826348,0.731391185,0.059598601,0.607735772,0.053652817,0.468501125,0.078723664,0.46597136,0.011497295
mycobacterium_pyrazinamide_pointfinder+phenotypeseeker_train,HistGB,1211,"[{'clf__l2_regularization': 0.0, 'clf__learning_rate': 0.1, 'clf__max_depth': 3, 'clf__max_leaf_nodes': 31, 'clf__min_samples_leaf': 10}, {'clf__l2_regularization': 0.0, 'clf__learning_rate': 0.1, 'clf__max_depth': 3, 'clf__max_leaf_nodes': 31, 'clf__min_samples_leaf': 10}, {'clf__l2_regularization': 0.0, 'clf__learning_rate': 0.1, 'clf__max_depth': 6, 'clf__max_leaf_nodes': 31, 'clf__min_samples_leaf': 50}, {'clf__l2_regularization': 0.0, 'clf__learning_rate': 0.1, 'clf__max_depth': 3, 'clf__max_leaf_nodes': 31, 'clf__min_samples_leaf': 10}, {'clf__l2_regularization': 0.0, 'clf__learning_rate': 0.05, 'clf__max_depth': 6, 'clf__max_leaf_nodes': 31, 'clf__min_samples_leaf': 10}]","[0.1939419679619924, 0.21531996451728241, 0.3364186171292156, 0.28721970863309276, 0.2307868343753332]",0.230786834,28.4,4.223742416,26,3.521363372,94.6,3.072458299,10.4,3.878143886,0.823954395,0.050821458,0.77163522,0.030491285,0.757778521,0.051773901,0.731039136,0.103372057,0.731039136,0.103372057,0.784517906,0.028447258,0.607156626,0.064680591,0.467247595,0.089632005,0.252737419,0.052019939
mycobacterium_pyrazinamide_pointfinder+phenotypeseeker_train,RBF SVM,1211,"[{'clf__C': 100, 'clf__gamma': 'auto'}, {'clf__C': 100, 'clf__gamma': 'auto'}, {'clf__C': 100, 'clf__gamma': 'scale'}, {'clf__C': 100, 'clf__gamma': 'auto'}, {'clf__C': 1, 'clf__gamma': 0.1}]","[0.13690699482655386, 0.2213959863850775, 0.229824730712764, 0.20771703110707662, 0.1791798346580232]",0.207717031,29.4,3.136877428,29.4,4.882622246,91.2,4.578209257,9.4,2.870540019,0.830564116,0.048668747,0.756627358,0.0238536,0.756771144,0.030233607,0.757219973,0.075853059,0.757219973,0.075853059,0.756322314,0.039832377,0.601771886,0.035515614,0.458603836,0.051226035,0.195004916,0.033752948
mycobacterium_pyrazinamide_pointfinder+phenotypeseeker_train,Balanced Random Forest,1211,"[{'clf__max_depth': 20, 'clf__min_samples_leaf': 1, 'clf__min_samples_split': 10, 'clf__n_estimators': 200}, {'clf__max_depth': 20, 'clf__min_samples_leaf': 1, 'clf__min_samples_split': 10, 'clf__n_estimators': 200}, {'clf__max_depth': 20, 'clf__min_samples_leaf': 1, 'clf__min_samples_split': 10, 'clf__n_estimators': 200}, {'clf__max_depth': None, 'clf__min_samples_leaf': 1, 'clf__min_samples_split': 5, 'clf__n_estimators': 200}, {'clf__max_depth': 20, 'clf__min_samples_leaf': 1, 'clf__min_samples_split': 5, 'clf__n_estimators': 200}]","[0.47457091981705934, 0.4680813492063494, 0.43079960317460314, 0.3704900793650795, 0.44009091497787706]",0.440090915,28.8,4.166533331,27.8,5.979966555,92.8,5.844655678,10,4.049691346,0.833938901,0.036221881,0.762845912,0.03225434,0.755757882,0.044722972,0.74197031,0.10468508,0.74197031,0.10468508,0.769545455,0.049158975,0.602166564,0.051630721,0.461503301,0.073891739,0.436806573,0.037010824
mycobacterium_pyrazinamide_pointfinder+phenotypeseeker_train,LogReg (L2),1211,"[{'clf__C': 0.1}, {'clf__C': 1}, {'clf__C': 1}, {'clf__C': 1}, {'clf__C': 1}]","[0.48278754437944627, 0.5022826722546313, 0.4759496291514095, 0.47928255654593055, 0.41006176897340957]",0.479282557,27,3.224903099,23.2,2.638181192,97.4,2.576819745,11.8,3.059411708,0.828530892,0.041983863,0.780408805,0.028996527,0.751595593,0.044579846,0.695546559,0.079882919,0.695546559,0.079882919,0.807644628,0.02178034,0.605623277,0.057747507,0.464975596,0.079201385,0.470072834,0.031368204
mycobacterium_pyrazinamide_pointfinder+phenotypeseeker_train,Gradient Boosting,1211,"[{'clf__learning_rate': 0.05, 'clf__max_depth': 3, 'clf__n_estimators': 500}, {'clf__learning_rate': 0.1, 'clf__max_depth': 3, 'clf__n_estimators': 500}, {'clf__learning_rate': 0.1, 'clf__max_depth': 3, 'clf__n_estimators': 500}, {'clf__learning_rate': 0.2, 'clf__max_depth': 2, 'clf__n_estimators': 200}, {'clf__learning_rate': 0.2, 'clf__max_depth': 3, 'clf__n_estimators': 200}]","[0.15903042252399296, 0.19817380020483735, 0.10684751984312156, 0.29612968039450077, 0.1013866328988779]",0.159030423,26.6,2.727636339,23.6,9.264987858,97,9.208691547,12.2,2.561249695,0.829847639,0.034748606,0.775330189,0.05236128,0.744821383,0.037535131,0.685290148,0.067094194,0.685290148,0.067094194,0.804352617,0.076898328,0.601678534,0.056072656,0.461991641,0.085221094,0.172313611,0.071403161
mycobacterium_pyrazinamide_pointfinder+phenotypeseeker_train,Random Forest,1211,"[{'clf__max_depth': None, 'clf__min_samples_leaf': 5, 'clf__min_samples_split': 2, 'clf__n_estimators': 200}, {'clf__max_depth': None, 'clf__min_samples_leaf': 1, 'clf__min_samples_split': 10, 'clf__n_estimators': 500}, {'clf__max_depth': None, 'clf__min_samples_leaf': 2, 'clf__min_samples_split': 2, 'clf__n_estimators': 200}, {'clf__max_depth': 10, 'clf__min_samples_leaf': 1, 'clf__min_samples_split': 10, 'clf__n_estimators': 200}, {'clf__max_depth': None, 'clf__min_samples_leaf': 1, 'clf__min_samples_split': 10, 'clf__n_estimators': 500}]","[0.469603061440209, 0.3754410623843011, 0.39777193310920395, 0.34805831498770756, 0.3748432395387817]",0.375441062,28,4.604345773,28,4.774934555,92.6,4.630334761,10.8,4.53431362,0.820399468,0.054323455,0.756564465,0.031812824,0.744668139,0.05363898,0.72145749,0.116737185,0.72145749,0.116737185,0.767878788,0.039176774,0.587771423,0.062998907,0.440903697,0.088207514,0.393143522,0.041348366
mycobacterium_pyrazinamide_pointfinder+phenotypeseeker_train,Linear SVM,1211,"[{'clf__C': 0.01}, {'clf__C': 1}, {'clf__C': 0.1}, {'clf__C': 0.1}, {'clf__C': 0.1}]","[-0.03157678303434378, -0.24982847192034882, -0.048694041329554266, -0.08981949245035879, -0.19888114264866927]",-0.089819492,26.6,2.576819745,24.6,2.727636339,96,2.607680962,12.2,2.4,0.81477757,0.037762222,0.769166667,0.01609038,0.74066849,0.027721098,0.685290148,0.063052844,0.685290148,0.063052844,0.796046832,0.022357948,0.590127813,0.035613185,0.44283926,0.046611063,-0.123759986,0.085814972
mycobacterium_pyrazinamide_pointfinder+phenotypeseeker_train,Extra Trees,1211,"[{'clf__max_depth': None, 'clf__min_samples_leaf': 5, 'clf__min_samples_split': 2, 'clf__n_estimators': 500}, {'clf__max_depth': 10, 'clf__min_samples_leaf': 1, 'clf__min_samples_split': 10, 'clf__n_estimators': 200}, {'clf__max_depth': 20, 'clf__min_samples_leaf': 1, 'clf__min_samples_split': 10, 'clf__n_estimators': 500}, {'clf__max_depth': 10, 'clf__min_samples_leaf': 1, 'clf__min_samples_split': 10, 'clf__n_estimators': 200}, {'clf__max_depth': 10, 'clf__min_samples_leaf': 2, 'clf__min_samples_split': 5, 'clf__n_estimators': 200}]","[0.4625427334230693, 0.42179357496738584, 0.28401377826053187, 0.3596250917918454, 0.4891237780966029]",0.421793575,28.2,3.18747549,30.2,4.955804677,90.4,4.758150901,10.6,3.2,0.829624121,0.036177047,0.744025157,0.037000375,0.738255624,0.046000049,0.726855601,0.081842372,0.726855601,0.081842372,0.749655647,0.040554249,0.580016292,0.056821543,0.425495782,0.081259793,0.403419791,0.073964942
mycobacterium_pyrazinamide_pointfinder+phenotypeseeker_train,Decision Tree,1211,"[{'clf__max_depth': 3, 'clf__min_samples_leaf': 10, 'clf__min_samples_split': 2}, {'clf__max_depth': None, 'clf__min_samples_leaf': 5, 'clf__min_samples_split': 20}, {'clf__max_depth': 10, 'clf__min_samples_leaf': 1, 'clf__min_samples_split': 5}, {'clf__max_depth': 10, 'clf__min_samples_leaf': 1, 'clf__min_samples_split': 20}, {'clf__max_depth': 5, 'clf__min_samples_leaf': 1, 'clf__min_samples_split': 5}]","[0.6336184061151906, 0.48077883175237157, 0.5078864353312302, 0.6918061935101495, 0.5078864353312302]",0.507886435,25.6,3.006659276,25.4,7.337574531,95.2,7.082372484,13.2,2.785677655,0.788066839,0.046762111,0.757861635,0.034560056,0.724448562,0.025496901,0.659379217,0.073692614,0.659379217,0.073692614,0.789517906,0.06034354,0.570773011,0.036941579,0.417845433,0.053044945,0.56439526,0.082950095
mycobacterium_pyrazinamide_pointfinder+phenotypeseeker_train,SGD Logistic,1211,"[{'clf__alpha': 0.01}, {'clf__alpha': 0.0001}, {'clf__alpha': 0.01}, {'clf__alpha': 0.01}, {'clf__alpha': 0.01}]","[0.6771911611960671, 0.99698727275861, 0.3224045961937411, 0.6396309132978808, 0.0751092720416198]",0.639630913,26.4,8.616263691,39.8,41.64804917,80.8,41.94949344,12.4,8.616263691,0.832427217,0.051800437,0.672201258,0.218232846,0.674775153,0.099135104,0.680431849,0.220878393,0.680431849,0.220878393,0.669118457,0.347253548,0.528144802,0.089932434,0.363576994,0.198339876,0.542264643,0.316553505
mycobacterium_pyrazinamide_pointfinder+phenotypeseeker_train,KNN,1211,"[{'clf__n_neighbors': 1, 'clf__p': 1, 'clf__weights': 'uniform'}, {'clf__n_neighbors': 7, 'clf__p': 1, 'clf__weights': 'distance'}, {'clf__n_neighbors': 3, 'clf__p': 1, 'clf__weights': 'distance'}, {'clf__n_neighbors': 3, 'clf__p': 1, 'clf__weights': 'distance'}, {'clf__n_neighbors': 1, 'clf__p': 1, 'clf__weights': 'uniform'}]","[1.0, 0.14634146341463414, 0.2777777777777778, 0.35, 1.0]",0.35,24.4,2.059126028,49.2,18.64832432,71.4,18.44559568,14.4,2.244994432,0.655097311,0.075494846,0.601022013,0.11103791,0.610725037,0.068681257,0.629149798,0.055899775,0.629149798,0.055899775,0.592300275,0.15437713,0.446548492,0.082500298,0.204087123,0.142069819,0.554823848,0.369304429
mycobacterium_pyrazinamide_pointfinder+phenotypeseeker_train,BernoulliNB,1211,"[{'clf__alpha': 10.0, 'clf__binarize': None}, {'clf__alpha': 10.0, 'clf__binarize': None}, {'clf__alpha': 10.0, 'clf__binarize': None}, {'clf__alpha': 10.0, 'clf__binarize': None}, {'clf__alpha': 10.0, 'clf__binarize': None}]","[3.3788598170610536e-105, 4.035214433465949e-83, 1.0254683538268265e-96, 2.8701485104442753e-100, 1.2282937268858467e-85]",1.03E-96,34.6,5.083306011,86.8,41.65285104,33.8,41.6,4.2,5.230678732,0.765940942,0.0344129,0.428954403,0.228895969,0.586360458,0.105844212,0.892307692,0.134119967,0.892307692,0.134119967,0.280413223,0.344947986,0.454945307,0.079203978,0.152153307,0.18669697,8.09E-84,1.61E-83
mycobacterium_pyrazinamide_resfinder_train,RBF SVM,3,"[{'clf__C': 0.1, 'clf__gamma': 'scale'}, {'clf__C': 0.1, 'clf__gamma': 'scale'}, {'clf__C': 0.1, 'clf__gamma': 'scale'}, {'clf__C': 0.1, 'clf__gamma': 'scale'}, {'clf__C': 0.1, 'clf__gamma': 'scale'}]","[0.21218848379188415, 0.22379725707212642, 0.19671783943875742, 0.2237972570733408, 0.21218095185230315]",0.212188484,38.8,0.4,120.6,0.489897949,0,0,0,0,0.500826446,0.001652893,0.24341195,0.002313058,0.5,0,1,0,1,0,0,0,0.391517038,0.002998776,0,0,0.213736358,0.009968837
mycobacterium_pyrazinamide_resfinder_train,LogReg (L1),3,"[{'clf__C': 0.001}, {'clf__C': 0.001}, {'clf__C': 0.001}, {'clf__C': 0.001}, {'clf__C': 0.001}]","[0.5, 0.5, 0.5, 0.5, 0.5]",0.5,38.8,0.4,120.6,0.489897949,0,0,0,0,0.5,0,0.24341195,0.002313058,0.5,0,1,0,1,0,0,0,0.391517038,0.002998776,0,0,0.5,0
mycobacterium_pyrazinamide_resfinder_train,KNN,3,"[{'clf__n_neighbors': 1, 'clf__p': 1, 'clf__weights': 'uniform'}, {'clf__n_neighbors': 1, 'clf__p': 1, 'clf__weights': 'uniform'}, {'clf__n_neighbors': 1, 'clf__p': 1, 'clf__weights': 'uniform'}, {'clf__n_neighbors': 1, 'clf__p': 1, 'clf__weights': 'uniform'}, {'clf__n_neighbors': 1, 'clf__p': 1, 'clf__weights': 'uniform'}]","[0.0, 0.0, 0.0, 0.0, 0.0]",0,38.8,0.4,120.6,0.489897949,0,0,0,0,0.5,0,0.24341195,0.002313058,0.5,0,1,0,1,0,0,0,0.391517038,0.002998776,0,0,0,0
mycobacterium_pyrazinamide_resfinder_train,Gradient Boosting,3,"[{'clf__learning_rate': 0.01, 'clf__max_depth': 1, 'clf__n_estimators': 100}, {'clf__learning_rate': 0.01, 'clf__max_depth': 1, 'clf__n_estimators': 100}, {'clf__learning_rate': 0.01, 'clf__max_depth': 1, 'clf__n_estimators': 100}, {'clf__learning_rate': 0.01, 'clf__max_depth': 1, 'clf__n_estimators': 100}, {'clf__learning_rate': 0.01, 'clf__max_depth': 1, 'clf__n_estimators': 100}]","[0.2429245283018868, 0.2432886104555376, 0.24507176931522354, 0.24271531000138422, 0.24271531000138422]",0.242924528,31.2,15.6,96.4,48.20207464,24.2,48.4,7.6,15.2,0.5,0,0.347814465,0.20659705,0.5,0,0.8,0.4,0.8,0.4,0.2,0.4,0.314359677,0.157182332,0,0,0.243343106,0.000889349
mycobacterium_pyrazinamide_resfinder_train,HistGB,3,"[{'clf__l2_regularization': 0.0, 'clf__learning_rate': 0.05, 'clf__max_depth': 3, 'clf__max_leaf_nodes': 31, 'clf__min_samples_leaf': 10}, {'clf__l2_regularization': 0.0, 'clf__learning_rate': 0.05, 'clf__max_depth': 3, 'clf__max_leaf_nodes': 31, 'clf__min_samples_leaf': 10}, {'clf__l2_regularization': 0.0, 'clf__learning_rate': 0.05, 'clf__max_depth': 3, 'clf__max_leaf_nodes': 31, 'clf__min_samples_leaf': 10}, {'clf__l2_regularization': 0.0, 'clf__learning_rate': 0.05, 'clf__max_depth': 3, 'clf__max_leaf_nodes': 31, 'clf__min_samples_leaf': 10}, {'clf__l2_regularization': 0.0, 'clf__learning_rate': 0.05, 'clf__max_depth': 3, 'clf__max_leaf_nodes': 31, 'clf__min_samples_leaf': 10}]","[0.2429245283018868, 0.2429245283018868, 0.24470588235294116, 0.24235294117647058, 0.24235294117647058]",0.242924528,31.2,15.6,96.4,48.20207464,24.2,48.4,7.6,15.2,0.5,0,0.347814465,0.20659705,0.5,0,0.8,0.4,0.8,0.4,0.2,0.4,0.314359677,0.157182332,0,0,0.243052164,0.00086547
mycobacterium_pyrazinamide_resfinder_train,AdaBoost,3,"[{'clf__learning_rate': 0.01, 'clf__n_estimators': 50}, {'clf__learning_rate': 0.01, 'clf__n_estimators': 50}, {'clf__learning_rate': 0.01, 'clf__n_estimators': 50}, {'clf__learning_rate': 0.01, 'clf__n_estimators': 50}, {'clf__learning_rate': 0.01, 'clf__n_estimators': 50}]","[0.11920292202211757, 0.11920292202211757, 0.1192029220221175, 0.11920292202211757, 0.11920292202211757]",0.119202922,23.2,18.94623973,72.2,58.95218401,48.4,59.27765178,15.6,19.10601999,0.5,0,0.44841195,0.251359207,0.5,0,0.6,0.489897949,0.6,0.489897949,0.4,0.489897949,0.234733118,0.191681906,0,0,0.119202922,3.10E-17
mycobacterium_pyrazinamide_resfinder_train,Random Forest,3,"[{'clf__max_depth': None, 'clf__min_samples_leaf': 1, 'clf__min_samples_split': 2, 'clf__n_estimators': 200}, {'clf__max_depth': None, 'clf__min_samples_leaf': 1, 'clf__min_samples_split': 2, 'clf__n_estimators': 200}, {'clf__max_depth': None, 'clf__min_samples_leaf': 1, 'clf__min_samples_split': 2, 'clf__n_estimators': 200}, {'clf__max_depth': None, 'clf__min_samples_leaf': 1, 'clf__min_samples_split': 2, 'clf__n_estimators': 200}, {'clf__max_depth': None, 'clf__min_samples_leaf': 1, 'clf__min_samples_split': 2, 'clf__n_estimators': 200}]","[0.4985599234992891, 0.4990803082298967, 0.4992828720334176, 0.4992312177068961, 0.49920663068193244]",0.499206631,15.6,19.10601999,48.4,59.27765178,72.2,58.95218401,23.2,18.94623973,0.5,0,0.55158805,0.251359207,0.5,0,0.4,0.489897949,0.4,0.489897949,0.6,0.489897949,0.15678392,0.192020301,0,0,0.49907219,0.000264664
mycobacterium_pyrazinamide_resfinder_train,Linear SVM,3,"[{'clf__C': 0.001}, {'clf__C': 0.001}, {'clf__C': 0.001}, {'clf__C': 0.001}, {'clf__C': 0.001}]","[0.0, 1.4702330491124037e-06, 1.4794015757745586e-06, 1.4702330491124037e-06, 1.4702330491124037e-06]",1.47E-06,7.8,15.6,24.2,48.4,96.4,48.20207464,31,15.50483795,0.5,0,0.65408805,0.205181994,0.5,0,0.2,0.4,0.2,0.4,0.8,0.4,0.07839196,0.15678392,0,0,1.18E-06,5.89E-07
mycobacterium_pyrazinamide_resfinder_train,LogReg (L2),3,"[{'clf__C': 0.001}, {'clf__C': 0.001}, {'clf__C': 0.001}, {'clf__C': 0.001}, {'clf__C': 0.001}]","[0.5, 0.5000000309558885, 0.5000000311490448, 0.5000000309558885, 0.5000000309558885]",0.500000031,7.8,15.6,24.2,48.4,96.4,48.20207464,31,15.50483795,0.5,0,0.65408805,0.205181994,0.5,0,0.2,0.4,0.2,0.4,0.8,0.4,0.07839196,0.15678392,0,0,0.500000025,1.24E-08
mycobacterium_pyrazinamide_resfinder_train,Decision Tree,3,"[{'clf__max_depth': None, 'clf__min_samples_leaf': 1, 'clf__min_samples_split': 2}, {'clf__max_depth': None, 'clf__min_samples_leaf': 1, 'clf__min_samples_split': 2}, {'clf__max_depth': None, 'clf__min_samples_leaf': 1, 'clf__min_samples_split': 2}, {'clf__max_depth': None, 'clf__min_samples_leaf': 1, 'clf__min_samples_split': 2}, {'clf__max_depth': None, 'clf__min_samples_leaf': 1, 'clf__min_samples_split': 2}]","[0.49999999999999895, 0.5007776049766699, 0.5007800312012494, 0.5007776049766699, 0.5007776049766699]",0.500777605,7.8,15.6,24.2,48.4,96.4,48.20207464,31,15.50483795,0.5,0,0.65408805,0.205181994,0.5,0,0.2,0.4,0.2,0.4,0.8,0.4,0.07839196,0.15678392,0,0,0.500622569,0.000311286
mycobacterium_pyrazinamide_resfinder_train,Balanced Random Forest,3,"[{'clf__max_depth': None, 'clf__min_samples_leaf': 1, 'clf__min_samples_split': 2, 'clf__n_estimators': 200}, {'clf__max_depth': None, 'clf__min_samples_leaf': 1, 'clf__min_samples_split': 2, 'clf__n_estimators': 200}, {'clf__max_depth': None, 'clf__min_samples_leaf': 1, 'clf__min_samples_split': 2, 'clf__n_estimators': 200}, {'clf__max_depth': None, 'clf__min_samples_leaf': 1, 'clf__min_samples_split': 2, 'clf__n_estimators': 200}, {'clf__max_depth': None, 'clf__min_samples_leaf': 1, 'clf__min_samples_split': 2, 'clf__n_estimators': 200}]","[0.5, 0.5008065518890479, 0.5008108203179964, 0.500695839311334, 0.5005807671584521]",0.500695839,7.8,15.6,24.2,48.4,96.4,48.20207464,31,15.50483795,0.5,0,0.65408805,0.205181994,0.5,0,0.2,0.4,0.2,0.4,0.8,0.4,0.07839196,0.15678392,0,0,0.500578796,0.000301468
mycobacterium_pyrazinamide_resfinder_train,Extra Trees,3,"[{'clf__max_depth': None, 'clf__min_samples_leaf': 1, 'clf__min_samples_split': 2, 'clf__n_estimators': 200}, {'clf__max_depth': None, 'clf__min_samples_leaf': 1, 'clf__min_samples_split': 2, 'clf__n_estimators': 200}, {'clf__max_depth': None, 'clf__min_samples_leaf': 1, 'clf__min_samples_split': 2, 'clf__n_estimators': 200}, {'clf__max_depth': None, 'clf__min_samples_leaf': 1, 'clf__min_samples_split': 2, 'clf__n_estimators': 200}, {'clf__max_depth': None, 'clf__min_samples_leaf': 1, 'clf__min_samples_split': 2, 'clf__n_estimators': 200}]","[0.4999999999999998, 0.5007776049766717, 0.5007800312012484, 0.5007776049766717, 0.5007776049766717]",0.500777605,7.8,15.6,24.2,48.4,96.4,48.20207464,31,15.50483795,0.5,0,0.65408805,0.205181994,0.5,0,0.2,0.4,0.2,0.4,0.8,0.4,0.07839196,0.15678392,0,0,0.500622569,0.000311286
mycobacterium_pyrazinamide_resfinder_train,SGD Logistic,3,"[{'clf__alpha': 1e-05}, {'clf__alpha': 1e-05}, {'clf__alpha': 1e-05}, {'clf__alpha': 1e-05}, {'clf__alpha': 1e-05}]","[0.9999988557932902, 0.9999988557933106, 0.9989259988616701, 0.9999988557933441, 0.9999988557932902]",0.999998856,0,0,0,0,120.6,0.489897949,38.8,0.4,0.5,0,0.75658805,0.002313058,0.5,0,0,0,0,0,1,0,0,0,0,0,0.999784284,0.000429143
mycobacterium_pyrazinamide_resfinder_train,BernoulliNB,3,"[{'clf__alpha': 0.01, 'clf__binarize': None}, {'clf__alpha': 0.01, 'clf__binarize': None}, {'clf__alpha': 0.01, 'clf__binarize': None}, {'clf__alpha': 0.01, 'clf__binarize': None}, {'clf__alpha': 0.01, 'clf__binarize': None}]","[0.2428881585432384, 0.24346237194702688, 0.24524691061224516, 0.24288808738394113, 0.24288808738394113]",0.242888159,31.2,15.6,96.4,48.20207464,24.2,48.4,7.6,15.2,0.499173554,0.001652893,0.347814465,0.20659705,0.5,0,0.8,0.4,0.8,0.4,0.2,0.4,0.314359677,0.157182332,0,0,0.243474723,0.00091358
mycobacterium_pyrazinamide_resfinder+cdhit_train,RBF SVM,6,"[{'clf__C': 0.1, 'clf__gamma': 'scale'}, {'clf__C': 0.1, 'clf__gamma': 'scale'}, {'clf__C': 0.1, 'clf__gamma': 'scale'}, {'clf__C': 0.1, 'clf__gamma': 'scale'}, {'clf__C': 0.1, 'clf__gamma': 'scale'}]","[0.22380467659327044, 0.20446267590670697, 0.17735574237598378, 0.21992515534548435, 0.21798910450667075]",0.217989105,15.4,18.8637218,48.4,59.27765178,72.2,58.95218401,23.4,19.10601999,0.500826446,0.001652893,0.549685535,0.251742181,0.5,0,0.4,0.489897949,0.4,0.489897949,0.6,0.489897949,0.15554932,0.190518233,0,0,0.208707471,0.016975629
mycobacterium_pyrazinamide_resfinder+cdhit_train,LogReg (L1),6,"[{'clf__C': 0.001}, {'clf__C': 0.001}, {'clf__C': 0.001}, {'clf__C': 0.001}, {'clf__C': 0.001}]","[0.5, 0.5, 0.5, 0.5, 0.5]",0.5,38.8,0.4,120.6,0.489897949,0,0,0,0,0.5,0,0.24341195,0.002313058,0.5,0,1,0,1,0,0,0,0.391517038,0.002998776,0,0,0.5,0
mycobacterium_pyrazinamide_resfinder+cdhit_train,KNN,6,"[{'clf__n_neighbors': 1, 'clf__p': 1, 'clf__weights': 'uniform'}, {'clf__n_neighbors': 1, 'clf__p': 1, 'clf__weights': 'uniform'}, {'clf__n_neighbors': 1, 'clf__p': 1, 'clf__weights': 'uniform'}, {'clf__n_neighbors': 1, 'clf__p': 1, 'clf__weights': 'uniform'}, {'clf__n_neighbors': 1, 'clf__p': 1, 'clf__weights': 'uniform'}]","[0.0, 0.0, 0.0, 0.0, 0.0]",0,38.8,0.4,120.6,0.489897949,0,0,0,0,0.5,0,0.24341195,0.002313058,0.5,0,1,0,1,0,0,0,0.391517038,0.002998776,0,0,0,0
mycobacterium_pyrazinamide_resfinder+cdhit_train,Gradient Boosting,6,"[{'clf__learning_rate': 0.01, 'clf__max_depth': 1, 'clf__n_estimators': 100}, {'clf__learning_rate': 0.01, 'clf__max_depth': 1, 'clf__n_estimators': 100}, {'clf__learning_rate': 0.01, 'clf__max_depth': 1, 'clf__n_estimators': 100}, {'clf__learning_rate': 0.01, 'clf__max_depth': 1, 'clf__n_estimators': 100}, {'clf__learning_rate': 0.01, 'clf__max_depth': 1, 'clf__n_estimators': 100}]","[0.2429245283018868, 0.2432886104555376, 0.24507176931522354, 0.24271531000138422, 0.24271531000138422]",0.242924528,31.2,15.6,96.4,48.20207464,24.2,48.4,7.6,15.2,0.5,0,0.347814465,0.20659705,0.5,0,0.8,0.4,0.8,0.4,0.2,0.4,0.314359677,0.157182332,0,0,0.243343106,0.000889349
mycobacterium_pyrazinamide_resfinder+cdhit_train,HistGB,6,"[{'clf__l2_regularization': 0.0, 'clf__learning_rate': 0.05, 'clf__max_depth': 3, 'clf__max_leaf_nodes': 31, 'clf__min_samples_leaf': 10}, {'clf__l2_regularization': 0.0, 'clf__learning_rate': 0.05, 'clf__max_depth': 3, 'clf__max_leaf_nodes': 31, 'clf__min_samples_leaf': 10}, {'clf__l2_regularization': 0.0, 'clf__learning_rate': 0.05, 'clf__max_depth': 3, 'clf__max_leaf_nodes': 31, 'clf__min_samples_leaf': 10}, {'clf__l2_regularization': 0.0, 'clf__learning_rate': 0.05, 'clf__max_depth': 3, 'clf__max_leaf_nodes': 31, 'clf__min_samples_leaf': 10}, {'clf__l2_regularization': 0.0, 'clf__learning_rate': 0.05, 'clf__max_depth': 3, 'clf__max_leaf_nodes': 31, 'clf__min_samples_leaf': 10}]","[0.2429245283018868, 0.2429245283018868, 0.24470588235294116, 0.24235294117647058, 0.24235294117647058]",0.242924528,31.2,15.6,96.4,48.20207464,24.2,48.4,7.6,15.2,0.5,0,0.347814465,0.20659705,0.5,0,0.8,0.4,0.8,0.4,0.2,0.4,0.314359677,0.157182332,0,0,0.243052164,0.00086547
mycobacterium_pyrazinamide_resfinder+cdhit_train,AdaBoost,6,"[{'clf__learning_rate': 0.01, 'clf__n_estimators': 50}, {'clf__learning_rate': 0.01, 'clf__n_estimators': 50}, {'clf__learning_rate': 0.01, 'clf__n_estimators': 50}, {'clf__learning_rate': 0.01, 'clf__n_estimators': 50}, {'clf__learning_rate': 0.01, 'clf__n_estimators': 50}]","[0.11920292202211757, 0.11920292202211757, 0.1192029220221175, 0.11920292202211757, 0.11920292202211757]",0.119202922,23.2,18.94623973,72.2,58.95218401,48.4,59.27765178,15.6,19.10601999,0.5,0,0.44841195,0.251359207,0.5,0,0.6,0.489897949,0.6,0.489897949,0.4,0.489897949,0.234733118,0.191681906,0,0,0.119202922,3.10E-17
mycobacterium_pyrazinamide_resfinder+cdhit_train,Random Forest,6,"[{'clf__max_depth': None, 'clf__min_samples_leaf': 1, 'clf__min_samples_split': 2, 'clf__n_estimators': 200}, {'clf__max_depth': None, 'clf__min_samples_leaf': 1, 'clf__min_samples_split': 2, 'clf__n_estimators': 200}, {'clf__max_depth': None, 'clf__min_samples_leaf': 1, 'clf__min_samples_split': 2, 'clf__n_estimators': 200}, {'clf__max_depth': None, 'clf__min_samples_leaf': 1, 'clf__min_samples_split': 2, 'clf__n_estimators': 200}, {'clf__max_depth': None, 'clf__min_samples_leaf': 1, 'clf__min_samples_split': 2, 'clf__n_estimators': 200}]","[0.4985599234992891, 0.4990803082298967, 0.4992828720334176, 0.4992312177068961, 0.49920663068193244]",0.499206631,15.6,19.10601999,48.4,59.27765178,72.2,58.95218401,23.2,18.94623973,0.5,0,0.55158805,0.251359207,0.5,0,0.4,0.489897949,0.4,0.489897949,0.6,0.489897949,0.15678392,0.192020301,0,0,0.49907219,0.000264664
mycobacterium_pyrazinamide_resfinder+cdhit_train,Linear SVM,6,"[{'clf__C': 0.001}, {'clf__C': 0.001}, {'clf__C': 0.001}, {'clf__C': 0.001}, {'clf__C': 0.001}]","[0.0, 3.3094962537888144e-06, 3.3301209776971067e-06, 3.3094962537888144e-06, 3.3094962537888144e-06]",3.31E-06,7.8,15.6,24.2,48.4,96.4,48.20207464,31,15.50483795,0.5,0,0.65408805,0.205181994,0.5,0,0.2,0.4,0.2,0.4,0.8,0.4,0.07839196,0.15678392,0,0,2.65E-06,1.33E-06
mycobacterium_pyrazinamide_resfinder+cdhit_train,LogReg (L2),6,"[{'clf__C': 0.001}, {'clf__C': 0.001}, {'clf__C': 0.001}, {'clf__C': 0.001}, {'clf__C': 0.001}]","[0.5, 0.5000000888519056, 0.500000089406271, 0.5000000888519056, 0.5000000888519056]",0.500000089,7.8,15.6,24.2,48.4,96.4,48.20207464,31,15.50483795,0.5,0,0.65408805,0.205181994,0.5,0,0.2,0.4,0.2,0.4,0.8,0.4,0.07839196,0.15678392,0,0,0.500000071,3.56E-08
mycobacterium_pyrazinamide_resfinder+cdhit_train,Decision Tree,6,"[{'clf__max_depth': None, 'clf__min_samples_leaf': 1, 'clf__min_samples_split': 2}, {'clf__max_depth': None, 'clf__min_samples_leaf': 1, 'clf__min_samples_split': 2}, {'clf__max_depth': None, 'clf__min_samples_leaf': 1, 'clf__min_samples_split': 2}, {'clf__max_depth': None, 'clf__min_samples_leaf': 1, 'clf__min_samples_split': 2}, {'clf__max_depth': None, 'clf__min_samples_leaf': 1, 'clf__min_samples_split': 2}]","[0.49999999999999895, 0.5007776049766699, 0.5007800312012494, 0.5007776049766699, 0.5007776049766699]",0.500777605,7.8,15.6,24.2,48.4,96.4,48.20207464,31,15.50483795,0.5,0,0.65408805,0.205181994,0.5,0,0.2,0.4,0.2,0.4,0.8,0.4,0.07839196,0.15678392,0,0,0.500622569,0.000311286
mycobacterium_pyrazinamide_resfinder+cdhit_train,Balanced Random Forest,6,"[{'clf__max_depth': None, 'clf__min_samples_leaf': 1, 'clf__min_samples_split': 2, 'clf__n_estimators': 200}, {'clf__max_depth': None, 'clf__min_samples_leaf': 1, 'clf__min_samples_split': 2, 'clf__n_estimators': 200}, {'clf__max_depth': None, 'clf__min_samples_leaf': 1, 'clf__min_samples_split': 2, 'clf__n_estimators': 200}, {'clf__max_depth': None, 'clf__min_samples_leaf': 1, 'clf__min_samples_split': 2, 'clf__n_estimators': 200}, {'clf__max_depth': None, 'clf__min_samples_leaf': 1, 'clf__min_samples_split': 2, 'clf__n_estimators': 200}]","[0.5, 0.5008065518890479, 0.5008108203179964, 0.500695839311334, 0.5005807671584521]",0.500695839,7.8,15.6,24.2,48.4,96.4,48.20207464,31,15.50483795,0.5,0,0.65408805,0.205181994,0.5,0,0.2,0.4,0.2,0.4,0.8,0.4,0.07839196,0.15678392,0,0,0.500578796,0.000301468
mycobacterium_pyrazinamide_resfinder+cdhit_train,Extra Trees,6,"[{'clf__max_depth': None, 'clf__min_samples_leaf': 1, 'clf__min_samples_split': 2, 'clf__n_estimators': 200}, {'clf__max_depth': None, 'clf__min_samples_leaf': 1, 'clf__min_samples_split': 2, 'clf__n_estimators': 200}, {'clf__max_depth': None, 'clf__min_samples_leaf': 1, 'clf__min_samples_split': 2, 'clf__n_estimators': 200}, {'clf__max_depth': None, 'clf__min_samples_leaf': 1, 'clf__min_samples_split': 2, 'clf__n_estimators': 200}, {'clf__max_depth': None, 'clf__min_samples_leaf': 1, 'clf__min_samples_split': 2, 'clf__n_estimators': 200}]","[0.4999999999999998, 0.5007776049766717, 0.5007800312012484, 0.5007776049766717, 0.5007776049766717]",0.500777605,7.8,15.6,24.2,48.4,96.4,48.20207464,31,15.50483795,0.5,0,0.65408805,0.205181994,0.5,0,0.2,0.4,0.2,0.4,0.8,0.4,0.07839196,0.15678392,0,0,0.500622569,0.000311286
mycobacterium_pyrazinamide_resfinder+cdhit_train,SGD Logistic,6,"[{'clf__alpha': 1e-05}, {'clf__alpha': 1e-05}, {'clf__alpha': 1e-05}, {'clf__alpha': 1e-05}, {'clf__alpha': 1e-05}]","[0.9999999999832023, 0.9999999999832023, 0.9999994509986717, 0.9999999999832023, 0.9999999999832023]",1,0,0,0,0,120.6,0.489897949,38.8,0.4,0.5,0,0.75658805,0.002313058,0.5,0,0,0,0,0,1,0,0,0,0,0,0.99999989,2.20E-07
mycobacterium_pyrazinamide_resfinder+cdhit_train,BernoulliNB,6,"[{'clf__alpha': 0.01, 'clf__binarize': None}, {'clf__alpha': 0.01, 'clf__binarize': None}, {'clf__alpha': 0.01, 'clf__binarize': None}, {'clf__alpha': 0.01, 'clf__binarize': None}, {'clf__alpha': 0.01, 'clf__binarize': None}]","[0.2428517924830632, 0.24400102260776219, 0.24578874578723015, 0.24342403560399994, 0.24342403560399994]",0.243424036,31.2,15.6,96.4,48.20207464,24.2,48.4,7.6,15.2,0.499173554,0.001652893,0.347814465,0.20659705,0.5,0,0.8,0.4,0.8,0.4,0.2,0.4,0.314359677,0.157182332,0,0,0.243897926,0.001012854
mycobacterium_pyrazinamide_resfinder+cdhit+phenotypeseeker_train,Random Forest,1006,"[{'clf__max_depth': 5, 'clf__min_samples_leaf': 1, 'clf__min_samples_split': 10, 'clf__n_estimators': 500}, {'clf__max_depth': 5, 'clf__min_samples_leaf': 2, 'clf__min_samples_split': 2, 'clf__n_estimators': 500}, {'clf__max_depth': 10, 'clf__min_samples_leaf': 1, 'clf__min_samples_split': 10, 'clf__n_estimators': 500}, {'clf__max_depth': 5, 'clf__min_samples_leaf': 1, 'clf__min_samples_split': 2, 'clf__n_estimators': 200}, {'clf__max_depth': 10, 'clf__min_samples_leaf': 2, 'clf__min_samples_split': 2, 'clf__n_estimators': 500}]","[0.39612175868740795, 0.4612235482619211, 0.5139797610484637, 0.44567130700493324, 0.42920514695050405]",0.445671307,25.6,2.653299832,22.8,3.42928564,97.8,3.310589071,13.2,2.315167381,0.787780231,0.046632589,0.774158805,0.027393141,0.735111113,0.035960856,0.659244265,0.063183265,0.659244265,0.063183265,0.810977961,0.028224535,0.586718958,0.049738176,0.439690049,0.067008213,0.449240304,0.038911491
mycobacterium_pyrazinamide_resfinder+cdhit+phenotypeseeker_train,LogReg (L1),1006,"[{'clf__C': 10}, {'clf__C': 1}, {'clf__C': 1}, {'clf__C': 1}, {'clf__C': 10}]","[0.6115659414919632, 0.5278619685762932, 0.5451648235739562, 0.44943317331149035, 0.48166497656912155]",0.527861969,25.2,3.969886648,23.2,3.12409987,97.4,3.382306905,13.6,3.720215048,0.785836456,0.052432149,0.769095912,0.030854153,0.72821433,0.050885834,0.648852901,0.098341221,0.648852901,0.098341221,0.807575758,0.026365486,0.57555495,0.067827964,0.425878054,0.089015514,0.523138177,0.055640652
mycobacterium_pyrazinamide_resfinder+cdhit+phenotypeseeker_train,Linear SVM,1006,"[{'clf__C': 0.01}, {'clf__C': 0.01}, {'clf__C': 0.01}, {'clf__C': 0.1}, {'clf__C': 0.1}]","[0.14141249744324005, -0.08213821516245769, 0.02905381084853685, 0.016408543564664486, 0.11637504553506775]",0.029053811,24.8,3.867815921,22.4,2.332380758,98.2,2.13541565,14,3.687817783,0.793039523,0.051778645,0.771650943,0.021532865,0.726514482,0.04517885,0.638731444,0.0965168,0.638731444,0.0965168,0.814297521,0.018950765,0.573801133,0.059033799,0.425445768,0.075384882,0.044222336,0.079526877
mycobacterium_pyrazinamide_resfinder+cdhit+phenotypeseeker_train,Extra Trees,1006,"[{'clf__max_depth': None, 'clf__min_samples_leaf': 5, 'clf__min_samples_split': 2, 'clf__n_estimators': 500}, {'clf__max_depth': None, 'clf__min_samples_leaf': 2, 'clf__min_samples_split': 2, 'clf__n_estimators': 200}, {'clf__max_depth': None, 'clf__min_samples_leaf': 2, 'clf__min_samples_split': 5, 'clf__n_estimators': 500}, {'clf__max_depth': 3, 'clf__min_samples_leaf': 1, 'clf__min_samples_split': 2, 'clf__n_estimators': 200}, {'clf__max_depth': 3, 'clf__min_samples_leaf': 1, 'clf__min_samples_split': 2, 'clf__n_estimators': 200}]","[0.5259430842731501, 0.5191457421364308, 0.5056199999691907, 0.4248853079635765, 0.4402361665311939]",0.50562,24.8,3.12409987,22.8,1.326649916,97.8,1.469693846,14,2.898275349,0.782095272,0.052976423,0.76913522,0.021100685,0.724834042,0.039418929,0.638731444,0.076789903,0.638731444,0.076789903,0.810936639,0.011168531,0.57230579,0.052974113,0.421177678,0.068407085,0.48316606,0.042114635
mycobacterium_pyrazinamide_resfinder+cdhit+phenotypeseeker_train,LogReg (L2),1006,"[{'clf__C': 0.01}, {'clf__C': 1}, {'clf__C': 0.1}, {'clf__C': 0.1}, {'clf__C': 10}]","[0.4820906409477273, 0.5540315331347095, 0.5258921336177801, 0.5341234984380216, 0.5006148268395817]",0.525892134,24.8,3.655133376,22.8,3.059411708,97.8,3.18747549,14,3.464101615,0.792818208,0.051997144,0.769119497,0.032432067,0.724827155,0.050011632,0.638731444,0.090904087,0.638731444,0.090904087,0.810922865,0.025625744,0.572367845,0.068183621,0.421553365,0.090004573,0.519350527,0.025310595
mycobacterium_pyrazinamide_resfinder+cdhit+phenotypeseeker_train,RBF SVM,1006,"[{'clf__C': 10, 'clf__gamma': 0.01}, {'clf__C': 100, 'clf__gamma': 'scale'}, {'clf__C': 10, 'clf__gamma': 0.01}, {'clf__C': 1, 'clf__gamma': 0.01}, {'clf__C': 10, 'clf__gamma': 0.01}]","[0.23124764581967439, 0.2999004755648712, 0.22182108668029357, 0.3613959652651474, 0.3197952878781738]",0.299900476,24.6,2.332380758,22.4,2.727636339,98.2,2.481934729,14.2,2.039607805,0.76621174,0.043548402,0.77038522,0.024006551,0.723957267,0.032681202,0.633603239,0.055547451,0.633603239,0.055547451,0.814311295,0.022220769,0.573043052,0.045473656,0.422051836,0.061317269,0.286832092,0.053166131
mycobacterium_pyrazinamide_resfinder+cdhit+phenotypeseeker_train,Balanced Random Forest,1006,"[{'clf__max_depth': 5, 'clf__min_samples_leaf': 1, 'clf__min_samples_split': 2, 'clf__n_estimators': 500}, {'clf__max_depth': 10, 'clf__min_samples_leaf': 1, 'clf__min_samples_split': 10, 'clf__n_estimators': 500}, {'clf__max_depth': 5, 'clf__min_samples_leaf': 1, 'clf__min_samples_split': 5, 'clf__n_estimators': 200}, {'clf__max_depth': 3, 'clf__min_samples_leaf': 1, 'clf__min_samples_split': 2, 'clf__n_estimators': 500}, {'clf__max_depth': None, 'clf__min_samples_leaf': 2, 'clf__min_samples_split': 5, 'clf__n_estimators': 500}]","[0.5182626386783458, 0.501778769466122, 0.5013178540594183, 0.4358040130032619, 0.4836615248906497]",0.501317854,24.2,3.487119155,21.4,1.2,99.2,1.326649916,14.6,3.261901286,0.782505456,0.04708569,0.774150943,0.019855985,0.722880043,0.042015323,0.623211876,0.086270186,0.623211876,0.086270186,0.822548209,0.010044298,0.570871733,0.057003205,0.422533817,0.071108891,0.48816496,0.02837659
mycobacterium_pyrazinamide_resfinder+cdhit+phenotypeseeker_train,HistGB,1006,"[{'clf__l2_regularization': 0.0, 'clf__learning_rate': 0.1, 'clf__max_depth': 3, 'clf__max_leaf_nodes': 31, 'clf__min_samples_leaf': 10}, {'clf__l2_regularization': 1.0, 'clf__learning_rate': 0.1, 'clf__max_depth': 6, 'clf__max_leaf_nodes': 31, 'clf__min_samples_leaf': 10}, {'clf__l2_regularization': 1.0, 'clf__learning_rate': 0.1, 'clf__max_depth': 6, 'clf__max_leaf_nodes': 31, 'clf__min_samples_leaf': 10}, {'clf__l2_regularization': 0.0, 'clf__learning_rate': 0.1, 'clf__max_depth': 6, 'clf__max_leaf_nodes': 31, 'clf__min_samples_leaf': 10}, {'clf__l2_regularization': 0.0, 'clf__learning_rate': 0.05, 'clf__max_depth': 6, 'clf__max_leaf_nodes': 31, 'clf__min_samples_leaf': 10}]","[0.29198681076834937, 0.2630335912185395, 0.42335684712971594, 0.23510051718657682, 0.3003111087335421]",0.291986811,24,3.949683532,21.4,0.489897949,99.2,0.4,14.8,3.655133376,0.782525308,0.051071863,0.772900943,0.022899199,0.720187874,0.048491214,0.617813765,0.097634946,0.617813765,0.097634946,0.822561983,0.003615171,0.566708001,0.066377267,0.417525587,0.08280953,0.302757775,0.064531622
mycobacterium_pyrazinamide_resfinder+cdhit+phenotypeseeker_train,Gradient Boosting,1006,"[{'clf__learning_rate': 0.1, 'clf__max_depth': 2, 'clf__n_estimators': 200}, {'clf__learning_rate': 0.05, 'clf__max_depth': 3, 'clf__n_estimators': 100}, {'clf__learning_rate': 0.2, 'clf__max_depth': 3, 'clf__n_estimators': 100}, {'clf__learning_rate': 0.1, 'clf__max_depth': 1, 'clf__n_estimators': 500}, {'clf__learning_rate': 0.1, 'clf__max_depth': 1, 'clf__n_estimators': 500}]","[0.34724029014847285, 0.22865360568477877, 0.3451499782661957, 0.25574406152937273, 0.3223537707444842]",0.322353771,23.8,4.53431362,22.4,1.356465997,98.2,1.166190379,15,4.335896678,0.780547795,0.053066483,0.765393082,0.025048909,0.71355213,0.054778636,0.612820513,0.113633435,0.612820513,0.113633435,0.814283747,0.010839932,0.555624752,0.073978118,0.402517503,0.092694147,0.299828341,0.048618115
mycobacterium_pyrazinamide_resfinder+cdhit+phenotypeseeker_train,Decision Tree,1006,"[{'clf__max_depth': None, 'clf__min_samples_leaf': 10, 'clf__min_samples_split': 2}, {'clf__max_depth': 5, 'clf__min_samples_leaf': 2, 'clf__min_samples_split': 20}, {'clf__max_depth': None, 'clf__min_samples_leaf': 1, 'clf__min_samples_split': 20}, {'clf__max_depth': None, 'clf__min_samples_leaf': 10, 'clf__min_samples_split': 2}, {'clf__max_depth': None, 'clf__min_samples_leaf': 2, 'clf__min_samples_split': 5}]","[0.6091081593927894, 0.6729559748427674, 0.5524956970740103, 0.5320115654688146, 0.6098484848484848]",0.609108159,23.6,2.727636339,22.6,1.854723699,98,1.414213562,15.2,2.481934729,0.761598094,0.039985028,0.76288522,0.024663247,0.710242831,0.038557925,0.60782726,0.066500911,0.60782726,0.066500911,0.812658402,0.01469513,0.554366905,0.053605863,0.397545795,0.070683688,0.595283976,0.049538686
mycobacterium_pyrazinamide_resfinder+cdhit+phenotypeseeker_train,AdaBoost,1006,"[{'clf__learning_rate': 1.0, 'clf__n_estimators': 500}, {'clf__learning_rate': 1.0, 'clf__n_estimators': 500}, {'clf__learning_rate': 1.0, 'clf__n_estimators': 500}, {'clf__learning_rate': 1.0, 'clf__n_estimators': 500}, {'clf__learning_rate': 1.0, 'clf__n_estimators': 500}]","[0.49106761447423, 0.45708652826766155, 0.47182147473297315, 0.4545647412653566, 0.47318614802919856]",0.471821475,22,7.375635566,19,5.761944116,101.6,5.851495535,16.8,7.304792947,0.783845522,0.059950609,0.775400943,0.027981352,0.704545455,0.076827006,0.566666667,0.188142937,0.566666667,0.188142937,0.842424242,0.04772446,0.533465019,0.123891054,0.399252669,0.119073041,0.469545301,0.013124671
mycobacterium_pyrazinamide_resfinder+cdhit+phenotypeseeker_train,SGD Logistic,1006,"[{'clf__alpha': 0.01}, {'clf__alpha': 0.0001}, {'clf__alpha': 0.01}, {'clf__alpha': 0.01}, {'clf__alpha': 0.001}]","[0.702680188479318, 1.5966243530406666e-54, 0.9386529367538362, 0.744494246992967, 0.0008040989901555005]",0.702680188,20,10.37304198,14.8,10.3033975,105.8,10.57166023,18.8,10.10742301,0.792012785,0.052630426,0.789221698,0.02326593,0.695361947,0.093563647,0.513630229,0.264885296,0.513630229,0.264885296,0.877093664,0.085593506,0.499357485,0.16468444,0.422580681,0.106688325,0.477326294,0.397466768
mycobacterium_pyrazinamide_resfinder+cdhit+phenotypeseeker_train,KNN,1006,"[{'clf__n_neighbors': 15, 'clf__p': 1, 'clf__weights': 'distance'}, {'clf__n_neighbors': 5, 'clf__p': 1, 'clf__weights': 'distance'}, {'clf__n_neighbors': 7, 'clf__p': 1, 'clf__weights': 'distance'}, {'clf__n_neighbors': 15, 'clf__p': 1, 'clf__weights': 'distance'}, {'clf__n_neighbors': 15, 'clf__p': 1, 'clf__weights': 'distance'}]","[0.5, 0.5, 0.4, 0.53125, 0.6502177068214805]",0.5,21.6,10.48045801,37.6,30.30907455,83,29.8596718,17.2,10.64706532,0.702552132,0.034727465,0.656273585,0.130009109,0.623527258,0.049197019,0.557894737,0.272075755,0.557894737,0.272075755,0.68915978,0.2503818,0.421813565,0.074624228,0.274801655,0.093432482,0.516293541,0.080267708
mycobacterium_pyrazinamide_resfinder+cdhit+phenotypeseeker_train,BernoulliNB,1006,"[{'clf__alpha': 10.0, 'clf__binarize': None}, {'clf__alpha': 0.01, 'clf__binarize': None}, {'clf__alpha': 10.0, 'clf__binarize': None}, {'clf__alpha': 10.0, 'clf__binarize': None}, {'clf__alpha': 0.01, 'clf__binarize': None}]","[2.4559446250448652e-98, 1.1227012372362772e-63, 2.0163302071181747e-93, 1.70005605922266e-92, 1.7194752027162474e-73]",1.70E-92,33,10.05982107,92.8,41.38308833,27.8,41.49409597,5.8,10.16661202,0.723538616,0.029559375,0.381139937,0.19786951,0.540737444,0.050087439,0.851282051,0.26068236,0.851282051,0.26068236,0.230192837,0.342972157,0.401468636,0.020345571,0.089303395,0.11062412,2.25E-64,4.49E-64
mycobacterium_pyrazinamide_resfinder+phenotypeseeker_train,Random Forest,1003,"[{'clf__max_depth': 5, 'clf__min_samples_leaf': 1, 'clf__min_samples_split': 10, 'clf__n_estimators': 500}, {'clf__max_depth': 10, 'clf__min_samples_leaf': 2, 'clf__min_samples_split': 10, 'clf__n_estimators': 500}, {'clf__max_depth': None, 'clf__min_samples_leaf': 2, 'clf__min_samples_split': 5, 'clf__n_estimators': 200}, {'clf__max_depth': 3, 'clf__min_samples_leaf': 1, 'clf__min_samples_split': 2, 'clf__n_estimators': 200}, {'clf__max_depth': None, 'clf__min_samples_leaf': 2, 'clf__min_samples_split': 10, 'clf__n_estimators': 500}]","[0.4139817595362445, 0.43627833884242934, 0.47146732329620455, 0.4253857943322727, 0.44624171090811077]",0.436278339,25.8,2.712931993,24.8,3.544009029,95.8,3.310589071,13,2.366431913,0.782321011,0.049367501,0.762900943,0.019514479,0.729396979,0.028174007,0.66437247,0.064602215,0.66437247,0.064602215,0.794421488,0.028943652,0.576223875,0.038096901,0.423931293,0.04922134,0.438670985,0.01961986
mycobacterium_pyrazinamide_resfinder+phenotypeseeker_train,LogReg (L1),1003,"[{'clf__C': 10}, {'clf__C': 1}, {'clf__C': 1}, {'clf__C': 1}, {'clf__C': 10}]","[0.6115667033756986, 0.5279517024008987, 0.5449034339696663, 0.4496708602397459, 0.48164347509909516]",0.527951702,25.2,3.969886648,23.4,3.006659276,97.2,3.249615362,13.6,3.720215048,0.784946437,0.05146739,0.767845912,0.029149932,0.727387883,0.049769658,0.648852901,0.098341221,0.648852901,0.098341221,0.805922865,0.025370951,0.574089749,0.065895568,0.423804444,0.086203561,0.523147235,0.05556214
mycobacterium_pyrazinamide_resfinder+phenotypeseeker_train,LogReg (L2),1003,"[{'clf__C': 0.01}, {'clf__C': 1}, {'clf__C': 0.1}, {'clf__C': 0.1}, {'clf__C': 0.1}]","[0.48200526547582395, 0.554052475515739, 0.5258843272534347, 0.5340742187361823, 0.5348871180265696]",0.534074219,24.6,3.611094017,21.6,1.624807681,99,1.414213562,14.2,3.42928564,0.794313934,0.052337839,0.775408805,0.029507206,0.727263052,0.049851194,0.633603239,0.089901234,0.633603239,0.089901234,0.820922865,0.013097892,0.576818958,0.067900637,0.429127012,0.088928043,0.526180681,0.023943693
mycobacterium_pyrazinamide_resfinder+phenotypeseeker_train,Balanced Random Forest,1003,"[{'clf__max_depth': 5, 'clf__min_samples_leaf': 1, 'clf__min_samples_split': 5, 'clf__n_estimators': 500}, {'clf__max_depth': 5, 'clf__min_samples_leaf': 1, 'clf__min_samples_split': 10, 'clf__n_estimators': 200}, {'clf__max_depth': 5, 'clf__min_samples_leaf': 1, 'clf__min_samples_split': 10, 'clf__n_estimators': 500}, {'clf__max_depth': 3, 'clf__min_samples_leaf': 1, 'clf__min_samples_split': 2, 'clf__n_estimators': 500}, {'clf__max_depth': 10, 'clf__min_samples_leaf': 1, 'clf__min_samples_split': 10, 'clf__n_estimators': 200}]","[0.5132432690065923, 0.5212996638021412, 0.49447159031077487, 0.43596299508147085, 0.4591121217436068]",0.49447159,24.6,3.382306905,21.6,1.743559577,99,2,14.2,3.12409987,0.781239679,0.042649478,0.775400943,0.020050968,0.727168027,0.040241847,0.633468286,0.083149305,0.633468286,0.083149305,0.820867769,0.014842197,0.576504968,0.054402152,0.429310496,0.068288191,0.484817928,0.03249524
mycobacterium_pyrazinamide_resfinder+phenotypeseeker_train,Linear SVM,1003,"[{'clf__C': 0.01}, {'clf__C': 0.01}, {'clf__C': 0.01}, {'clf__C': 0.1}, {'clf__C': 0.1}]","[0.1413632799026752, -0.08219337177145654, 0.029045679979107238, 0.01657132458902144, 0.11653070681370714]",0.02904568,24.8,3.867815921,22.4,2.332380758,98.2,2.13541565,14,3.687817783,0.790203768,0.052633515,0.771650943,0.021532865,0.726514482,0.04517885,0.638731444,0.0965168,0.638731444,0.0965168,0.814297521,0.018950765,0.573801133,0.059033799,0.425445768,0.075384882,0.044263524,0.079549601
mycobacterium_pyrazinamide_resfinder+phenotypeseeker_train,Extra Trees,1003,"[{'clf__max_depth': 5, 'clf__min_samples_leaf': 2, 'clf__min_samples_split': 10, 'clf__n_estimators': 500}, {'clf__max_depth': None, 'clf__min_samples_leaf': 2, 'clf__min_samples_split': 2, 'clf__n_estimators': 500}, {'clf__max_depth': None, 'clf__min_samples_leaf': 2, 'clf__min_samples_split': 10, 'clf__n_estimators': 200}, {'clf__max_depth': 3, 'clf__min_samples_leaf': 2, 'clf__min_samples_split': 2, 'clf__n_estimators': 500}, {'clf__max_depth': 3, 'clf__min_samples_leaf': 1, 'clf__min_samples_split': 10, 'clf__n_estimators': 200}]","[0.4777246667092492, 0.46714421611583246, 0.5046635127897041, 0.43159230742701626, 0.45627247574951063]",0.467144216,25.2,3.12409987,23.8,3.544009029,96.8,3.42928564,13.6,2.870540019,0.786040084,0.051376344,0.765393082,0.018159962,0.725836902,0.031724123,0.648987854,0.076410442,0.648987854,0.076410442,0.80268595,0.029120099,0.572386159,0.041969995,0.420883979,0.052930135,0.467479436,0.024088232
mycobacterium_pyrazinamide_resfinder+phenotypeseeker_train,RBF SVM,1003,"[{'clf__C': 10, 'clf__gamma': 0.01}, {'clf__C': 100, 'clf__gamma': 'scale'}, {'clf__C': 10, 'clf__gamma': 0.01}, {'clf__C': 1, 'clf__gamma': 0.01}, {'clf__C': 10, 'clf__gamma': 0.01}]","[0.2208778418122837, 0.2976754883441851, 0.22045095278817975, 0.3623544823755165, 0.3196788457391634]",0.297675488,24.6,2.332380758,22.2,2.638181192,98.4,2.416609195,14.2,2.039607805,0.768173509,0.046031601,0.771643082,0.02261818,0.724783713,0.031518452,0.633603239,0.055547451,0.633603239,0.055547451,0.815964187,0.021513829,0.574277257,0.043686567,0.424089879,0.058508704,0.284207522,0.055896506
mycobacterium_pyrazinamide_resfinder+phenotypeseeker_train,HistGB,1003,"[{'clf__l2_regularization': 0.0, 'clf__learning_rate': 0.1, 'clf__max_depth': 3, 'clf__max_leaf_nodes': 31, 'clf__min_samples_leaf': 10}, {'clf__l2_regularization': 1.0, 'clf__learning_rate': 0.1, 'clf__max_depth': 6, 'clf__max_leaf_nodes': 31, 'clf__min_samples_leaf': 10}, {'clf__l2_regularization': 1.0, 'clf__learning_rate': 0.1, 'clf__max_depth': 6, 'clf__max_leaf_nodes': 31, 'clf__min_samples_leaf': 10}, {'clf__l2_regularization': 0.0, 'clf__learning_rate': 0.1, 'clf__max_depth': 6, 'clf__max_leaf_nodes': 31, 'clf__min_samples_leaf': 10}, {'clf__l2_regularization': 0.0, 'clf__learning_rate': 0.05, 'clf__max_depth': 6, 'clf__max_leaf_nodes': 31, 'clf__min_samples_leaf': 10}]","[0.29198681076834937, 0.2630335912185395, 0.42335684712971594, 0.23510051718657682, 0.3003111087335421]",0.291986811,24,3.949683532,21.4,0.489897949,99.2,0.4,14.8,3.655133376,0.782525308,0.051071863,0.772900943,0.022899199,0.720187874,0.048491214,0.617813765,0.097634946,0.617813765,0.097634946,0.822561983,0.003615171,0.566708001,0.066377267,0.417525587,0.08280953,0.302757775,0.064531622
mycobacterium_pyrazinamide_resfinder+phenotypeseeker_train,Gradient Boosting,1003,"[{'clf__learning_rate': 0.1, 'clf__max_depth': 2, 'clf__n_estimators': 200}, {'clf__learning_rate': 0.05, 'clf__max_depth': 3, 'clf__n_estimators': 100}, {'clf__learning_rate': 0.05, 'clf__max_depth': 3, 'clf__n_estimators': 500}, {'clf__learning_rate': 0.2, 'clf__max_depth': 1, 'clf__n_estimators': 200}, {'clf__learning_rate': 0.2, 'clf__max_depth': 1, 'clf__n_estimators': 200}]","[0.34724029014847285, 0.22865360568477877, 0.3801224886075287, 0.2310540422960407, 0.3199792628374001]",0.319979263,23.8,4.53431362,22.2,1.6,98.4,1.624807681,15,4.335896678,0.776203654,0.05951756,0.766650943,0.021552707,0.714371689,0.052350603,0.612820513,0.113633435,0.612820513,0.113633435,0.815922865,0.013168102,0.556693488,0.070066177,0.404729754,0.086433579,0.301409938,0.061456233
mycobacterium_pyrazinamide_resfinder+phenotypeseeker_train,Decision Tree,1003,"[{'clf__max_depth': None, 'clf__min_samples_leaf': 10, 'clf__min_samples_split': 2}, {'clf__max_depth': 5, 'clf__min_samples_leaf': 2, 'clf__min_samples_split': 20}, {'clf__max_depth': None, 'clf__min_samples_leaf': 10, 'clf__min_samples_split': 2}, {'clf__max_depth': None, 'clf__min_samples_leaf': 10, 'clf__min_samples_split': 2}, {'clf__max_depth': None, 'clf__min_samples_leaf': 2, 'clf__min_samples_split': 2}]","[0.6091081593927894, 0.6729559748427675, 0.6886227544910181, 0.5320115654688145, 0.6098484848484848]",0.609848485,23.2,3.310589071,22.2,1.720465053,98.4,1.356465997,15.6,3.006659276,0.761029991,0.041042657,0.76288522,0.024663247,0.706632566,0.043276558,0.597300945,0.081127156,0.597300945,0.081127156,0.815964187,0.013670991,0.549113622,0.060690319,0.3923895,0.077318521,0.622509388,0.055579821
mycobacterium_pyrazinamide_resfinder+phenotypeseeker_train,AdaBoost,1003,"[{'clf__learning_rate': 1.0, 'clf__n_estimators': 500}, {'clf__learning_rate': 1.0, 'clf__n_estimators': 500}, {'clf__learning_rate': 1.0, 'clf__n_estimators': 500}, {'clf__learning_rate': 1.0, 'clf__n_estimators': 500}, {'clf__learning_rate': 1.0, 'clf__n_estimators': 500}]","[0.49106761447423, 0.45708652826766155, 0.47182147473297315, 0.4545647412653566, 0.47318614802919856]",0.471821475,22,7.375635566,19,5.761944116,101.6,5.851495535,16.8,7.304792947,0.783887904,0.059994627,0.775400943,0.027981352,0.704545455,0.076827006,0.566666667,0.188142937,0.566666667,0.188142937,0.842424242,0.04772446,0.533465019,0.123891054,0.399252669,0.119073041,0.469545301,0.013124671
mycobacterium_pyrazinamide_resfinder+phenotypeseeker_train,KNN,1003,"[{'clf__n_neighbors': 15, 'clf__p': 1, 'clf__weights': 'distance'}, {'clf__n_neighbors': 5, 'clf__p': 1, 'clf__weights': 'distance'}, {'clf__n_neighbors': 7, 'clf__p': 1, 'clf__weights': 'distance'}, {'clf__n_neighbors': 15, 'clf__p': 1, 'clf__weights': 'distance'}, {'clf__n_neighbors': 15, 'clf__p': 1, 'clf__weights': 'distance'}]","[0.5, 0.5, 0.4, 0.53125, 0.6502177068214805]",0.5,21.6,10.48045801,37.6,30.30907455,83,29.8596718,17.2,10.64706532,0.702552132,0.034727465,0.656273585,0.130009109,0.623527258,0.049197019,0.557894737,0.272075755,0.557894737,0.272075755,0.68915978,0.2503818,0.421813565,0.074624228,0.274801655,0.093432482,0.516293541,0.080267708
mycobacterium_pyrazinamide_resfinder+phenotypeseeker_train,SGD Logistic,1003,"[{'clf__alpha': 0.01}, {'clf__alpha': 0.0001}, {'clf__alpha': 0.01}, {'clf__alpha': 1e-05}, {'clf__alpha': 0.0001}]","[0.7034448487111116, 8.719173819095481e-26, 0.9374811737279951, 1.5186608465849343e-175, 0.04294405203006984]",0.042944052,20.6,15.08111402,50,57.1874112,70.6,57.27337951,18.2,14.89160838,0.653756446,0.126354862,0.572295597,0.265197284,0.557041858,0.0461053,0.529014845,0.385913948,0.529014845,0.385913948,0.585068871,0.474609339,0.354259577,0.04640681,0.200796602,0.14916466,0.336774015,0.402110958
mycobacterium_pyrazinamide_resfinder+phenotypeseeker_train,BernoulliNB,1003,"[{'clf__alpha': 10.0, 'clf__binarize': None}, {'clf__alpha': 0.01, 'clf__binarize': None}, {'clf__alpha': 10.0, 'clf__binarize': None}, {'clf__alpha': 10.0, 'clf__binarize': None}, {'clf__alpha': 0.01, 'clf__binarize': None}]","[2.897573807610101e-98, 1.1229201475517047e-63, 2.3738216742295465e-93, 1.9997195356159446e-92, 1.7144701123348454e-73]",2.00E-92,33,10.05982107,92.8,41.38308833,27.8,41.49409597,5.8,10.16661202,0.723538616,0.029559375,0.381139937,0.19786951,0.540737444,0.050087439,0.851282051,0.26068236,0.851282051,0.26068236,0.230192837,0.342972157,0.401468636,0.020345571,0.089303395,0.11062412,2.25E-64,4.49E-64
mycobacterium_pyrazinamide_resfinder+pointfinder_train,RBF SVM,214,"[{'clf__C': 1, 'clf__gamma': 'scale'}, {'clf__C': 1, 'clf__gamma': 1}, {'clf__C': 1, 'clf__gamma': 'scale'}, {'clf__C': 1, 'clf__gamma': 0.1}, {'clf__C': 1, 'clf__gamma': 1}]","[0.25542249678825146, 0.2685690170069054, 0.37073691065031666, 0.3215099834905781, 0.2368501314110618]",0.268569017,28.4,4.029888336,24.4,5.851495535,96.2,5.844655678,10.4,3.666060556,0.839078836,0.034376389,0.781643082,0.035795433,0.764362543,0.046519224,0.731039136,0.098152141,0.731039136,0.098152141,0.79768595,0.048491062,0.619035758,0.062853613,0.485006371,0.08449248,0.290617708,0.048967784
mycobacterium_pyrazinamide_resfinder+pointfinder_train,Balanced Random Forest,214,"[{'clf__max_depth': 10, 'clf__min_samples_leaf': 1, 'clf__min_samples_split': 10, 'clf__n_estimators': 200}, {'clf__max_depth': None, 'clf__min_samples_leaf': 1, 'clf__min_samples_split': 10, 'clf__n_estimators': 500}, {'clf__max_depth': 20, 'clf__min_samples_leaf': 1, 'clf__min_samples_split': 10, 'clf__n_estimators': 200}, {'clf__max_depth': 10, 'clf__min_samples_leaf': 2, 'clf__min_samples_split': 10, 'clf__n_estimators': 200}, {'clf__max_depth': 20, 'clf__min_samples_leaf': 1, 'clf__min_samples_split': 10, 'clf__n_estimators': 500}]","[0.3968784368952177, 0.506161111111111, 0.4557026184340428, 0.46847324156176173, 0.47326099075897266]",0.468473242,28.4,3.072458299,26.8,6.615134163,93.8,6.305553108,10.4,2.727636339,0.825221352,0.041369681,0.766666667,0.045568631,0.754614576,0.046934893,0.731309042,0.073385523,0.731309042,0.073385523,0.77792011,0.054208262,0.605522884,0.06361111,0.462250233,0.08914294,0.46009528,0.035724646
mycobacterium_pyrazinamide_resfinder+pointfinder_train,LogReg (L2),214,"[{'clf__C': 0.1}, {'clf__C': 10}, {'clf__C': 1}, {'clf__C': 0.1}, {'clf__C': 1}]","[0.4541078576054176, 0.510144932333177, 0.3194372165913253, 0.5083067806344379, 0.378294772602995]",0.454107858,27.8,1.720465053,25.4,7.031358332,95.2,6.794115101,11,1.673320053,0.80817719,0.036076165,0.771643082,0.040238454,0.752984185,0.027553623,0.716464238,0.043008242,0.716464238,0.043008242,0.789504132,0.057787214,0.606723745,0.043079562,0.464934606,0.061567619,0.434058312,0.07476839
mycobacterium_pyrazinamide_resfinder+pointfinder_train,Linear SVM,214,"[{'clf__C': 0.01}, {'clf__C': 0.1}, {'clf__C': 0.1}, {'clf__C': 0.1}, {'clf__C': 0.1}]","[-0.09579914128073935, -0.4076587316368053, -0.2668828877888519, -0.10395726051609075, -0.22195631493700524]",-0.221956315,29.4,2.939387691,30.8,7.222188034,89.8,6.794115101,9.4,2.653299832,0.820930393,0.033504053,0.747861635,0.039825422,0.751020455,0.034252572,0.757219973,0.070460854,0.757219973,0.070460854,0.744820937,0.059008213,0.595110589,0.046681309,0.448208931,0.066362059,-0.219250867,0.115157802
mycobacterium_pyrazinamide_resfinder+pointfinder_train,Random Forest,214,"[{'clf__max_depth': 10, 'clf__min_samples_leaf': 2, 'clf__min_samples_split': 5, 'clf__n_estimators': 200}, {'clf__max_depth': 20, 'clf__min_samples_leaf': 1, 'clf__min_samples_split': 10, 'clf__n_estimators': 500}, {'clf__max_depth': None, 'clf__min_samples_leaf': 1, 'clf__min_samples_split': 10, 'clf__n_estimators': 200}, {'clf__max_depth': 5, 'clf__min_samples_leaf': 1, 'clf__min_samples_split': 5, 'clf__n_estimators': 500}, {'clf__max_depth': 10, 'clf__min_samples_leaf': 1, 'clf__min_samples_split': 10, 'clf__n_estimators': 200}]","[0.49157013538890654, 0.2989049998656408, 0.2605695187877132, 0.4654823964896478, 0.373194243323508]",0.373194243,29.2,4.621688003,30.6,11.55162326,90,11.50651989,9.6,4.543126677,0.82866605,0.041186785,0.747767296,0.053467457,0.749335107,0.037423414,0.752361673,0.116984668,0.752361673,0.116984668,0.74630854,0.095515571,0.594020155,0.047633395,0.453733593,0.07099359,0.377944259,0.090133636
mycobacterium_pyrazinamide_resfinder+pointfinder_train,LogReg (L1),214,"[{'clf__C': 1}, {'clf__C': 1}, {'clf__C': 1}, {'clf__C': 1}, {'clf__C': 0.1}]","[0.31843084300323504, 0.29151493280315505, 0.36279291289104526, 0.3415267061005719, 0.5102995597583377]",0.341526706,31,2.449489743,36.2,5.114684741,84.4,4.841487375,7.8,2.13541565,0.825724042,0.053207527,0.723962264,0.033736315,0.749223325,0.034251625,0.79851552,0.057012713,0.79851552,0.057012713,0.699931129,0.041797634,0.585456094,0.042190278,0.43474332,0.062728826,0.364912991,0.076467683
mycobacterium_pyrazinamide_resfinder+pointfinder_train,BernoulliNB,214,"[{'clf__alpha': 0.1, 'clf__binarize': None}, {'clf__alpha': 0.1, 'clf__binarize': None}, {'clf__alpha': 0.01, 'clf__binarize': None}, {'clf__alpha': 0.01, 'clf__binarize': None}, {'clf__alpha': 0.01, 'clf__binarize': None}]","[0.023927936871750183, 0.06610375886884029, 0.7172183831395741, 0.5035815941441262, 0.1413901530693127]",0.141390153,25.4,4.270831301,19,8.438009244,101.6,8.236504113,13.4,3.979949748,0.82632632,0.040746117,0.796808176,0.037355115,0.748210956,0.035036964,0.653846154,0.105720657,0.653846154,0.105720657,0.842575758,0.069590539,0.610063111,0.047493402,0.484765119,0.063643729,0.290444365,0.272448312
mycobacterium_pyrazinamide_resfinder+pointfinder_train,Extra Trees,214,"[{'clf__max_depth': 10, 'clf__min_samples_leaf': 5, 'clf__min_samples_split': 2, 'clf__n_estimators': 500}, {'clf__max_depth': 10, 'clf__min_samples_leaf': 1, 'clf__min_samples_split': 10, 'clf__n_estimators': 200}, {'clf__max_depth': 20, 'clf__min_samples_leaf': 2, 'clf__min_samples_split': 2, 'clf__n_estimators': 200}, {'clf__max_depth': 10, 'clf__min_samples_leaf': 2, 'clf__min_samples_split': 2, 'clf__n_estimators': 200}, {'clf__max_depth': 20, 'clf__min_samples_leaf': 1, 'clf__min_samples_split': 10, 'clf__n_estimators': 200}]","[0.44658161555637227, 0.3719959539992388, 0.40771668364783353, 0.4385926722931965, 0.30722292149154573]",0.407716684,30.6,4.176122604,35.6,6.343500611,85,6.099180273,8.2,3.867815921,0.834606202,0.050655678,0.725243711,0.041232852,0.746385803,0.051488779,0.787854251,0.102038571,0.787854251,0.102038571,0.704917355,0.052058492,0.582341737,0.06149926,0.431818511,0.091737967,0.394421969,0.050901924
mycobacterium_pyrazinamide_resfinder+pointfinder_train,AdaBoost,214,"[{'clf__learning_rate': 1.0, 'clf__n_estimators': 500}, {'clf__learning_rate': 1.0, 'clf__n_estimators': 500}, {'clf__learning_rate': 1.0, 'clf__n_estimators': 500}, {'clf__learning_rate': 1.0, 'clf__n_estimators': 500}, {'clf__learning_rate': 1.0, 'clf__n_estimators': 500}]","[0.4710118727116449, 0.46282775419652905, 0.477258365533595, 0.4591031278757982, 0.47616428269235533]",0.471011873,29.4,5.607138308,32,5.966573556,88.6,5.851495535,9.4,5.314132102,0.820137341,0.05080685,0.740283019,0.026122055,0.745695453,0.05452458,0.756680162,0.1395777,0.756680162,0.1395777,0.734710744,0.049159565,0.582369657,0.06058244,0.435885266,0.088459001,0.469273081,0.007200653
mycobacterium_pyrazinamide_resfinder+pointfinder_train,SGD Logistic,214,"[{'clf__alpha': 0.01}, {'clf__alpha': 0.01}, {'clf__alpha': 0.01}, {'clf__alpha': 0.01}, {'clf__alpha': 0.001}]","[0.42720051044687557, 0.37441942766603004, 0.46329811914555996, 0.5186247240620452, 0.21856244888985257]",0.42720051,31.6,3.611094017,39.6,11.75755077,81,11.86591758,7.2,3.310589071,0.830120547,0.051044805,0.706352201,0.06400718,0.742660828,0.042607282,0.813765182,0.087263427,0.813765182,0.087263427,0.671556474,0.098184442,0.577655182,0.052515404,0.426160822,0.076894115,0.400421046,0.102363479
mycobacterium_pyrazinamide_resfinder+pointfinder_train,HistGB,214,"[{'clf__l2_regularization': 1.0, 'clf__learning_rate': 0.1, 'clf__max_depth': 6, 'clf__max_leaf_nodes': 31, 'clf__min_samples_leaf': 10}, {'clf__l2_regularization': 0.0, 'clf__learning_rate': 0.1, 'clf__max_depth': 6, 'clf__max_leaf_nodes': 31, 'clf__min_samples_leaf': 10}, {'clf__l2_regularization': 1.0, 'clf__learning_rate': 0.1, 'clf__max_depth': 6, 'clf__max_leaf_nodes': 31, 'clf__min_samples_leaf': 50}, {'clf__l2_regularization': 1.0, 'clf__learning_rate': 0.05, 'clf__max_depth': 6, 'clf__max_leaf_nodes': 31, 'clf__min_samples_leaf': 50}, {'clf__l2_regularization': 1.0, 'clf__learning_rate': 0.1, 'clf__max_depth': 6, 'clf__max_leaf_nodes': 31, 'clf__min_samples_leaf': 10}]","[0.20171990045302113, 0.2492455896265539, 0.2671488707058472, 0.2567907989458418, 0.12900273993414269]",0.24924559,28.2,5.844655678,29.6,5.083306011,91,5.176871642,10.6,5.462600113,0.806788301,0.049612994,0.747783019,0.037294802,0.7399514,0.067571119,0.72537112,0.145472572,0.72537112,0.145472572,0.75453168,0.042475694,0.578412622,0.086947281,0.428906197,0.115106237,0.22078158,0.05107542
mycobacterium_pyrazinamide_resfinder+pointfinder_train,Gradient Boosting,214,"[{'clf__learning_rate': 0.2, 'clf__max_depth': 3, 'clf__n_estimators': 200}, {'clf__learning_rate': 0.2, 'clf__max_depth': 3, 'clf__n_estimators': 500}, {'clf__learning_rate': 0.1, 'clf__max_depth': 2, 'clf__n_estimators': 500}, {'clf__learning_rate': 0.1, 'clf__max_depth': 2, 'clf__n_estimators': 500}, {'clf__learning_rate': 0.2, 'clf__max_depth': 3, 'clf__n_estimators': 500}]","[0.13458400581346772, 0.30430404546722756, 0.11836412417209255, 0.20071951790724332, 0.14197813303386123]",0.141978133,25.4,2.727636339,24.4,7.863841301,96.2,7.573638492,13.4,2.870540019,0.791595194,0.042433552,0.762853774,0.040480964,0.726381621,0.030357314,0.654925776,0.072412692,0.654925776,0.072412692,0.797837466,0.06463205,0.574697592,0.044275584,0.424488697,0.061748062,0.179989965,0.0681
mycobacterium_pyrazinamide_resfinder+pointfinder_train,Decision Tree,214,"[{'clf__max_depth': 3, 'clf__min_samples_leaf': 2, 'clf__min_samples_split': 2}, {'clf__max_depth': None, 'clf__min_samples_leaf': 2, 'clf__min_samples_split': 20}, {'clf__max_depth': 10, 'clf__min_samples_leaf': 1, 'clf__min_samples_split': 20}, {'clf__max_depth': 5, 'clf__min_samples_leaf': 1, 'clf__min_samples_split': 2}, {'clf__max_depth': 3, 'clf__min_samples_leaf': 5, 'clf__min_samples_split': 2}]","[0.6703539135568476, 0.3297945205479452, 0.6075471698113207, 0.7227833894500557, 0.6098484848484849]",0.609848485,27.4,4.317406629,32,9.736529156,88.6,9.645724441,11.4,3.979949748,0.765654976,0.040258501,0.727767296,0.044321481,0.719993838,0.034160004,0.705263158,0.106113044,0.705263158,0.106113044,0.734724518,0.080781858,0.55799497,0.04814931,0.397789186,0.066564958,0.588065496,0.135998695
mycobacterium_pyrazinamide_resfinder+pointfinder_train,KNN,214,"[{'clf__n_neighbors': 3, 'clf__p': 1, 'clf__weights': 'distance'}, {'clf__n_neighbors': 3, 'clf__p': 1, 'clf__weights': 'distance'}, {'clf__n_neighbors': 7, 'clf__p': 1, 'clf__weights': 'distance'}, {'clf__n_neighbors': 3, 'clf__p': 1, 'clf__weights': 'distance'}, {'clf__n_neighbors': 3, 'clf__p': 1, 'clf__weights': 'distance'}]","[0.4, 0.35714285714285715, 0.28915662650602414, 0.3636363636363637, 0.25]",0.357142857,20.2,4.118252056,19.6,3.979949748,101,4,18.6,3.878143886,0.732937202,0.033595958,0.760424528,0.026905066,0.678726174,0.046962908,0.519973009,0.103088015,0.519973009,0.103088015,0.837479339,0.03292865,0.51008302,0.069040912,0.354884978,0.081784319,0.331987169,0.054436342
mycobacterium_pyrazinamide_resfinder+pointfinder+cdhit_train,RBF SVM,217,"[{'clf__C': 1, 'clf__gamma': 0.1}, {'clf__C': 1, 'clf__gamma': 1}, {'clf__C': 1, 'clf__gamma': 'scale'}, {'clf__C': 1, 'clf__gamma': 0.1}, {'clf__C': 1, 'clf__gamma': 'scale'}]","[0.2696592314852678, 0.28140376258797334, 0.3298037087623373, 0.3284154970065797, 0.2670867980531301]",0.281403763,27.4,3.2,21.8,3.487119155,98.8,3.310589071,11.4,2.870540019,0.836406734,0.039464771,0.791690252,0.025783019,0.762408405,0.038821964,0.705533063,0.077107056,0.705533063,0.077107056,0.819283747,0.02857335,0.621630834,0.051744339,0.488535963,0.069696404,0.2952738,0.028048807
mycobacterium_pyrazinamide_resfinder+pointfinder+cdhit_train,LogReg (L2),217,"[{'clf__C': 0.1}, {'clf__C': 10}, {'clf__C': 1}, {'clf__C': 0.1}, {'clf__C': 1}]","[0.45372756683364107, 0.5101403164717155, 0.31941364512687315, 0.5080165657244241, 0.37823426083846595]",0.453727567,27.8,1.720465053,25.4,7.031358332,95.2,6.794115101,11,1.673320053,0.808177543,0.036080008,0.771643082,0.040238454,0.752984185,0.027553623,0.716464238,0.043008242,0.716464238,0.043008242,0.789504132,0.057787214,0.606723745,0.043079562,0.464934606,0.061567619,0.433906471,0.074705801
mycobacterium_pyrazinamide_resfinder+pointfinder+cdhit_train,Linear SVM,217,"[{'clf__C': 0.01}, {'clf__C': 0.1}, {'clf__C': 0.1}, {'clf__C': 0.01}, {'clf__C': 0.1}]","[-0.09663160066723045, -0.4105784986137338, -0.2671309387503788, 0.024206331178715096, -0.22283245282348124]",-0.222832453,29.2,2.925747768,29.8,8.588364221,90.8,8.158431222,9.6,2.653299832,0.822384444,0.035851609,0.752893082,0.047567003,0.752623019,0.036302851,0.752091768,0.070333053,0.752091768,0.070333053,0.75315427,0.070407214,0.599713046,0.053433203,0.454969331,0.076104455,-0.194593432,0.148444291
mycobacterium_pyrazinamide_resfinder+pointfinder+cdhit_train,Extra Trees,217,"[{'clf__max_depth': 5, 'clf__min_samples_leaf': 1, 'clf__min_samples_split': 10, 'clf__n_estimators': 200}, {'clf__max_depth': 20, 'clf__min_samples_leaf': 2, 'clf__min_samples_split': 5, 'clf__n_estimators': 200}, {'clf__max_depth': 20, 'clf__min_samples_leaf': 1, 'clf__min_samples_split': 10, 'clf__n_estimators': 500}, {'clf__max_depth': 10, 'clf__min_samples_leaf': 2, 'clf__min_samples_split': 2, 'clf__n_estimators': 200}, {'clf__max_depth': 10, 'clf__min_samples_leaf': 1, 'clf__min_samples_split': 10, 'clf__n_estimators': 500}]","[0.42840236968666523, 0.5007377430654388, 0.3948300994718014, 0.46167153957035917, 0.3462742994678284]",0.42840237,29.2,3.867815921,30.4,8.014985964,90.2,8.133879763,9.6,3.498571137,0.83299333,0.047767333,0.749009434,0.049517428,0.749775962,0.04984346,0.75168691,0.093673164,0.75168691,0.093673164,0.747865014,0.066935998,0.594228755,0.065064204,0.447222938,0.091261466,0.42638321,0.053274715
mycobacterium_pyrazinamide_resfinder+pointfinder+cdhit_train,LogReg (L1),217,"[{'clf__C': 1}, {'clf__C': 1}, {'clf__C': 1}, {'clf__C': 1}, {'clf__C': 0.1}]","[0.3155828311710647, 0.2915205474875546, 0.36284644966787355, 0.34153731480061056, 0.5102894747327679]",0.341537315,31,2.449489743,36.2,5.114684741,84.4,4.841487375,7.8,2.13541565,0.825510367,0.053279035,0.723962264,0.033736315,0.749223325,0.034251625,0.79851552,0.057012713,0.79851552,0.057012713,0.699931129,0.041797634,0.585456094,0.042190278,0.43474332,0.062728826,0.364355324,0.076815852
mycobacterium_pyrazinamide_resfinder+pointfinder+cdhit_train,BernoulliNB,217,"[{'clf__alpha': 0.1, 'clf__binarize': None}, {'clf__alpha': 0.1, 'clf__binarize': None}, {'clf__alpha': 0.01, 'clf__binarize': None}, {'clf__alpha': 0.01, 'clf__binarize': None}, {'clf__alpha': 0.01, 'clf__binarize': None}]","[0.02388252194584358, 0.06617369545322944, 0.7171787802679702, 0.503532782470439, 0.14136611093692333]",0.141366111,25.4,4.270831301,19,8.438009244,101.6,8.236504113,13.4,3.979949748,0.826241556,0.040720643,0.796808176,0.037355115,0.748210956,0.035036964,0.653846154,0.105720657,0.653846154,0.105720657,0.842575758,0.069590539,0.610063111,0.047493402,0.484765119,0.063643729,0.290426778,0.272428269
mycobacterium_pyrazinamide_resfinder+pointfinder+cdhit_train,AdaBoost,217,"[{'clf__learning_rate': 1.0, 'clf__n_estimators': 500}, {'clf__learning_rate': 1.0, 'clf__n_estimators': 500}, {'clf__learning_rate': 1.0, 'clf__n_estimators': 500}, {'clf__learning_rate': 1.0, 'clf__n_estimators': 500}, {'clf__learning_rate': 1.0, 'clf__n_estimators': 500}]","[0.471011872711645, 0.46282775419652916, 0.477258365533595, 0.4591031278757982, 0.4761826743381311]",0.471011873,29.4,5.607138308,32,5.966573556,88.6,5.851495535,9.4,5.314132102,0.820137341,0.05080685,0.740283019,0.026122055,0.745695453,0.05452458,0.756680162,0.1395777,0.756680162,0.1395777,0.734710744,0.049159565,0.582369657,0.06058244,0.435885266,0.088459001,0.469276759,0.007204176
mycobacterium_pyrazinamide_resfinder+pointfinder+cdhit_train,Balanced Random Forest,217,"[{'clf__max_depth': 5, 'clf__min_samples_leaf': 1, 'clf__min_samples_split': 5, 'clf__n_estimators': 500}, {'clf__max_depth': None, 'clf__min_samples_leaf': 1, 'clf__min_samples_split': 5, 'clf__n_estimators': 200}, {'clf__max_depth': 20, 'clf__min_samples_leaf': 1, 'clf__min_samples_split': 10, 'clf__n_estimators': 500}, {'clf__max_depth': 10, 'clf__min_samples_leaf': 1, 'clf__min_samples_split': 10, 'clf__n_estimators': 200}, {'clf__max_depth': 20, 'clf__min_samples_leaf': 1, 'clf__min_samples_split': 10, 'clf__n_estimators': 500}]","[0.4330281899134196, 0.35711823112341123, 0.4468346608680326, 0.43621324337905926, 0.4519937879046593]",0.436213243,28.4,3.382306905,29.2,4.955804677,91.4,4.498888752,10.4,3.072458299,0.828320972,0.040153753,0.751627358,0.035016412,0.744669672,0.044306793,0.731309042,0.081855723,0.731309042,0.081855723,0.758030303,0.04021481,0.588829864,0.056339661,0.438708511,0.079812943,0.425037623,0.034651214
mycobacterium_pyrazinamide_resfinder+pointfinder+cdhit_train,Random Forest,217,"[{'clf__max_depth': 5, 'clf__min_samples_leaf': 2, 'clf__min_samples_split': 10, 'clf__n_estimators': 200}, {'clf__max_depth': 20, 'clf__min_samples_leaf': 1, 'clf__min_samples_split': 10, 'clf__n_estimators': 500}, {'clf__max_depth': None, 'clf__min_samples_leaf': 2, 'clf__min_samples_split': 2, 'clf__n_estimators': 200}, {'clf__max_depth': 10, 'clf__min_samples_leaf': 2, 'clf__min_samples_split': 5, 'clf__n_estimators': 200}, {'clf__max_depth': None, 'clf__min_samples_leaf': 2, 'clf__min_samples_split': 2, 'clf__n_estimators': 200}]","[0.47353564631897144, 0.26987336272603035, 0.473307833875883, 0.42848380225093835, 0.38609766163387105]",0.428483802,29,5.621387729,31.2,7.730459236,89.4,7.657675888,9.8,5.344155686,0.824076791,0.046203059,0.742822327,0.036332967,0.74387992,0.054699274,0.746423752,0.140161556,0.746423752,0.140161556,0.741336088,0.063789519,0.582209795,0.064768179,0.435705196,0.09051866,0.406259661,0.07552901
mycobacterium_pyrazinamide_resfinder+pointfinder+cdhit_train,SGD Logistic,217,"[{'clf__alpha': 0.01}, {'clf__alpha': 0.01}, {'clf__alpha': 0.01}, {'clf__alpha': 0.01}, {'clf__alpha': 0.001}]","[0.47995874415315976, 0.3539944758762711, 0.46478027659215654, 0.5200405729753874, 0.25237642641562813]",0.464780277,31.4,3.720215048,38.8,11.93984925,81.8,12.0565335,7.4,3.440930107,0.830927679,0.050657412,0.710102201,0.064538883,0.743409398,0.042986709,0.808636977,0.090426007,0.808636977,0.090426007,0.678181818,0.099661367,0.579371785,0.053506695,0.428588061,0.078309159,0.414230099,0.097873769
mycobacterium_pyrazinamide_resfinder+pointfinder+cdhit_train,HistGB,217,"[{'clf__l2_regularization': 1.0, 'clf__learning_rate': 0.1, 'clf__max_depth': 6, 'clf__max_leaf_nodes': 31, 'clf__min_samples_leaf': 10}, {'clf__l2_regularization': 0.0, 'clf__learning_rate': 0.1, 'clf__max_depth': 6, 'clf__max_leaf_nodes': 31, 'clf__min_samples_leaf': 10}, {'clf__l2_regularization': 1.0, 'clf__learning_rate': 0.1, 'clf__max_depth': 6, 'clf__max_leaf_nodes': 31, 'clf__min_samples_leaf': 50}, {'clf__l2_regularization': 1.0, 'clf__learning_rate': 0.05, 'clf__max_depth': 6, 'clf__max_leaf_nodes': 31, 'clf__min_samples_leaf': 50}, {'clf__l2_regularization': 1.0, 'clf__learning_rate': 0.1, 'clf__max_depth': 6, 'clf__max_leaf_nodes': 31, 'clf__min_samples_leaf': 10}]","[0.20171990045302113, 0.2492455896265539, 0.2671488707058472, 0.2567907989458418, 0.12900273993414269]",0.24924559,28.2,5.844655678,29.6,5.083306011,91,5.176871642,10.6,5.462600113,0.806788301,0.049612994,0.747783019,0.037294802,0.7399514,0.067571119,0.72537112,0.145472572,0.72537112,0.145472572,0.75453168,0.042475694,0.578412622,0.086947281,0.428906197,0.115106237,0.22078158,0.05107542
mycobacterium_pyrazinamide_resfinder+pointfinder+cdhit_train,Gradient Boosting,217,"[{'clf__learning_rate': 0.2, 'clf__max_depth': 3, 'clf__n_estimators': 100}, {'clf__learning_rate': 0.2, 'clf__max_depth': 2, 'clf__n_estimators': 500}, {'clf__learning_rate': 0.1, 'clf__max_depth': 3, 'clf__n_estimators': 500}, {'clf__learning_rate': 0.2, 'clf__max_depth': 2, 'clf__n_estimators': 200}, {'clf__learning_rate': 0.2, 'clf__max_depth': 3, 'clf__n_estimators': 500}]","[0.15983792920244952, 0.11256829243890762, 0.0991998660240882, 0.3209442701821151, 0.14050239085619654]",0.140502391,26.2,4.261455151,25.8,8.182909018,94.8,7.756287772,12.6,4.176122604,0.80554602,0.051531257,0.759103774,0.036092232,0.730671139,0.037277866,0.675033738,0.107777845,0.675033738,0.107777845,0.78630854,0.067246773,0.576280822,0.043013135,0.429540284,0.06626291,0.16661055,0.080013958
mycobacterium_pyrazinamide_resfinder+pointfinder+cdhit_train,Decision Tree,217,"[{'clf__max_depth': 3, 'clf__min_samples_leaf': 1, 'clf__min_samples_split': 2}, {'clf__max_depth': None, 'clf__min_samples_leaf': 2, 'clf__min_samples_split': 20}, {'clf__max_depth': 10, 'clf__min_samples_leaf': 1, 'clf__min_samples_split': 20}, {'clf__max_depth': 5, 'clf__min_samples_leaf': 5, 'clf__min_samples_split': 2}, {'clf__max_depth': 3, 'clf__min_samples_leaf': 5, 'clf__min_samples_split': 2}]","[0.6703539135568477, 0.32979452054794517, 0.6075471698113207, 0.5048076923076927, 0.6098484848484849]",0.60754717,27.8,4.166533331,32.6,8.777243303,88,8.717797887,11,3.794733192,0.76563043,0.039372385,0.726509434,0.041958613,0.722622043,0.037046962,0.715519568,0.101799122,0.715519568,0.101799122,0.729724518,0.072844266,0.560053794,0.05110004,0.399256515,0.068829523,0.544470356,0.119798577
mycobacterium_pyrazinamide_resfinder+pointfinder+cdhit_train,KNN,217,"[{'clf__n_neighbors': 3, 'clf__p': 1, 'clf__weights': 'distance'}, {'clf__n_neighbors': 3, 'clf__p': 1, 'clf__weights': 'distance'}, {'clf__n_neighbors': 5, 'clf__p': 1, 'clf__weights': 'distance'}, {'clf__n_neighbors': 3, 'clf__p': 1, 'clf__weights': 'distance'}, {'clf__n_neighbors': 3, 'clf__p': 1, 'clf__weights': 'distance'}]","[0.4, 0.35714285714285715, 0.43502824858757067, 0.3636363636363637, 0.25]",0.363636364,20.2,4.118252056,18,6.870225615,102.6,6.97423831,18.6,3.878143886,0.7337419,0.033511747,0.770487421,0.037333534,0.685337744,0.043778319,0.519973009,0.103088015,0.519973009,0.103088015,0.850702479,0.0569248,0.522622205,0.063267532,0.381454635,0.088018005,0.361161494,0.062199484
mycobacterium_pyrazinamide_resfinder+pointfinder+cdhit+phenotypeseeker_train,LogReg (L1),1217,"[{'clf__C': 0.1}, {'clf__C': 1}, {'clf__C': 1}, {'clf__C': 1}, {'clf__C': 1}]","[0.48794415282686254, 0.42191591739656287, 0.41672538966741823, 0.4963424471780253, 0.38193256886788574]",0.421915917,30,2.449489743,27.6,4.498888752,93,4.147288271,8.8,2.227105745,0.8248924,0.047574332,0.771674528,0.031665097,0.772063969,0.035200337,0.772874494,0.058628552,0.772874494,0.058628552,0.771253444,0.036671199,0.622893934,0.045657719,0.487579322,0.065798244,0.440972095,0.044065761
mycobacterium_pyrazinamide_resfinder+pointfinder+cdhit+phenotypeseeker_train,RBF SVM,1217,"[{'clf__C': 100, 'clf__gamma': 'auto'}, {'clf__C': 100, 'clf__gamma': 'auto'}, {'clf__C': 100, 'clf__gamma': 'scale'}, {'clf__C': 100, 'clf__gamma': 'auto'}, {'clf__C': 1, 'clf__gamma': 0.1}]","[0.28410177743592374, 0.22956362373154474, 0.21550991025654498, 0.2051375555888318, 0.18830333535487714]",0.21550991,28.8,3.249615362,25,6.841052551,95.6,6.887670143,10,3.033150178,0.82968419,0.049884933,0.780377358,0.036372307,0.767260654,0.034507913,0.741835358,0.079566759,0.741835358,0.079566759,0.79268595,0.056604572,0.622966701,0.047963705,0.49017755,0.069566841,0.22452324,0.032692305
mycobacterium_pyrazinamide_resfinder+pointfinder+cdhit+phenotypeseeker_train,AdaBoost,1217,"[{'clf__learning_rate': 1.0, 'clf__n_estimators': 200}, {'clf__learning_rate': 1.0, 'clf__n_estimators': 500}, {'clf__learning_rate': 1.0, 'clf__n_estimators': 500}, {'clf__learning_rate': 1.0, 'clf__n_estimators': 500}, {'clf__learning_rate': 1.0, 'clf__n_estimators': 500}]","[0.4453547483719059, 0.4752817074657844, 0.46861631460974773, 0.4630715630702261, 0.4775375808044602]",0.468616315,31,3.224903099,32.4,7.2277244,88.2,7.138627319,7.8,3.18747549,0.825796779,0.051465919,0.747759434,0.043898881,0.765155781,0.043137002,0.798920378,0.081826348,0.798920378,0.081826348,0.731391185,0.059598601,0.607735772,0.053652817,0.468501125,0.078723664,0.465972383,0.011497037
mycobacterium_pyrazinamide_resfinder+pointfinder+cdhit+phenotypeseeker_train,HistGB,1217,"[{'clf__l2_regularization': 0.0, 'clf__learning_rate': 0.1, 'clf__max_depth': 3, 'clf__max_leaf_nodes': 31, 'clf__min_samples_leaf': 10}, {'clf__l2_regularization': 0.0, 'clf__learning_rate': 0.1, 'clf__max_depth': 3, 'clf__max_leaf_nodes': 31, 'clf__min_samples_leaf': 10}, {'clf__l2_regularization': 0.0, 'clf__learning_rate': 0.1, 'clf__max_depth': 6, 'clf__max_leaf_nodes': 31, 'clf__min_samples_leaf': 50}, {'clf__l2_regularization': 0.0, 'clf__learning_rate': 0.1, 'clf__max_depth': 3, 'clf__max_leaf_nodes': 31, 'clf__min_samples_leaf': 10}, {'clf__l2_regularization': 0.0, 'clf__learning_rate': 0.05, 'clf__max_depth': 6, 'clf__max_leaf_nodes': 31, 'clf__min_samples_leaf': 10}]","[0.1939419679619924, 0.21531996451728241, 0.3364186171292156, 0.28721970863309276, 0.2307868343753332]",0.230786834,28.4,4.223742416,26,3.521363372,94.6,3.072458299,10.4,3.878143886,0.823954395,0.050821458,0.77163522,0.030491285,0.757778521,0.051773901,0.731039136,0.103372057,0.731039136,0.103372057,0.784517906,0.028447258,0.607156626,0.064680591,0.467247595,0.089632005,0.252737419,0.052019939
mycobacterium_pyrazinamide_resfinder+pointfinder+cdhit+phenotypeseeker_train,Linear SVM,1217,"[{'clf__C': 0.01}, {'clf__C': 0.1}, {'clf__C': 0.1}, {'clf__C': 0.1}, {'clf__C': 0.1}]","[-0.03158702012241172, -0.035539146238116895, -0.048422186073705555, -0.08996595116957386, -0.1987973305625008]",-0.048422186,27.2,3.310589071,23.6,1.624807681,97,1.673320053,11.6,3.136877428,0.827134113,0.043451424,0.779166667,0.02001417,0.752493029,0.039934644,0.700674764,0.081952672,0.700674764,0.081952672,0.804311295,0.013517836,0.605277026,0.049223311,0.464835114,0.066525348,-0.080862327,0.06249184
mycobacterium_pyrazinamide_resfinder+pointfinder+cdhit+phenotypeseeker_train,LogReg (L2),1217,"[{'clf__C': 0.1}, {'clf__C': 1}, {'clf__C': 1}, {'clf__C': 1}, {'clf__C': 1}]","[0.482833661480805, 0.5022987655029274, 0.4760700666427726, 0.47924895604411416, 0.4099750559228314]",0.479248956,27,3.224903099,23.2,2.638181192,97.4,2.576819745,11.8,3.059411708,0.828424584,0.042068407,0.780408805,0.028996527,0.751595593,0.044579846,0.695546559,0.079882919,0.695546559,0.079882919,0.807644628,0.02178034,0.605623277,0.057747507,0.464975596,0.079201385,0.470085301,0.031411016
mycobacterium_pyrazinamide_resfinder+pointfinder+cdhit+phenotypeseeker_train,SGD Logistic,1217,"[{'clf__alpha': 0.01}, {'clf__alpha': 0.01}, {'clf__alpha': 0.01}, {'clf__alpha': 0.01}, {'clf__alpha': 0.0001}]","[0.6829856159810367, 0.18168940389530602, 0.32518667282447006, 0.6437061945122129, 1.0625181992835784e-22]",0.325186673,29.2,4.445222154,30.4,7.2277244,90.2,7.082372484,9.6,4.317406629,0.832302599,0.051261471,0.749064465,0.036174718,0.750114738,0.045023399,0.752226721,0.111646319,0.752226721,0.111646319,0.748002755,0.059552003,0.592221373,0.053498579,0.44764813,0.077232582,0.366713577,0.263510982
mycobacterium_pyrazinamide_resfinder+pointfinder+cdhit+phenotypeseeker_train,Gradient Boosting,1217,"[{'clf__learning_rate': 0.2, 'clf__max_depth': 3, 'clf__n_estimators': 200}, {'clf__learning_rate': 0.2, 'clf__max_depth': 3, 'clf__n_estimators': 200}, {'clf__learning_rate': 0.2, 'clf__max_depth': 3, 'clf__n_estimators': 200}, {'clf__learning_rate': 0.2, 'clf__max_depth': 2, 'clf__n_estimators': 200}, {'clf__learning_rate': 0.1, 'clf__max_depth': 3, 'clf__n_estimators': 200}]","[0.11991252834515173, 0.2661038879592568, 0.12563496422731765, 0.2446161605727575, 0.13499143064272004]",0.134991431,27,2.28035085,24,7.509993342,96.6,7.310266753,11.8,2.13541565,0.824447065,0.02846017,0.775400943,0.044911964,0.74839172,0.035617131,0.695681511,0.055841752,0.695681511,0.055841752,0.801101928,0.061956667,0.604153496,0.054289913,0.462915314,0.078930481,0.178251794,0.063506975
mycobacterium_pyrazinamide_resfinder+pointfinder+cdhit+phenotypeseeker_train,Balanced Random Forest,1217,"[{'clf__max_depth': None, 'clf__min_samples_leaf': 5, 'clf__min_samples_split': 2, 'clf__n_estimators': 200}, {'clf__max_depth': None, 'clf__min_samples_leaf': 1, 'clf__min_samples_split': 10, 'clf__n_estimators': 500}, {'clf__max_depth': 20, 'clf__min_samples_leaf': 1, 'clf__min_samples_split': 10, 'clf__n_estimators': 500}, {'clf__max_depth': None, 'clf__min_samples_leaf': 1, 'clf__min_samples_split': 10, 'clf__n_estimators': 500}, {'clf__max_depth': 20, 'clf__min_samples_leaf': 1, 'clf__min_samples_split': 5, 'clf__n_estimators': 500}]","[0.4468091870145298, 0.4312274114774115, 0.41866111111111115, 0.388862337662338, 0.4378093991663652]",0.431227411,28.8,4.261455151,30.4,4.317406629,90.2,3.919183588,10,4.147288271,0.826881717,0.040028931,0.746572327,0.033913124,0.745007194,0.053528915,0.74197031,0.107167792,0.74197031,0.107167792,0.748044077,0.034954477,0.585928138,0.0627728,0.436106154,0.091794655,0.424673889,0.020120052
mycobacterium_pyrazinamide_resfinder+pointfinder+cdhit+phenotypeseeker_train,Random Forest,1217,"[{'clf__max_depth': None, 'clf__min_samples_leaf': 2, 'clf__min_samples_split': 2, 'clf__n_estimators': 500}, {'clf__max_depth': None, 'clf__min_samples_leaf': 1, 'clf__min_samples_split': 10, 'clf__n_estimators': 500}, {'clf__max_depth': 20, 'clf__min_samples_leaf': 1, 'clf__min_samples_split': 10, 'clf__n_estimators': 500}, {'clf__max_depth': 5, 'clf__min_samples_leaf': 2, 'clf__min_samples_split': 10, 'clf__n_estimators': 500}, {'clf__max_depth': None, 'clf__min_samples_leaf': 1, 'clf__min_samples_split': 10, 'clf__n_estimators': 500}]","[0.38320873222784985, 0.3742176384589144, 0.37934269025851286, 0.3772469263104687, 0.4303470021681303]",0.37934269,28.2,3.370459909,28.6,5.817215829,92,5.366563146,10.6,3.261901286,0.825422545,0.034592923,0.754103774,0.035869469,0.744807999,0.042182797,0.726585695,0.084392861,0.726585695,0.084392861,0.763030303,0.047432773,0.589932312,0.050805414,0.441368883,0.075427351,0.388872598,0.020942535
mycobacterium_pyrazinamide_resfinder+pointfinder+cdhit+phenotypeseeker_train,Extra Trees,1217,"[{'clf__max_depth': None, 'clf__min_samples_leaf': 5, 'clf__min_samples_split': 2, 'clf__n_estimators': 200}, {'clf__max_depth': 10, 'clf__min_samples_leaf': 1, 'clf__min_samples_split': 5, 'clf__n_estimators': 200}, {'clf__max_depth': 20, 'clf__min_samples_leaf': 1, 'clf__min_samples_split': 10, 'clf__n_estimators': 500}, {'clf__max_depth': 10, 'clf__min_samples_leaf': 1, 'clf__min_samples_split': 5, 'clf__n_estimators': 500}, {'clf__max_depth': None, 'clf__min_samples_leaf': 1, 'clf__min_samples_split': 10, 'clf__n_estimators': 200}]","[0.4638308427012059, 0.43780541625981717, 0.3697911483587167, 0.3536070368414783, 0.4291475715359108]",0.429147572,27.8,3.42928564,27.6,4.630334761,93,4.38178046,11,3.346640106,0.829818687,0.036248418,0.757853774,0.038114505,0.74377759,0.049843339,0.716329285,0.086354587,0.716329285,0.086354587,0.771225895,0.037895674,0.589946912,0.062462692,0.440584101,0.089566386,0.410836403,0.042026065
mycobacterium_pyrazinamide_resfinder+pointfinder+cdhit+phenotypeseeker_train,Decision Tree,1217,"[{'clf__max_depth': 3, 'clf__min_samples_leaf': 10, 'clf__min_samples_split': 2}, {'clf__max_depth': 10, 'clf__min_samples_leaf': 2, 'clf__min_samples_split': 5}, {'clf__max_depth': 10, 'clf__min_samples_leaf': 1, 'clf__min_samples_split': 20}, {'clf__max_depth': 10, 'clf__min_samples_leaf': 1, 'clf__min_samples_split': 20}, {'clf__max_depth': 5, 'clf__min_samples_leaf': 1, 'clf__min_samples_split': 5}]","[0.6336184061151904, 0.5103011093502378, 0.6493594066082267, 0.6989869753979739, 0.5078864353312302]",0.633618406,26.8,3.969886648,26,7.071067812,94.6,6.770524352,12,3.741657387,0.791573938,0.034488548,0.76163522,0.032214253,0.737353838,0.035888319,0.690148448,0.098316031,0.690148448,0.098316031,0.784559229,0.058081537,0.584067502,0.043681823,0.437067954,0.060960511,0.600030467,0.077324983
mycobacterium_pyrazinamide_resfinder+pointfinder+cdhit+phenotypeseeker_train,KNN,1217,"[{'clf__n_neighbors': 1, 'clf__p': 1, 'clf__weights': 'uniform'}, {'clf__n_neighbors': 7, 'clf__p': 1, 'clf__weights': 'distance'}, {'clf__n_neighbors': 3, 'clf__p': 1, 'clf__weights': 'distance'}, {'clf__n_neighbors': 3, 'clf__p': 1, 'clf__weights': 'distance'}, {'clf__n_neighbors': 1, 'clf__p': 1, 'clf__weights': 'uniform'}]","[1.0, 0.14634146341463414, 0.2777777777777778, 0.35, 1.0]",0.35,24.4,2.059126028,49.2,18.64832432,71.4,18.44559568,14.4,2.244994432,0.655097311,0.075494846,0.601022013,0.11103791,0.610725037,0.068681257,0.629149798,0.055899775,0.629149798,0.055899775,0.592300275,0.15437713,0.446548492,0.082500298,0.204087123,0.142069819,0.554823848,0.369304429
mycobacterium_pyrazinamide_resfinder+pointfinder+cdhit+phenotypeseeker_train,BernoulliNB,1217,"[{'clf__alpha': 10.0, 'clf__binarize': None}, {'clf__alpha': 10.0, 'clf__binarize': None}, {'clf__alpha': 10.0, 'clf__binarize': None}, {'clf__alpha': 10.0, 'clf__binarize': None}, {'clf__alpha': 10.0, 'clf__binarize': None}]","[2.4286698285863208e-105, 2.912888940700071e-83, 7.398597368149683e-97, 2.0744008193567587e-100, 8.824098761910413e-86]",7.40E-97,34.6,5.083306011,86.8,41.65285104,33.8,41.6,4.2,5.230678732,0.765940942,0.0344129,0.428954403,0.228895969,0.586360458,0.105844212,0.892307692,0.134119967,0.892307692,0.134119967,0.280413223,0.344947986,0.454945307,0.079203978,0.152153307,0.18669697,5.84E-84,1.16E-83
mycobacterium_pyrazinamide_resfinder+pointfinder+phenotypeseeker_train,LogReg (L1),1214,"[{'clf__C': 0.1}, {'clf__C': 1}, {'clf__C': 1}, {'clf__C': 1}, {'clf__C': 1}]","[0.48800313613423, 0.42196098280237554, 0.4171803756604774, 0.4959568921288275, 0.381834337633847]",0.421960983,30,2.449489743,27.6,4.498888752,93,4.147288271,8.8,2.227105745,0.824935897,0.047522712,0.771674528,0.031665097,0.772063969,0.035200337,0.772874494,0.058628552,0.772874494,0.058628552,0.771253444,0.036671199,0.622893934,0.045657719,0.487579322,0.065798244,0.440987145,0.043954495
mycobacterium_pyrazinamide_resfinder+pointfinder+phenotypeseeker_train,AdaBoost,1214,"[{'clf__learning_rate': 1.0, 'clf__n_estimators': 200}, {'clf__learning_rate': 1.0, 'clf__n_estimators': 500}, {'clf__learning_rate': 1.0, 'clf__n_estimators': 500}, {'clf__learning_rate': 1.0, 'clf__n_estimators': 500}, {'clf__learning_rate': 1.0, 'clf__n_estimators': 500}]","[0.4453547483719059, 0.4752817074657844, 0.46861631460974773, 0.463071563070226, 0.4775375808044602]",0.468616315,31,3.224903099,32.4,7.2277244,88.2,7.138627319,7.8,3.18747549,0.825925337,0.051538805,0.747759434,0.043898881,0.765155781,0.043137002,0.798920378,0.081826348,0.798920378,0.081826348,0.731391185,0.059598601,0.607735772,0.053652817,0.468501125,0.078723664,0.465972383,0.011497037
mycobacterium_pyrazinamide_resfinder+pointfinder+phenotypeseeker_train,RBF SVM,1214,"[{'clf__C': 100, 'clf__gamma': 'auto'}, {'clf__C': 100, 'clf__gamma': 'auto'}, {'clf__C': 100, 'clf__gamma': 'scale'}, {'clf__C': 100, 'clf__gamma': 'auto'}, {'clf__C': 1, 'clf__gamma': 0.1}]","[0.1419384172750354, 0.22574621455164487, 0.22731692125856523, 0.22494460600780714, 0.18819639916925376]",0.224944606,29.2,3.12409987,28.4,6.086049622,92.2,5.741080038,9.6,2.870540019,0.830930115,0.048272728,0.761658805,0.030331648,0.758373708,0.030359642,0.752091768,0.075734358,0.752091768,0.075734358,0.764655647,0.04981211,0.605905852,0.038969617,0.464756416,0.055836257,0.201628512,0.03325215
mycobacterium_pyrazinamide_resfinder+pointfinder+phenotypeseeker_train,HistGB,1214,"[{'clf__l2_regularization': 0.0, 'clf__learning_rate': 0.1, 'clf__max_depth': 3, 'clf__max_leaf_nodes': 31, 'clf__min_samples_leaf': 10}, {'clf__l2_regularization': 0.0, 'clf__learning_rate': 0.1, 'clf__max_depth': 3, 'clf__max_leaf_nodes': 31, 'clf__min_samples_leaf': 10}, {'clf__l2_regularization': 0.0, 'clf__learning_rate': 0.1, 'clf__max_depth': 6, 'clf__max_leaf_nodes': 31, 'clf__min_samples_leaf': 50}, {'clf__l2_regularization': 0.0, 'clf__learning_rate': 0.1, 'clf__max_depth': 3, 'clf__max_leaf_nodes': 31, 'clf__min_samples_leaf': 10}, {'clf__l2_regularization': 0.0, 'clf__learning_rate': 0.05, 'clf__max_depth': 6, 'clf__max_leaf_nodes': 31, 'clf__min_samples_leaf': 10}]","[0.1939419679619924, 0.21531996451728241, 0.3364186171292156, 0.28721970863309276, 0.2307868343753332]",0.230786834,28.4,4.223742416,26,3.521363372,94.6,3.072458299,10.4,3.878143886,0.823954395,0.050821458,0.77163522,0.030491285,0.757778521,0.051773901,0.731039136,0.103372057,0.731039136,0.103372057,0.784517906,0.028447258,0.607156626,0.064680591,0.467247595,0.089632005,0.252737419,0.052019939
mycobacterium_pyrazinamide_resfinder+pointfinder+phenotypeseeker_train,Linear SVM,1214,"[{'clf__C': 0.01}, {'clf__C': 0.1}, {'clf__C': 0.1}, {'clf__C': 0.1}, {'clf__C': 0.1}]","[-0.03156304033076106, -0.03555296670938046, -0.04857215255884198, -0.08992428677027031, -0.1988498392520239]",-0.048572153,27.2,3.310589071,23.6,1.624807681,97,1.673320053,11.6,3.136877428,0.827111806,0.043520452,0.779166667,0.02001417,0.752493029,0.039934644,0.700674764,0.081952672,0.700674764,0.081952672,0.804311295,0.013517836,0.605277026,0.049223311,0.464835114,0.066525348,-0.080892457,0.062496689
mycobacterium_pyrazinamide_resfinder+pointfinder+phenotypeseeker_train,LogReg (L2),1214,"[{'clf__C': 0.1}, {'clf__C': 1}, {'clf__C': 1}, {'clf__C': 1}, {'clf__C': 1}]","[0.48279821097008885, 0.502290588734396, 0.4760288372734894, 0.4792749240951639, 0.41003632300812276]",0.479274924,27,3.224903099,23.2,2.638181192,97.4,2.576819745,11.8,3.059411708,0.828509348,0.041973406,0.780408805,0.028996527,0.751595593,0.044579846,0.695546559,0.079882919,0.695546559,0.079882919,0.807644628,0.02178034,0.605623277,0.057747507,0.464975596,0.079201385,0.470085777,0.031382967
mycobacterium_pyrazinamide_resfinder+pointfinder+phenotypeseeker_train,Balanced Random Forest,1214,"[{'clf__max_depth': 10, 'clf__min_samples_leaf': 2, 'clf__min_samples_split': 5, 'clf__n_estimators': 200}, {'clf__max_depth': 20, 'clf__min_samples_leaf': 1, 'clf__min_samples_split': 10, 'clf__n_estimators': 500}, {'clf__max_depth': 20, 'clf__min_samples_leaf': 1, 'clf__min_samples_split': 10, 'clf__n_estimators': 200}, {'clf__max_depth': None, 'clf__min_samples_leaf': 1, 'clf__min_samples_split': 10, 'clf__n_estimators': 200}, {'clf__max_depth': None, 'clf__min_samples_leaf': 1, 'clf__min_samples_split': 10, 'clf__n_estimators': 200}]","[0.3643048209923746, 0.45650990769782934, 0.43617658730158715, 0.38715277777777785, 0.5033829365079365]",0.436176587,29.6,3.006659276,32,6.418722614,88.6,5.953150426,9.2,2.785677655,0.828960827,0.03573758,0.74158805,0.036715301,0.748672695,0.036089152,0.762483131,0.073109034,0.762483131,0.073109034,0.734862259,0.052269096,0.590140581,0.045177118,0.441114126,0.065548218,0.429505406,0.049550981
mycobacterium_pyrazinamide_resfinder+pointfinder+phenotypeseeker_train,Random Forest,1214,"[{'clf__max_depth': None, 'clf__min_samples_leaf': 2, 'clf__min_samples_split': 10, 'clf__n_estimators': 500}, {'clf__max_depth': None, 'clf__min_samples_leaf': 1, 'clf__min_samples_split': 10, 'clf__n_estimators': 200}, {'clf__max_depth': 20, 'clf__min_samples_leaf': 1, 'clf__min_samples_split': 5, 'clf__n_estimators': 200}, {'clf__max_depth': None, 'clf__min_samples_leaf': 1, 'clf__min_samples_split': 10, 'clf__n_estimators': 200}, {'clf__max_depth': None, 'clf__min_samples_leaf': 1, 'clf__min_samples_split': 10, 'clf__n_estimators': 200}]","[0.46365162680472927, 0.35239570435786904, 0.32695809176142604, 0.29943637967532527, 0.3658326230533697]",0.352395704,28.8,4.166533331,29.8,3.18747549,90.8,3.059411708,10,4.049691346,0.823925071,0.034512049,0.750298742,0.026598197,0.747452097,0.049608832,0.74197031,0.10468508,0.74197031,0.10468508,0.752933884,0.026058102,0.588925891,0.056704724,0.440801801,0.082224622,0.361654885,0.055823886
mycobacterium_pyrazinamide_resfinder+pointfinder+phenotypeseeker_train,Extra Trees,1214,"[{'clf__max_depth': None, 'clf__min_samples_leaf': 5, 'clf__min_samples_split': 2, 'clf__n_estimators': 200}, {'clf__max_depth': 10, 'clf__min_samples_leaf': 1, 'clf__min_samples_split': 10, 'clf__n_estimators': 200}, {'clf__max_depth': 20, 'clf__min_samples_leaf': 1, 'clf__min_samples_split': 10, 'clf__n_estimators': 500}, {'clf__max_depth': 10, 'clf__min_samples_leaf': 1, 'clf__min_samples_split': 5, 'clf__n_estimators': 200}, {'clf__max_depth': None, 'clf__min_samples_leaf': 1, 'clf__min_samples_split': 10, 'clf__n_estimators': 500}]","[0.5102436924668137, 0.422192865644439, 0.2727246023553018, 0.36151379694661473, 0.3549027527202709]",0.361513797,28.2,3.867815921,29,6.228964601,91.6,6.118823416,10.6,3.929376541,0.830752548,0.036851498,0.751540881,0.035640283,0.743288665,0.04503534,0.726990553,0.100286887,0.726990553,0.100286887,0.759586777,0.051252227,0.586170315,0.055745481,0.43735022,0.075509607,0.384315542,0.078905209
mycobacterium_pyrazinamide_resfinder+pointfinder+phenotypeseeker_train,Decision Tree,1214,"[{'clf__max_depth': 3, 'clf__min_samples_leaf': 10, 'clf__min_samples_split': 2}, {'clf__max_depth': None, 'clf__min_samples_leaf': 5, 'clf__min_samples_split': 20}, {'clf__max_depth': 10, 'clf__min_samples_leaf': 1, 'clf__min_samples_split': 20}, {'clf__max_depth': 10, 'clf__min_samples_leaf': 1, 'clf__min_samples_split': 20}, {'clf__max_depth': 5, 'clf__min_samples_leaf': 1, 'clf__min_samples_split': 5}]","[0.6336184061151906, 0.4807788317523715, 0.6493594066082266, 0.6918061935101494, 0.5078864353312302]",0.633618406,25.8,2.993325909,24.8,7.304792947,95.8,7.082372484,13,2.75680975,0.798995002,0.037113373,0.762893082,0.032041888,0.729492003,0.020393903,0.664507422,0.073126968,0.664507422,0.073126968,0.794476584,0.060117875,0.577581495,0.030124206,0.428015732,0.042224452,0.592689855,0.082977503
mycobacterium_pyrazinamide_resfinder+pointfinder+phenotypeseeker_train,Gradient Boosting,1214,"[{'clf__learning_rate': 0.1, 'clf__max_depth': 3, 'clf__n_estimators': 200}, {'clf__learning_rate': 0.1, 'clf__max_depth': 3, 'clf__n_estimators': 500}, {'clf__learning_rate': 0.1, 'clf__max_depth': 3, 'clf__n_estimators': 500}, {'clf__learning_rate': 0.1, 'clf__max_depth': 2, 'clf__n_estimators': 500}, {'clf__learning_rate': 0.2, 'clf__max_depth': 3, 'clf__n_estimators': 500}]","[0.18226554488767133, 0.18196192800025496, 0.14608106888123287, 0.35109415921421244, 0.24201633908763107]",0.182265545,24,2.607680962,19.8,6.523802572,100.8,6.177378085,14.8,2.638181192,0.812461745,0.044859087,0.78293239,0.034365872,0.727300722,0.02974833,0.618623482,0.067176662,0.618623482,0.067176662,0.835977961,0.053680402,0.582261566,0.043427176,0.442893606,0.066400917,0.220683808,0.072114981
mycobacterium_pyrazinamide_resfinder+pointfinder+phenotypeseeker_train,SGD Logistic,1214,"[{'clf__alpha': 0.01}, {'clf__alpha': 0.01}, {'clf__alpha': 0.0001}, {'clf__alpha': 0.01}, {'clf__alpha': 0.01}]","[0.6769205676490807, 0.1891542896025867, 2.526858849642497e-07, 0.6488614838997109, 0.07506531114675587]",0.18915429,28,9.695359715,41,41.10960958,79.6,41.3985507,10.8,9.368030743,0.831690646,0.052763817,0.674842767,0.216859419,0.689391514,0.111293573,0.719568151,0.245933265,0.719568151,0.245933265,0.659214876,0.342786058,0.538526849,0.103354365,0.375746101,0.196601972,0.318000381,0.288109568
mycobacterium_pyrazinamide_resfinder+pointfinder+phenotypeseeker_train,KNN,1214,"[{'clf__n_neighbors': 1, 'clf__p': 1, 'clf__weights': 'uniform'}, {'clf__n_neighbors': 7, 'clf__p': 1, 'clf__weights': 'distance'}, {'clf__n_neighbors': 3, 'clf__p': 1, 'clf__weights': 'distance'}, {'clf__n_neighbors': 3, 'clf__p': 1, 'clf__weights': 'distance'}, {'clf__n_neighbors': 1, 'clf__p': 1, 'clf__weights': 'uniform'}]","[1.0, 0.14634146341463414, 0.2777777777777778, 0.35, 1.0]",0.35,24.4,2.059126028,49.2,18.64832432,71.4,18.44559568,14.4,2.244994432,0.655097311,0.075494846,0.601022013,0.11103791,0.610725037,0.068681257,0.629149798,0.055899775,0.629149798,0.055899775,0.592300275,0.15437713,0.446548492,0.082500298,0.204087123,0.142069819,0.554823848,0.369304429
mycobacterium_pyrazinamide_resfinder+pointfinder+phenotypeseeker_train,BernoulliNB,1214,"[{'clf__alpha': 10.0, 'clf__binarize': None}, {'clf__alpha': 10.0, 'clf__binarize': None}, {'clf__alpha': 10.0, 'clf__binarize': None}, {'clf__alpha': 10.0, 'clf__binarize': None}, {'clf__alpha': 10.0, 'clf__binarize': None}]","[2.864635211107843e-105, 3.428429887950107e-83, 8.710354449587462e-97, 2.440048856425742e-100, 1.0410852585010454e-85]",8.71E-97,34.6,5.083306011,86.8,41.65285104,33.8,41.6,4.2,5.230678732,0.765940942,0.0344129,0.428954403,0.228895969,0.586360458,0.105844212,0.892307692,0.134119967,0.892307692,0.134119967,0.280413223,0.344947986,0.454945307,0.079203978,0.152153307,0.18669697,6.88E-84,1.37E-83
